step_arrived;step_collisions;step_duration;step_ended;step_halting;step_inserted;step_loaded;step_meanSpeed;step_meanSpeedRelative;step_meanTravelTime;step_meanWaitingTime;step_running;step_stopped;step_teleports;step_time;step_waiting
0;0;0;0;0;0;1;-1.00;-1.00;-1.00;-1.00;0;0;0;0.00;0
0;0;36;0;8;8;667;0.00;0.00;-1.00;1.00;8;0;0;1.00;0
0;0;0;0;3;11;667;1.34;0.10;-1.00;1.00;11;0;0;2.00;2
0;0;0;0;4;15;667;2.34;0.17;-1.00;1.00;15;0;0;3.00;2
0;0;0;0;6;21;667;3.07;0.22;-1.00;1.14;21;0;0;4.00;0
0;0;0;0;3;24;667;4.49;0.32;-1.00;1.12;24;0;0;5.00;1
0;0;0;0;7;31;667;4.93;0.36;-1.00;1.13;31;0;0;6.00;0
0;0;1;0;6;37;667;5.78;0.42;-1.00;1.11;37;0;0;7.00;1
0;0;0;0;5;42;667;6.71;0.48;-1.00;1.10;42;0;0;8.00;4
0;0;0;0;9;51;667;6.76;0.49;-1.00;1.08;51;0;0;9.00;6
0;0;0;0;7;58;667;7.23;0.52;-1.00;1.16;58;0;0;10.00;5
0;0;1;0;7;65;667;7.62;0.55;-1.00;1.22;65;0;0;11.00;7
0;0;0;0;5;70;667;8.18;0.59;-1.00;1.26;70;0;0;12.00;8
0;0;0;0;4;74;667;8.70;0.63;-1.00;1.27;74;0;0;13.00;7
0;0;1;0;7;81;667;8.53;0.61;-1.00;1.25;81;0;0;14.00;7
0;0;0;0;6;87;667;8.31;0.60;-1.00;1.28;87;0;0;15.00;9
0;0;0;0;13;99;667;7.58;0.55;-1.00;1.36;99;0;0;16.00;7
0;0;1;0;12;104;667;7.68;0.55;-1.00;1.36;104;0;0;17.00;8
0;0;0;0;18;110;667;7.68;0.55;-1.00;1.40;110;0;0;18.00;7
0;0;1;0;23;118;667;7.53;0.54;-1.00;1.47;118;0;0;19.00;4
0;0;0;0;28;127;667;7.24;0.52;-1.00;1.44;127;0;0;20.00;8
0;0;1;0;22;134;667;7.18;0.52;-1.00;1.46;134;0;0;21.00;11
1;0;0;1;28;142;667;7.08;0.51;12.00;1.55;141;0;0;22.00;6
1;0;1;1;29;147;667;7.21;0.52;12.00;1.56;146;0;0;23.00;6
1;0;0;1;31;151;667;7.36;0.53;12.00;1.54;150;0;0;24.00;7
2;0;1;2;38;158;667;7.33;0.53;13.00;1.63;156;0;0;25.00;6
2;0;1;2;34;160;667;7.57;0.55;13.00;1.64;158;0;0;26.00;6
2;0;0;2;42;166;667;7.47;0.54;13.00;1.66;164;0;0;27.00;4
2;0;1;2;46;171;667;7.20;0.52;13.00;1.68;169;0;0;28.00;5
2;0;0;2;52;179;667;6.68;0.48;13.00;1.70;177;0;0;29.00;7
2;0;1;2;56;187;667;6.36;0.46;13.00;1.71;185;0;0;30.00;5
2;0;1;2;64;194;667;6.02;0.43;13.00;1.72;192;0;0;31.00;6
2;0;1;2;70;203;667;5.69;0.41;13.00;1.72;201;0;0;32.00;6
2;0;0;2;78;212;667;5.48;0.39;13.00;1.71;210;0;0;33.00;5
2;0;1;2;80;216;667;5.39;0.39;13.00;1.69;214;0;0;34.00;12
2;0;1;2;99;229;667;5.09;0.37;13.00;1.70;227;0;0;35.00;10
2;0;1;2;100;241;667;4.90;0.35;13.00;1.71;239;0;0;36.00;7
3;0;1;3;107;251;667;4.79;0.34;13.33;1.70;248;0;0;37.00;7
3;0;0;3;114;259;667;4.79;0.34;13.33;1.70;256;0;0;38.00;5
3;0;1;3;115;267;667;4.75;0.34;13.33;1.70;264;0;0;39.00;7
3;0;1;3;120;273;667;4.72;0.34;13.33;1.73;270;0;0;40.00;4
3;0;1;3;129;281;667;4.68;0.34;13.33;1.73;278;0;0;41.00;3
3;0;0;3;136;288;667;4.62;0.33;13.33;1.73;285;0;0;42.00;2
3;0;1;3;144;297;667;4.50;0.32;13.33;1.71;294;0;0;43.00;3
3;0;1;3;135;305;667;4.45;0.32;13.33;1.70;302;0;0;44.00;2
3;0;1;3;126;310;667;4.45;0.32;13.33;1.70;307;0;0;45.00;1
3;0;1;3;124;315;667;4.52;0.33;13.33;1.70;312;0;0;46.00;1
3;0;1;3;125;320;667;4.55;0.33;13.33;1.68;317;0;0;47.00;2
4;0;1;4;133;326;667;4.60;0.33;13.25;1.67;322;0;0;48.00;3
4;0;1;4;139;332;667;4.71;0.34;13.25;1.67;328;0;0;49.00;6
4;0;1;4;145;335;667;4.83;0.35;13.25;1.66;331;0;0;50.00;8
4;0;2;4;157;338;667;4.95;0.36;13.25;1.67;334;0;0;51.00;7
4;0;2;4;169;346;667;4.88;0.35;13.25;1.66;342;0;0;52.00;8
4;0;3;4;178;357;667;4.78;0.34;13.25;1.64;353;0;0;53.00;6
5;0;2;5;177;361;667;4.72;0.34;13.20;1.64;356;0;0;54.00;9
5;0;2;5;183;366;667;4.61;0.33;13.20;1.65;361;0;0;55.00;10
5;0;1;5;191;372;667;4.47;0.32;13.20;1.65;367;0;0;56.00;9
5;0;1;5;195;377;667;4.33;0.31;13.20;1.64;372;0;0;57.00;12
6;0;1;6;200;381;667;4.11;0.30;13.50;1.64;375;0;0;58.00;15
6;0;1;6;210;389;667;3.95;0.28;13.50;1.63;383;0;0;59.00;14
6;0;1;6;222;396;667;3.77;0.27;13.50;1.68;390;0;0;60.00;14
7;0;1;7;240;409;667;3.48;0.25;19.57;1.72;402;0;0;61.00;9
8;0;1;8;238;413;667;3.28;0.24;20.38;1.74;405;0;0;62.00;9
8;0;1;8;252;418;667;3.03;0.22;20.38;1.78;410;0;0;63.00;11
8;0;1;8;265;425;667;2.78;0.20;20.38;1.81;417;0;0;64.00;8
8;0;2;8;278;430;667;2.64;0.19;20.38;1.82;422;0;0;65.00;8
10;0;1;10;293;437;667;2.45;0.18;27.10;1.82;427;0;0;66.00;8
10;0;1;10;283;445;667;2.42;0.17;27.10;1.82;435;0;0;67.00;6
10;0;1;10;265;448;667;2.51;0.18;27.10;1.82;438;0;0;68.00;5
10;0;2;10;265;458;667;2.61;0.19;27.10;1.83;448;0;0;69.00;5
12;0;2;12;265;463;667;2.79;0.20;28.67;1.84;451;0;0;70.00;9
12;0;2;12;270;473;667;2.93;0.21;28.67;1.83;461;0;0;71.00;10
12;0;2;12;266;478;667;3.07;0.22;28.67;1.84;466;0;0;72.00;13
13;0;2;13;271;484;667;3.21;0.23;27.38;1.84;471;0;0;73.00;13
13;0;2;13;275;491;667;3.37;0.24;27.38;1.84;478;0;0;74.00;10
13;0;2;13;282;497;667;3.45;0.25;27.38;1.84;484;0;0;75.00;8
13;0;3;13;293;502;667;3.45;0.25;27.38;1.83;489;0;0;76.00;9
13;0;2;13;298;509;667;3.39;0.24;27.38;1.84;496;0;0;77.00;7
13;0;2;13;296;514;667;3.34;0.24;27.38;1.86;501;0;0;78.00;7
13;0;1;13;298;514;667;3.30;0.24;27.38;1.86;501;0;0;79.00;8
14;0;2;14;310;521;667;3.17;0.23;29.71;1.86;507;0;0;80.00;6
14;0;1;14;318;527;667;3.07;0.22;29.71;1.85;513;0;0;81.00;7
14;0;2;14;328;532;667;2.90;0.21;29.71;1.84;518;0;0;82.00;9
15;0;1;15;332;536;667;2.68;0.19;31.60;1.83;521;0;0;83.00;10
16;0;2;16;344;543;667;2.41;0.17;32.62;1.84;527;0;0;84.00;11
16;0;1;16;362;551;667;2.19;0.16;32.62;1.86;535;0;0;85.00;9
16;0;1;16;380;559;667;2.04;0.15;32.62;1.85;543;0;0;86.00;10
16;0;2;16;397;565;667;1.91;0.14;32.62;1.85;549;0;0;87.00;10
17;0;1;17;410;576;667;1.78;0.13;35.35;1.92;559;0;0;88.00;7
18;0;2;18;422;582;667;1.67;0.12;37.61;1.91;564;0;0;89.00;7
18;0;2;18;409;590;667;1.67;0.12;37.61;1.91;572;0;0;90.00;12
18;0;2;18;396;595;667;1.75;0.13;37.61;1.93;577;0;0;91.00;10
19;0;2;19;387;602;667;1.83;0.13;38.26;1.95;583;0;0;92.00;8
19;0;2;19;372;606;667;2.01;0.14;38.26;1.95;587;0;0;93.00;10
20;0;2;20;362;609;667;2.23;0.16;39.65;1.95;589;0;0;94.00;10
21;0;2;21;360;619;667;2.43;0.17;40.57;1.97;598;0;0;95.00;7
21;0;2;21;353;626;667;2.69;0.19;40.57;1.98;605;0;0;96.00;9
21;0;2;21;351;632;667;2.95;0.21;40.57;1.97;611;0;0;97.00;15
21;0;2;21;355;643;667;3.10;0.22;40.57;1.97;622;0;0;98.00;13
21;0;2;21;352;651;667;3.23;0.23;40.57;1.98;630;0;0;99.00;13
22;0;2;22;349;653;667;3.30;0.24;41.32;1.98;631;0;0;100.00;14
22;0;3;22;352;654;667;3.39;0.24;41.32;1.98;632;0;0;101.00;13
23;0;2;23;358;657;667;3.37;0.24;43.00;2.00;634;0;0;102.00;10
23;0;2;23;363;659;667;3.35;0.24;43.00;2.02;636;0;0;103.00;8
23;0;2;23;374;662;667;3.22;0.23;43.00;2.05;639;0;0;104.00;5
23;0;1;23;386;664;667;2.99;0.22;43.00;2.07;641;0;0;105.00;3
23;0;2;23;394;664;667;2.68;0.19;43.00;2.07;641;0;0;106.00;3
23;0;2;23;413;665;667;2.28;0.16;43.00;2.08;642;0;0;107.00;2
23;0;2;23;429;665;667;1.94;0.14;43.00;2.08;642;0;0;108.00;2
23;0;3;23;461;665;667;1.62;0.12;43.00;2.08;642;0;0;109.00;2
23;0;3;23;481;665;667;1.35;0.10;43.00;2.08;642;0;0;110.00;2
23;0;2;23;481;666;667;1.23;0.09;43.00;2.10;643;0;0;111.00;1
23;0;3;23;474;666;667;1.20;0.09;43.00;2.10;643;0;0;112.00;1
23;0;2;23;468;666;667;1.24;0.09;43.00;2.10;643;0;0;113.00;1
25;0;2;25;462;667;667;1.33;0.10;46.84;2.12;642;0;0;114.00;0
25;0;2;25;455;667;667;1.48;0.11;46.84;2.12;642;0;0;115.00;0
26;0;3;26;450;667;667;1.66;0.12;48.04;2.12;641;0;0;116.00;0
26;0;2;26;445;667;667;1.86;0.13;48.04;2.12;641;0;0;117.00;0
26;0;2;26;439;667;667;2.05;0.15;48.04;2.12;641;0;0;118.00;0
26;0;2;26;433;667;667;2.18;0.16;48.04;2.12;641;0;0;119.00;0
27;0;2;27;434;667;667;2.28;0.16;49.89;2.12;640;0;0;120.00;0
27;0;2;27;435;667;667;2.35;0.17;49.89;2.12;640;0;0;121.00;0
27;0;2;27;440;667;667;2.34;0.17;49.89;2.12;640;0;0;122.00;0
27;0;2;27;444;667;667;2.31;0.17;49.89;2.12;640;0;0;123.00;0
28;0;2;28;445;667;667;2.21;0.16;52.00;2.12;639;0;0;124.00;0
29;0;2;29;446;667;667;2.14;0.15;54.48;2.12;638;0;0;125.00;0
29;0;2;29;453;667;667;2.07;0.15;54.48;2.12;638;0;0;126.00;0
30;0;2;30;460;667;667;1.89;0.14;54.03;2.12;637;0;0;127.00;0
30;0;1;30;470;667;667;1.67;0.12;54.03;2.12;637;0;0;128.00;0
30;0;1;30;488;667;667;1.43;0.10;54.03;2.12;637;0;0;129.00;0
30;0;2;30;506;667;667;1.19;0.09;54.03;2.12;637;0;0;130.00;0
31;0;1;31;513;667;667;0.96;0.07;53.19;2.12;636;0;0;131.00;0
31;0;2;31;535;667;667;0.77;0.06;53.19;2.12;636;0;0;132.00;0
31;0;1;31;553;667;667;0.59;0.04;53.19;2.12;636;0;0;133.00;0
33;0;2;33;539;667;667;0.49;0.03;55.15;2.12;634;0;0;134.00;0
33;0;2;33;525;667;667;0.51;0.04;55.15;2.12;634;0;0;135.00;0
33;0;2;33;519;667;667;0.61;0.04;55.15;2.12;634;0;0;136.00;0
35;0;2;35;501;667;667;0.74;0.05;56.89;2.12;632;0;0;137.00;0
35;0;2;35;487;667;667;0.94;0.07;56.89;2.12;632;0;0;138.00;0
36;0;2;36;477;667;667;1.17;0.08;58.72;2.12;631;0;0;139.00;0
37;0;2;37;472;667;667;1.42;0.10;59.70;2.12;630;0;0;140.00;0
38;0;2;38;464;667;667;1.61;0.12;61.66;2.12;629;0;0;141.00;0
38;0;2;38;458;667;667;1.75;0.13;61.66;2.12;629;0;0;142.00;0
38;0;2;38;459;667;667;1.90;0.14;61.66;2.12;629;0;0;143.00;0
39;0;2;39;458;667;667;1.96;0.14;63.41;2.12;628;0;0;144.00;0
39;0;2;39;456;667;667;2.01;0.14;63.41;2.12;628;0;0;145.00;0
40;0;2;40;454;667;667;2.01;0.14;63.88;2.12;627;0;0;146.00;0
40;0;2;40;460;667;667;1.97;0.14;63.88;2.12;627;0;0;147.00;0
40;0;2;40;460;667;667;1.89;0.14;63.88;2.12;627;0;0;148.00;0
40;0;2;40;466;667;667;1.80;0.13;63.88;2.12;627;0;0;149.00;0
40;0;1;40;473;667;667;1.68;0.12;63.88;2.12;627;0;0;150.00;0
40;0;2;40;480;667;667;1.49;0.11;63.88;2.12;627;0;0;151.00;0
40;0;1;40;491;667;667;1.32;0.09;63.88;2.12;627;0;0;152.00;0
41;0;2;41;510;667;667;1.12;0.08;65.10;2.12;626;0;0;153.00;0
42;0;1;42;521;667;667;0.91;0.07;66.74;2.12;625;0;0;154.00;0
43;0;2;43;533;667;667;0.72;0.05;68.30;2.12;624;0;0;155.00;0
45;0;1;45;550;667;667;0.51;0.04;70.20;2.12;622;0;0;156.00;0
45;0;2;45;532;667;667;0.49;0.04;70.20;2.12;622;0;0;157.00;0
46;0;2;46;518;667;667;0.54;0.04;72.07;2.12;621;0;0;158.00;0
46;0;2;46;506;667;667;0.67;0.05;72.07;2.12;621;0;0;159.00;0
46;0;4;46;497;667;667;0.85;0.06;72.07;2.12;621;0;0;160.00;0
47;0;3;47;487;667;667;1.02;0.07;73.43;2.12;620;0;0;161.00;0
47;0;3;47;482;667;667;1.28;0.09;73.43;2.12;620;0;0;162.00;0
49;0;2;49;477;667;667;1.50;0.11;74.98;2.12;618;0;0;163.00;0
49;0;2;49;476;667;667;1.67;0.12;74.98;2.12;618;0;0;164.00;0
50;0;2;50;478;667;667;1.78;0.13;76.42;2.12;617;0;0;165.00;0
50;0;1;50;479;667;667;1.83;0.13;76.42;2.12;617;0;0;166.00;0
51;0;1;51;484;667;667;1.80;0.13;77.02;2.12;616;0;0;167.00;0
53;0;2;53;482;667;667;1.76;0.13;78.91;2.12;614;0;0;168.00;0
53;0;2;53;484;667;667;1.74;0.12;78.91;2.12;614;0;0;169.00;0
53;0;2;53;489;667;667;1.70;0.12;78.91;2.12;614;0;0;170.00;0
54;0;2;54;488;667;667;1.66;0.12;80.41;2.12;613;0;0;171.00;0
56;0;1;56;494;667;667;1.55;0.11;83.20;2.12;611;0;0;172.00;0
56;0;2;56;497;667;667;1.39;0.10;83.20;2.12;611;0;0;173.00;0
56;0;1;56;499;667;667;1.20;0.09;83.20;2.12;611;0;0;174.00;0
56;0;2;56;506;667;667;1.03;0.07;83.20;2.12;611;0;0;175.00;0
56;0;1;56;518;667;667;0.90;0.07;83.20;2.12;611;0;0;176.00;0
56;0;2;56;526;667;667;0.76;0.06;83.20;2.12;611;0;0;177.00;0
56;0;1;56;538;667;667;0.68;0.05;83.20;2.12;611;0;0;178.00;0
59;0;2;59;547;667;667;0.55;0.04;87.37;2.12;608;0;0;179.00;0
61;0;2;61;520;667;667;0.51;0.04;88.59;2.12;606;0;0;180.00;0
63;0;2;63;503;667;667;0.55;0.04;90.76;2.12;604;0;0;181.00;0
63;0;2;63;487;667;667;0.70;0.05;90.76;2.12;604;0;0;182.00;0
64;0;2;64;475;667;667;0.89;0.06;90.70;2.12;603;0;0;183.00;0
64;0;2;64;463;667;667;1.13;0.08;90.70;2.12;603;0;0;184.00;0
64;0;2;64;455;667;667;1.38;0.10;90.70;2.12;603;0;0;185.00;0
66;0;2;66;445;667;667;1.65;0.12;92.92;2.12;601;0;0;186.00;0
66;0;2;66;438;667;667;1.85;0.13;92.92;2.12;601;0;0;187.00;0
66;0;2;66;436;667;667;1.95;0.14;92.92;2.12;601;0;0;188.00;0
66;0;2;66;436;667;667;2.04;0.15;92.92;2.12;601;0;0;189.00;0
67;0;2;67;438;667;667;2.03;0.15;93.73;2.12;600;0;0;190.00;0
68;0;2;68;437;667;667;2.03;0.15;94.63;2.12;599;0;0;191.00;0
68;0;1;68;439;667;667;2.03;0.15;94.63;2.12;599;0;0;192.00;0
69;0;2;69;442;667;667;1.97;0.14;94.71;2.12;598;0;0;193.00;0
72;0;2;72;441;667;667;1.82;0.13;96.85;2.12;595;0;0;194.00;0
74;0;2;74;444;667;667;1.64;0.12;98.05;2.12;593;0;0;195.00;0
74;0;2;74;454;667;667;1.44;0.10;98.05;2.12;593;0;0;196.00;0
74;0;1;74;465;667;667;1.25;0.09;98.05;2.12;593;0;0;197.00;0
74;0;1;74;478;667;667;1.07;0.08;98.05;2.12;593;0;0;198.00;0
74;0;1;74;492;667;667;0.88;0.06;98.05;2.12;593;0;0;199.00;0
75;0;1;75;501;667;667;0.69;0.05;98.47;2.12;592;0;0;200.00;0
75;0;2;75;494;667;667;0.61;0.04;98.47;2.12;592;0;0;201.00;0
76;0;2;76;481;667;667;0.58;0.04;98.78;2.12;591;0;0;202.00;0
77;0;2;77;471;667;667;0.64;0.05;100.04;2.12;590;0;0;203.00;0
79;0;1;79;465;667;667;0.75;0.05;102.18;2.12;588;0;0;204.00;0
80;0;2;80;461;667;667;0.94;0.07;102.90;2.12;587;0;0;205.00;0
81;0;2;81;454;667;667;1.16;0.08;103.46;2.12;586;0;0;206.00;0
82;0;2;82;445;667;667;1.41;0.10;104.21;2.12;585;0;0;207.00;0
83;0;2;83;438;667;667;1.58;0.11;105.45;2.12;584;0;0;208.00;0
85;0;2;85;434;667;667;1.70;0.12;106.19;2.12;582;0;0;209.00;0
85;0;2;85;430;667;667;1.83;0.13;106.19;2.12;582;0;0;210.00;0
85;0;2;85;426;667;667;1.90;0.14;106.19;2.12;582;0;0;211.00;0
87;0;2;87;424;667;667;1.88;0.14;107.85;2.12;580;0;0;212.00;0
87;0;1;87;424;667;667;1.86;0.13;107.85;2.12;580;0;0;213.00;0
89;0;2;89;423;667;667;1.80;0.13;109.53;2.12;578;0;0;214.00;0
90;0;3;90;429;667;667;1.76;0.13;110.30;2.12;577;0;0;215.00;0
92;0;3;92;433;667;667;1.69;0.12;112.33;2.12;575;0;0;216.00;0
93;0;1;93;436;667;667;1.60;0.11;113.41;2.12;574;0;0;217.00;0
93;0;2;93;444;667;667;1.48;0.11;113.41;2.12;574;0;0;218.00;0
94;0;1;94;450;667;667;1.31;0.09;113.80;2.12;573;0;0;219.00;0
94;0;2;94;463;667;667;1.12;0.08;113.80;2.12;573;0;0;220.00;0
95;0;1;95;472;667;667;0.92;0.07;114.32;2.12;572;0;0;221.00;0
95;0;1;95;482;667;667;0.74;0.05;114.32;2.12;572;0;0;222.00;0
95;0;2;95;496;667;667;0.59;0.04;114.32;2.12;572;0;0;223.00;0
95;0;1;95;485;667;667;0.57;0.04;114.32;2.12;572;0;0;224.00;0
96;0;1;96;470;667;667;0.62;0.04;115.31;2.12;571;0;0;225.00;0
96;0;2;96;455;667;667;0.72;0.05;115.31;2.12;571;0;0;226.00;0
100;0;2;100;446;667;667;0.81;0.06;118.80;2.12;567;0;0;227.00;0
100;0;2;100;435;667;667;0.99;0.07;118.80;2.12;567;0;0;228.00;0
101;0;2;101;431;667;667;1.19;0.09;119.51;2.12;566;0;0;229.00;0
102;0;1;102;423;667;667;1.38;0.10;120.27;2.12;565;0;0;230.00;0
104;0;2;104;421;667;667;1.53;0.11;122.15;2.12;563;0;0;231.00;0
104;0;2;104;425;667;667;1.65;0.12;122.15;2.12;563;0;0;232.00;0
104;0;1;104;421;667;667;1.74;0.13;122.15;2.12;563;0;0;233.00;0
106;0;2;106;416;667;667;1.71;0.12;122.85;2.12;561;0;0;234.00;0
107;0;2;107;418;667;667;1.74;0.13;123.51;2.12;560;0;0;235.00;0
107;0;2;107;413;667;667;1.75;0.13;123.51;2.12;560;0;0;236.00;0
107;0;1;107;418;667;667;1.79;0.13;123.51;2.12;560;0;0;237.00;0
107;0;2;107;423;667;667;1.77;0.13;123.51;2.12;560;0;0;238.00;0
108;0;1;108;422;667;667;1.72;0.12;123.61;2.12;559;0;0;239.00;0
108;0;2;108;427;667;667;1.64;0.12;123.61;2.12;559;0;0;240.00;0
108;0;1;108;437;667;667;1.48;0.11;123.61;2.12;559;0;0;241.00;0
108;0;2;108;446;667;667;1.32;0.10;123.61;2.12;559;0;0;242.00;0
109;0;1;109;454;667;667;1.08;0.08;124.54;2.12;558;0;0;243.00;0
109;0;2;109;463;667;667;0.89;0.06;124.54;2.12;558;0;0;244.00;0
111;0;1;111;473;667;667;0.68;0.05;125.39;2.12;556;0;0;245.00;0
111;0;1;111;487;667;667;0.54;0.04;125.39;2.12;556;0;0;246.00;0
112;0;2;112;476;667;667;0.48;0.03;126.35;2.12;555;0;0;247.00;0
113;0;1;113;469;667;667;0.48;0.03;126.69;2.12;554;0;0;248.00;0
113;0;2;113;457;667;667;0.59;0.04;126.69;2.12;554;0;0;249.00;0
117;0;2;117;445;667;667;0.72;0.05;130.02;2.12;550;0;0;250.00;0
117;0;1;117;433;667;667;0.90;0.06;130.02;2.12;550;0;0;251.00;0
118;0;1;118;430;667;667;1.14;0.08;130.39;2.12;549;0;0;252.00;0
120;0;2;120;429;667;667;1.34;0.10;132.00;2.12;547;0;0;253.00;0
120;0;2;120;430;667;667;1.53;0.11;132.00;2.12;547;0;0;254.00;0
123;0;1;123;433;667;667;1.61;0.12;134.45;2.12;544;0;0;255.00;0
123;0;2;123;435;667;667;1.73;0.12;134.45;2.12;544;0;0;256.00;0
125;0;2;125;435;667;667;1.74;0.13;135.07;2.12;542;0;0;257.00;0
126;0;1;126;434;667;667;1.76;0.13;135.29;2.12;541;0;0;258.00;0
126;0;2;126;435;667;667;1.74;0.13;135.29;2.12;541;0;0;259.00;0
127;0;1;127;435;667;667;1.71;0.12;135.52;2.12;540;0;0;260.00;0
127;0;2;127;436;667;667;1.67;0.12;135.52;2.12;540;0;0;261.00;0
127;0;1;127;433;667;667;1.60;0.11;135.52;2.12;540;0;0;262.00;0
129;0;2;129;437;667;667;1.49;0.11;136.62;2.12;538;0;0;263.00;0
129;0;2;129;439;667;667;1.42;0.10;136.62;2.12;538;0;0;264.00;0
129;0;1;129;441;667;667;1.31;0.09;136.62;2.12;538;0;0;265.00;0
132;0;2;132;447;667;667;1.15;0.08;138.42;2.12;535;0;0;266.00;0
134;0;1;134;456;667;667;0.98;0.07;140.04;2.12;533;0;0;267.00;0
134;0;1;134;467;667;667;0.84;0.06;140.04;2.12;533;0;0;268.00;0
138;0;1;138;474;667;667;0.61;0.04;142.36;2.12;529;0;0;269.00;0
138;0;2;138;461;667;667;0.57;0.04;142.36;2.12;529;0;0;270.00;0
139;0;1;139;451;667;667;0.59;0.04;143.14;2.12;528;0;0;271.00;0
140;0;2;140;437;667;667;0.67;0.05;143.90;2.12;527;0;0;272.00;0
144;0;2;144;428;667;667;0.81;0.06;146.99;2.12;523;0;0;273.00;0
144;0;1;144;416;667;667;1.06;0.08;146.99;2.12;523;0;0;274.00;0
147;0;1;147;403;667;667;1.27;0.09;148.69;2.12;520;0;0;275.00;0
149;0;2;149;395;667;667;1.46;0.10;149.39;2.12;518;0;0;276.00;0
150;0;3;150;382;667;667;1.66;0.12;149.93;2.12;517;0;0;277.00;0
152;0;3;152;373;667;667;1.81;0.13;151.17;2.12;515;0;0;278.00;0
153;0;2;153;372;667;667;1.92;0.14;151.53;2.12;514;0;0;279.00;0
156;0;1;156;372;667;667;1.96;0.14;153.10;2.12;511;0;0;280.00;0
157;0;2;157;367;667;667;2.02;0.15;153.85;2.12;510;0;0;281.00;0
158;0;2;158;364;667;667;2.08;0.15;154.29;2.12;509;0;0;282.00;0
159;0;1;159;366;667;667;2.00;0.14;155.03;2.12;508;0;0;283.00;0
159;0;1;159;361;667;667;1.94;0.14;155.03;2.12;508;0;0;284.00;0
160;0;1;160;367;667;667;1.79;0.13;155.36;2.12;507;0;0;285.00;0
161;0;2;161;370;667;667;1.57;0.11;156.13;2.12;506;0;0;286.00;0
162;0;1;162;380;667;667;1.36;0.10;156.46;2.12;505;0;0;287.00;0
162;0;1;162;391;667;667;1.14;0.08;156.46;2.12;505;0;0;288.00;0
162;0;1;162;400;667;667;0.93;0.07;156.46;2.12;505;0;0;289.00;0
163;0;1;163;413;667;667;0.71;0.05;157.05;2.12;504;0;0;290.00;0
164;0;1;164;401;667;667;0.61;0.04;157.64;2.12;503;0;0;291.00;0
164;0;3;164;387;667;667;0.64;0.05;157.64;2.12;503;0;0;292.00;0
165;0;2;165;387;667;667;0.72;0.05;157.87;2.12;502;0;0;293.00;0
167;0;2;167;377;667;667;0.86;0.06;158.89;2.12;500;0;0;294.00;0
168;0;1;168;373;667;667;1.02;0.07;159.57;2.12;499;0;0;295.00;0
168;0;2;168;369;667;667;1.26;0.09;159.57;2.12;499;0;0;296.00;0
170;0;2;170;364;667;667;1.47;0.11;160.98;2.12;497;0;0;297.00;0
171;0;2;171;363;667;667;1.67;0.12;161.44;2.12;496;0;0;298.00;0
171;0;1;171;361;667;667;1.80;0.13;161.44;2.12;496;0;0;299.00;0
172;0;2;172;360;667;667;1.92;0.14;162.05;2.12;495;0;0;300.00;0
172;0;1;172;362;667;667;2.00;0.14;162.05;2.12;495;0;0;301.00;0
174;0;2;174;362;667;667;2.00;0.14;162.72;2.12;493;0;0;302.00;0
175;0;1;175;360;667;667;1.98;0.14;163.29;2.12;492;0;0;303.00;0
176;0;2;176;361;667;667;2.00;0.14;163.90;2.12;491;0;0;304.00;0
176;0;1;176;363;667;667;1.99;0.14;163.90;2.12;491;0;0;305.00;0
177;0;2;177;366;667;667;1.89;0.14;164.51;2.12;490;0;0;306.00;0
178;0;1;178;370;667;667;1.76;0.13;164.82;2.12;489;0;0;307.00;0
178;0;1;178;376;667;667;1.62;0.12;164.82;2.12;489;0;0;308.00;0
178;0;1;178;384;667;667;1.46;0.11;164.82;2.12;489;0;0;309.00;0
178;0;1;178;393;667;667;1.26;0.09;164.82;2.12;489;0;0;310.00;0
178;0;1;178;400;667;667;1.12;0.08;164.82;2.12;489;0;0;311.00;0
178;0;1;178;407;667;667;0.97;0.07;164.82;2.12;489;0;0;312.00;0
180;0;1;180;421;667;667;0.79;0.06;166.13;2.12;487;0;0;313.00;0
181;0;2;181;406;667;667;0.73;0.05;166.76;2.12;486;0;0;314.00;0
182;0;1;182;394;667;667;0.72;0.05;167.12;2.12;485;0;0;315.00;0
183;0;2;183;381;667;667;0.77;0.06;167.80;2.12;484;0;0;316.00;0
186;0;1;186;376;667;667;0.87;0.06;168.96;2.12;481;0;0;317.00;0
188;0;2;188;365;667;667;1.04;0.07;170.44;2.12;479;0;0;318.00;0
188;0;1;188;364;667;667;1.28;0.09;170.44;2.12;479;0;0;319.00;0
191;0;2;191;359;667;667;1.44;0.10;172.58;2.12;476;0;0;320.00;0
194;0;1;194;356;667;667;1.58;0.11;174.10;2.12;473;0;0;321.00;0
196;0;2;196;353;667;667;1.65;0.12;175.05;2.12;471;0;0;322.00;0
196;0;1;196;354;667;667;1.75;0.13;175.05;2.12;471;0;0;323.00;0
198;0;2;198;355;667;667;1.81;0.13;175.76;2.12;469;0;0;324.00;0
199;0;1;199;355;667;667;1.84;0.13;176.46;2.12;468;0;0;325.00;0
200;0;1;200;358;667;667;1.89;0.14;176.76;2.12;467;0;0;326.00;0
201;0;1;201;357;667;667;1.86;0.13;177.05;2.12;466;0;0;327.00;0
201;0;2;201;361;667;667;1.85;0.13;177.05;2.12;466;0;0;328.00;0
202;0;1;202;362;667;667;1.75;0.13;177.64;2.12;465;0;0;329.00;0
203;0;1;203;365;667;667;1.64;0.12;178.09;2.12;464;0;0;330.00;0
204;0;1;204;370;667;667;1.47;0.11;178.75;2.12;463;0;0;331.00;0
205;0;2;205;378;667;667;1.28;0.09;179.36;2.12;462;0;0;332.00;0
206;0;2;206;384;667;667;1.10;0.08;179.77;2.12;461;0;0;333.00;0
207;0;1;207;397;667;667;0.89;0.06;180.35;2.12;460;0;0;334.00;0
208;0;1;208;399;667;667;0.73;0.05;180.88;2.12;459;0;0;335.00;0
210;0;2;210;405;667;667;0.59;0.04;181.87;2.12;457;0;0;336.00;0
213;0;1;213;396;667;667;0.50;0.04;183.43;2.12;454;0;0;337.00;0
216;0;1;216;386;667;667;0.50;0.04;184.50;2.12;451;0;0;338.00;0
216;0;2;216;381;667;667;0.61;0.04;184.50;2.12;451;0;0;339.00;0
219;0;1;219;375;667;667;0.75;0.05;185.85;2.12;448;0;0;340.00;0
219;0;2;219;370;667;667;0.89;0.06;185.85;2.12;448;0;0;341.00;0
221;0;1;221;364;667;667;1.02;0.07;187.02;2.12;446;0;0;342.00;0
221;0;2;221;361;667;667;1.15;0.08;187.02;2.12;446;0;0;343.00;0
221;0;1;221;362;667;667;1.24;0.09;187.02;2.12;446;0;0;344.00;0
222;0;2;222;362;667;667;1.33;0.10;187.39;2.12;445;0;0;345.00;0
223;0;1;223;362;667;667;1.41;0.10;187.65;2.12;444;0;0;346.00;0
225;0;1;225;361;667;667;1.38;0.10;188.52;2.12;442;0;0;347.00;0
225;0;2;225;358;667;667;1.36;0.10;188.52;2.12;442;0;0;348.00;0
226;0;1;226;349;667;667;1.30;0.09;189.16;2.12;441;0;0;349.00;0
229;0;1;229;348;667;667;1.21;0.09;190.24;2.12;438;0;0;350.00;0
229;0;1;229;350;667;667;1.18;0.08;190.24;2.12;438;0;0;351.00;0
229;0;1;229;355;667;667;1.14;0.08;190.24;2.12;438;0;0;352.00;0
230;0;2;230;360;667;667;1.07;0.08;190.86;2.12;437;0;0;353.00;0
231;0;1;231;363;667;667;0.95;0.07;191.32;2.12;436;0;0;354.00;0
232;0;1;232;364;667;667;0.82;0.06;191.93;2.12;435;0;0;355.00;0
232;0;1;232;372;667;667;0.72;0.05;191.93;2.12;435;0;0;356.00;0
234;0;1;234;377;667;667;0.57;0.04;193.08;2.12;433;0;0;357.00;0
235;0;1;235;385;667;667;0.41;0.03;193.66;2.12;432;0;0;358.00;0
236;0;1;236;390;667;667;0.28;0.02;194.28;2.12;431;0;0;359.00;0
236;0;2;236;371;667;667;0.36;0.03;194.28;2.12;431;0;0;360.00;0
236;0;1;236;350;667;667;0.49;0.04;194.28;2.12;431;0;0;361.00;0
236;0;1;236;335;667;667;0.68;0.05;194.28;2.12;431;0;0;362.00;0
239;0;1;239;322;667;667;0.94;0.07;195.72;2.12;428;0;0;363.00;0
239;0;2;239;306;667;667;1.26;0.09;195.72;2.12;428;0;0;364.00;0
240;0;1;240;297;667;667;1.63;0.12;196.24;2.12;427;0;0;365.00;0
244;0;1;244;287;667;667;1.90;0.14;198.37;2.12;423;0;0;366.00;0
246;0;2;246;282;667;667;2.16;0.16;199.50;2.12;421;0;0;367.00;0
247;0;1;247;281;667;667;2.38;0.17;200.07;2.12;420;0;0;368.00;0
248;0;2;248;279;667;667;2.52;0.18;200.60;2.12;419;0;0;369.00;0
249;0;1;249;275;667;667;2.57;0.18;201.25;2.12;418;0;0;370.00;0
250;0;1;250;275;667;667;2.62;0.19;201.58;2.12;417;0;0;371.00;0
253;0;1;253;273;667;667;2.66;0.19;203.04;2.12;414;0;0;372.00;0
253;0;1;253;273;667;667;2.72;0.20;203.04;2.12;414;0;0;373.00;0
258;0;2;258;274;667;667;2.55;0.18;205.16;2.12;409;0;0;374.00;0
259;0;1;259;276;667;667;2.43;0.17;205.81;2.12;408;0;0;375.00;0
261;0;1;261;281;667;667;2.24;0.16;206.46;2.12;406;0;0;376.00;0
261;0;1;261;289;667;667;2.00;0.14;206.46;2.12;406;0;0;377.00;0
261;0;1;261;298;667;667;1.71;0.12;206.46;2.12;406;0;0;378.00;0
262;0;1;262;306;667;667;1.49;0.11;206.88;2.12;405;0;0;379.00;0
264;0;1;264;313;667;667;1.26;0.09;207.83;2.12;403;0;0;380.00;0
265;0;1;265;303;667;667;1.14;0.08;208.34;2.12;402;0;0;381.00;0
267;0;1;267;291;667;667;1.08;0.08;209.40;2.12;400;0;1;382.00;0
270;0;1;270;282;667;667;1.07;0.08;210.76;2.12;397;0;1;383.00;0
275;0;2;275;274;667;667;1.19;0.09;213.38;2.12;392;0;1;384.00;0
276;0;1;276;268;667;667;1.37;0.10;213.67;2.12;391;0;1;385.00;0
282;0;1;282;270;667;667;1.51;0.11;215.95;2.12;385;0;1;386.00;0
285;0;1;285;270;667;667;1.75;0.13;216.95;2.12;382;0;1;387.00;0
286;0;1;286;268;667;667;1.97;0.14;217.48;2.12;381;0;1;388.00;0
287;0;1;287;268;667;667;2.14;0.15;218.04;2.12;380;0;1;389.00;0
287;0;1;287;266;667;667;2.27;0.16;218.04;2.12;380;0;1;390.00;0
290;0;1;290;269;667;667;2.27;0.16;219.04;2.12;377;0;1;391.00;0
290;0;1;290;270;667;667;2.35;0.17;219.04;2.12;377;0;1;392.00;0
292;0;1;292;270;667;667;2.29;0.16;219.73;2.12;375;0;1;393.00;0
294;0;1;294;272;667;667;2.21;0.16;220.51;2.12;373;0;1;394.00;0
296;0;1;296;275;667;667;2.10;0.15;221.35;2.12;371;0;1;395.00;0
296;0;1;296;273;667;667;2.02;0.15;221.35;2.12;371;0;1;396.00;0
300;0;1;300;279;667;667;1.82;0.13;223.23;2.12;367;0;1;397.00;0
300;0;1;300;281;667;667;1.66;0.12;223.23;2.12;367;0;1;398.00;0
301;0;1;301;284;667;667;1.47;0.11;223.70;2.12;366;0;1;399.00;0
301;0;1;301;291;667;667;1.29;0.09;223.70;2.12;366;0;1;400.00;0
302;0;1;302;296;667;667;1.08;0.08;223.99;2.12;365;0;1;401.00;0
304;0;1;304;303;667;667;0.90;0.07;224.76;2.12;363;0;1;402.00;0
306;0;1;306;304;667;667;0.70;0.05;225.68;2.12;361;0;1;403.00;0
306;0;1;306;293;667;667;0.71;0.05;225.68;2.12;361;0;1;404.00;0
306;0;1;306;280;667;667;0.78;0.06;225.68;2.12;361;0;1;405.00;0
306;0;1;306;274;667;667;0.87;0.06;225.68;2.12;361;0;1;406.00;0
309;0;1;309;271;667;667;0.97;0.07;226.87;2.12;358;0;1;407.00;0
310;0;2;310;271;667;667;1.14;0.08;227.28;2.12;357;0;1;408.00;0
310;0;1;310;270;667;667;1.38;0.10;227.28;2.12;357;0;1;409.00;0
313;0;1;313;268;667;667;1.56;0.11;228.63;2.12;354;0;1;410.00;0
313;0;1;313;267;667;667;1.66;0.12;228.63;2.12;354;0;1;411.00;0
314;0;1;314;270;667;667;1.69;0.12;228.93;2.12;353;0;1;412.00;0
314;0;1;314;273;667;667;1.69;0.12;228.93;2.12;353;0;1;413.00;0
314;0;1;314;277;667;667;1.66;0.12;228.93;2.12;353;0;1;414.00;0
314;0;1;314;277;667;667;1.65;0.12;228.93;2.12;353;0;1;415.00;0
314;0;2;314;279;667;667;1.62;0.12;228.93;2.12;353;0;1;416.00;0
315;0;1;315;279;667;667;1.59;0.11;229.21;2.12;352;0;1;417.00;0
315;0;1;315;278;667;667;1.54;0.11;229.21;2.12;352;0;1;418.00;0
316;0;1;316;280;667;667;1.44;0.10;229.75;2.12;351;0;1;419.00;0
317;0;1;317;283;667;667;1.30;0.09;230.16;2.12;350;0;1;420.00;0
318;0;1;318;288;667;667;1.14;0.08;230.65;2.12;349;0;1;421.00;0
319;0;1;319;289;667;667;1.01;0.07;231.05;2.12;348;0;1;422.00;0
319;0;0;319;294;667;667;0.90;0.06;231.05;2.12;348;0;1;423.00;0
319;0;1;319;304;667;667;0.75;0.05;231.05;2.12;348;0;1;424.00;0
319;0;1;319;310;667;667;0.58;0.04;231.05;2.12;348;0;1;425.00;0
320;0;1;320;311;667;667;0.47;0.03;231.54;2.12;347;0;1;426.00;0
320;0;1;320;301;667;667;0.51;0.04;231.54;2.12;347;0;1;427.00;0
322;0;1;322;291;667;667;0.52;0.04;232.18;2.12;345;0;1;428.00;0
322;0;1;322;291;667;667;0.65;0.05;232.18;2.12;345;0;1;429.00;0
325;0;1;325;289;667;667;0.75;0.05;233.50;2.12;342;0;1;430.00;0
325;0;1;325;289;667;667;0.89;0.06;233.50;2.12;342;0;1;431.00;0
325;0;1;325;288;667;667;1.02;0.07;233.50;2.12;342;0;1;432.00;0
325;0;2;325;290;667;667;1.13;0.08;233.50;2.12;342;0;1;433.00;0
325;0;1;325;289;667;667;1.20;0.09;233.50;2.12;342;0;1;434.00;0
325;0;1;325;291;667;667;1.25;0.09;233.50;2.12;342;0;1;435.00;0
327;0;1;327;292;667;667;1.20;0.09;234.63;2.12;340;0;1;436.00;0
327;0;1;327;291;667;667;1.20;0.09;234.63;2.12;340;0;1;437.00;0
327;0;1;327;290;667;667;1.20;0.09;234.63;2.12;340;0;1;438.00;0
327;0;1;327;290;667;667;1.16;0.08;234.63;2.12;340;0;1;439.00;0
327;0;1;327;287;667;667;1.05;0.08;234.63;2.12;340;0;1;440.00;0
327;0;1;327;288;667;667;0.93;0.07;234.63;2.12;340;0;1;441.00;0
327;0;1;327;292;667;667;0.87;0.06;234.63;2.12;340;0;1;442.00;0
327;0;1;327;292;667;667;0.80;0.06;234.63;2.12;340;0;1;443.00;0
327;0;0;327;293;667;667;0.72;0.05;234.63;2.12;340;0;1;444.00;0
327;0;1;327;298;667;667;0.65;0.05;234.63;2.12;340;0;1;445.00;0
327;0;1;327;301;667;667;0.60;0.04;234.63;2.12;340;0;1;446.00;0
327;0;1;327;305;667;667;0.56;0.04;234.63;2.12;340;0;1;447.00;0
327;0;1;327;309;667;667;0.54;0.04;234.63;2.12;340;0;1;448.00;0
329;0;1;329;309;667;667;0.44;0.03;235.44;2.12;338;0;1;449.00;0
329;0;1;329;289;667;667;0.53;0.04;235.44;2.12;338;0;1;450.00;0
329;0;1;329;267;667;667;0.72;0.05;235.44;2.12;338;0;1;451.00;0
331;0;1;331;247;667;667;0.92;0.07;236.34;2.12;336;0;1;452.00;0
335;0;1;335;236;667;667;1.17;0.08;238.51;2.12;332;0;1;453.00;0
336;0;1;336;226;667;667;1.52;0.11;238.97;2.12;331;0;1;454.00;0
338;0;1;338;220;667;667;1.88;0.14;239.96;2.12;329;0;1;455.00;0
340;0;1;340;223;667;667;2.16;0.16;240.94;2.12;327;0;1;456.00;0
341;0;1;341;221;667;667;2.40;0.17;241.46;2.12;326;0;1;457.00;0
344;0;1;344;218;667;667;2.56;0.18;242.91;2.12;323;0;1;458.00;0
345;0;1;345;215;667;667;2.76;0.20;243.32;2.12;322;0;1;459.00;0
345;0;1;345;215;667;667;2.86;0.21;243.32;2.12;322;0;1;460.00;0
346;0;1;346;213;667;667;2.91;0.21;243.71;2.12;321;0;1;461.00;0
348;0;1;348;210;667;667;2.84;0.20;244.63;2.12;319;0;1;462.00;0
350;0;1;350;209;667;667;2.73;0.20;245.47;2.12;317;0;1;463.00;0
352;0;0;352;211;667;667;2.56;0.18;246.31;2.12;315;0;1;464.00;0
353;0;0;353;213;667;667;2.35;0.17;246.85;2.12;314;0;1;465.00;0
354;0;1;354;221;667;667;2.11;0.15;247.29;2.12;313;0;1;466.00;0
354;0;0;354;228;667;667;1.88;0.14;247.29;2.12;313;0;1;467.00;0
355;0;1;355;236;667;667;1.59;0.11;247.89;2.12;312;0;1;468.00;0
355;0;0;355;247;667;667;1.35;0.10;247.89;2.12;312;0;1;469.00;0
358;0;0;358;252;667;667;1.04;0.08;249.20;2.12;309;0;1;470.00;0
358;0;1;358;233;667;667;0.96;0.07;249.20;2.12;309;0;1;471.00;0
359;0;1;359;220;667;667;1.01;0.07;249.67;2.12;308;0;1;472.00;0
360;0;1;360;216;667;667;1.20;0.09;250.11;2.12;307;0;1;473.00;0
369;0;1;369;209;667;667;1.30;0.09;254.03;2.12;298;0;1;474.00;0
370;0;1;370;210;667;667;1.51;0.11;254.58;2.12;297;0;1;475.00;0
373;0;1;373;208;667;667;1.70;0.12;255.85;2.12;294;0;1;476.00;0
376;0;1;376;207;667;667;1.94;0.14;257.18;2.12;291;0;1;477.00;0
376;0;1;376;204;667;667;2.17;0.16;257.18;2.12;291;0;1;478.00;0
382;0;1;382;207;667;667;2.25;0.16;259.85;2.12;285;0;1;479.00;0
382;0;1;382;206;667;667;2.43;0.18;259.85;2.12;285;0;1;480.00;0
383;0;1;383;207;667;667;2.46;0.18;260.22;2.12;284;0;1;481.00;0
383;0;0;383;207;667;667;2.51;0.18;260.22;2.12;284;0;1;482.00;0
384;0;1;384;208;667;667;2.48;0.18;260.71;2.12;283;0;1;483.00;0
384;0;1;384;208;667;667;2.42;0.17;260.71;2.12;283;0;1;484.00;0
384;0;1;384;210;667;667;2.27;0.16;260.71;2.12;283;0;1;485.00;0
386;0;1;386;213;667;667;2.00;0.14;261.67;2.12;281;0;1;486.00;0
387;0;0;387;215;667;667;1.78;0.13;262.12;2.12;280;0;1;487.00;0
387;0;1;387;218;667;667;1.65;0.12;262.12;2.12;280;0;1;488.00;0
388;0;1;388;218;667;667;1.44;0.10;262.70;2.12;279;0;1;489.00;0
388;0;1;388;231;667;667;1.26;0.09;262.70;2.12;279;0;1;490.00;0
389;0;0;389;239;667;667;1.10;0.08;263.07;2.12;278;0;1;491.00;0
390;0;1;390;244;667;667;0.93;0.07;263.41;2.12;277;0;1;492.00;0
393;0;1;393;246;667;667;0.75;0.05;264.57;2.12;274;0;1;493.00;0
394;0;1;394;231;667;667;0.72;0.05;265.05;2.12;273;0;1;494.00;0
394;0;1;394;224;667;667;0.80;0.06;265.05;2.12;273;0;1;495.00;0
395;0;0;395;219;667;667;0.90;0.06;265.53;2.12;272;0;1;496.00;0
398;0;1;398;218;667;667;0.98;0.07;266.76;2.12;269;0;1;497.00;0
399;0;1;399;214;667;667;1.17;0.08;267.12;2.12;268;0;1;498.00;0
400;0;1;400;211;667;667;1.30;0.09;267.44;2.12;267;0;1;499.00;0
401;0;1;401;213;667;667;1.49;0.11;267.97;2.12;266;0;1;500.00;0
401;0;0;401;213;667;667;1.60;0.12;267.97;2.12;266;0;1;501.00;0
402;0;1;402;211;667;667;1.72;0.12;268.50;2.12;265;0;1;502.00;0
402;0;1;402;213;667;667;1.76;0.13;268.50;2.12;265;0;1;503.00;0
405;0;1;405;212;667;667;1.71;0.12;270.04;2.12;262;0;1;504.00;0
405;0;1;405;212;667;667;1.78;0.13;270.04;2.12;262;0;1;505.00;0
405;0;0;405;212;667;667;1.76;0.13;270.04;2.12;262;0;1;506.00;0
406;0;1;406;211;667;667;1.64;0.12;270.38;2.12;261;0;1;507.00;0
406;0;1;406;212;667;667;1.54;0.11;270.38;2.12;261;0;1;508.00;0
406;0;1;406;211;667;667;1.45;0.10;270.38;2.12;261;0;1;509.00;0
406;0;0;406;212;667;667;1.40;0.10;270.38;2.12;261;0;1;510.00;0
408;0;1;408;215;667;667;1.27;0.09;271.22;2.12;259;0;1;511.00;0
409;0;1;409;217;667;667;1.10;0.08;271.62;2.12;258;0;1;512.00;0
410;0;0;410;221;667;667;0.96;0.07;272.12;2.12;257;0;1;513.00;0
410;0;1;410;224;667;667;0.93;0.07;272.12;2.12;257;0;1;514.00;0
411;0;1;411;225;667;667;0.85;0.06;272.53;2.12;256;0;1;515.00;0
413;0;0;413;229;667;667;0.73;0.05;273.33;2.12;254;0;1;516.00;0
416;0;1;416;215;667;667;0.64;0.05;274.55;2.12;251;0;1;517.00;0
418;0;1;418;208;667;667;0.60;0.04;275.43;2.12;249;0;1;518.00;0
418;0;0;418;210;667;667;0.74;0.05;275.43;2.12;249;0;1;519.00;0
421;0;1;421;208;667;667;0.80;0.06;276.75;2.12;246;0;1;520.00;0
422;0;1;422;207;667;667;0.99;0.07;277.23;2.12;245;0;1;521.00;0
422;0;1;422;206;667;667;1.15;0.08;277.23;2.12;245;0;1;522.00;0
423;0;0;423;203;667;667;1.20;0.09;277.76;2.12;244;0;1;523.00;0
423;0;1;423;202;667;667;1.32;0.09;277.76;2.12;244;0;1;524.00;0
423;0;1;423;202;667;667;1.40;0.10;277.76;2.12;244;0;1;525.00;0
423;0;1;423;201;667;667;1.45;0.10;277.76;2.12;244;0;1;526.00;0
423;0;0;423;199;667;667;1.47;0.11;277.76;2.12;244;0;1;527.00;0
425;0;1;425;198;667;667;1.42;0.10;278.81;2.12;242;0;1;528.00;0
427;0;1;427;197;667;667;1.36;0.10;279.71;2.12;240;0;1;529.00;0
427;0;0;427;197;667;667;1.38;0.10;279.71;2.12;240;0;1;530.00;0
428;0;1;428;199;667;667;1.37;0.10;280.18;2.12;239;0;1;531.00;0
430;0;1;430;199;667;667;1.24;0.09;281.24;2.12;237;0;1;532.00;0
431;0;1;431;198;667;667;1.13;0.08;281.66;2.12;236;0;1;533.00;0
432;0;0;432;198;667;667;1.05;0.08;282.14;2.12;235;0;1;534.00;0
433;0;1;433;198;667;667;0.94;0.07;282.63;2.12;234;0;1;535.00;0
434;0;1;434;201;667;667;0.80;0.06;283.00;2.12;233;0;1;536.00;0
434;0;0;434;205;667;667;0.69;0.05;283.00;2.12;233;0;1;537.00;0
434;0;1;434;206;667;667;0.60;0.04;283.00;2.12;233;0;1;538.00;0
435;0;0;435;209;667;667;0.51;0.04;283.46;2.12;232;0;1;539.00;0
435;0;1;435;193;667;667;0.59;0.04;283.46;2.12;232;0;1;540.00;0
436;0;1;436;179;667;667;0.70;0.05;283.89;2.12;231;0;1;541.00;0
436;0;1;436;165;667;667;0.99;0.07;283.89;2.12;231;0;1;542.00;0
439;0;0;439;159;667;667;1.28;0.09;285.37;2.12;228;0;1;543.00;0
439;0;1;439;153;667;667;1.64;0.12;285.37;2.12;228;0;1;544.00;0
440;0;1;440;149;667;667;2.06;0.15;285.84;2.12;227;0;1;545.00;0
441;0;0;441;147;667;667;2.46;0.18;286.24;2.12;226;0;1;546.00;0
441;0;1;441;144;667;667;2.70;0.19;286.24;2.12;226;0;1;547.00;0
444;0;1;444;145;667;667;2.82;0.20;287.48;2.12;223;0;1;548.00;0
444;0;0;444;142;667;667;3.02;0.22;287.48;2.12;223;0;1;549.00;0
447;0;0;447;141;667;667;3.11;0.22;288.83;2.12;220;0;1;550.00;0
448;0;1;448;144;667;667;3.26;0.23;289.30;2.12;219;0;1;551.00;0
450;0;0;450;143;667;667;3.29;0.24;290.36;2.12;217;0;1;552.00;0
450;0;1;450;143;667;667;3.22;0.23;290.36;2.12;217;0;1;553.00;0
452;0;1;452;142;667;667;2.94;0.21;291.21;2.12;215;0;1;554.00;0
455;0;0;455;144;667;667;2.45;0.18;292.50;2.12;212;0;1;555.00;0
457;0;1;457;149;667;667;2.09;0.15;293.29;2.12;210;0;1;556.00;0
458;0;0;458;154;667;667;1.80;0.13;293.81;2.12;209;0;1;557.00;0
459;0;2;459;157;667;667;1.55;0.11;294.20;2.12;208;0;1;558.00;0
460;0;1;460;163;667;667;1.32;0.09;294.69;2.12;207;0;1;559.00;0
461;0;0;461;169;667;667;1.07;0.08;295.05;2.12;206;0;1;560.00;0
461;0;1;461;157;667;667;1.04;0.08;295.05;2.12;206;0;1;561.00;0
463;0;1;463;151;667;667;1.01;0.07;296.06;2.12;204;0;1;562.00;0
464;0;0;464;151;667;667;1.07;0.08;296.44;2.12;203;0;1;563.00;0
467;0;1;467;149;667;667;1.25;0.09;297.87;2.12;200;0;1;564.00;0
467;0;1;467;149;667;667;1.52;0.11;297.87;2.12;200;0;1;565.00;0
467;0;0;467;148;667;667;1.84;0.13;297.87;2.12;200;0;1;566.00;0
469;0;1;469;150;667;667;2.09;0.15;298.75;2.12;198;0;1;567.00;0
470;0;0;470;150;667;667;2.30;0.17;299.14;2.12;197;0;1;568.00;0
471;0;1;471;150;667;667;2.41;0.17;299.61;2.12;196;0;1;569.00;0
472;0;0;472;149;667;667;2.45;0.18;300.07;2.12;195;0;1;570.00;0
472;0;0;472;149;667;667;2.48;0.18;300.07;2.12;195;0;1;571.00;0
472;0;1;472;149;667;667;2.49;0.18;300.07;2.12;195;0;1;572.00;0
473;0;0;473;150;667;667;2.37;0.17;300.55;2.12;194;0;1;573.00;0
476;0;1;476;151;667;667;2.02;0.15;301.89;2.12;191;0;1;574.00;0
476;0;0;476;151;667;667;1.88;0.14;301.89;2.12;191;0;1;575.00;0
476;0;1;476;153;667;667;1.72;0.12;301.89;2.12;191;0;1;576.00;0
477;0;0;477;155;667;667;1.52;0.11;302.31;2.12;190;0;1;577.00;0
477;0;1;477;158;667;667;1.39;0.10;302.31;2.12;190;0;1;578.00;0
477;0;0;477;160;667;667;1.25;0.09;302.31;2.12;190;0;1;579.00;0
477;0;0;477;164;667;667;1.10;0.08;302.31;2.12;190;0;1;580.00;0
478;0;1;478;167;667;667;0.93;0.07;302.71;2.12;189;0;1;581.00;0
478;0;0;478;168;667;667;0.77;0.06;302.71;2.12;189;0;1;582.00;0
478;0;1;478;171;667;667;0.65;0.05;302.71;2.12;189;0;1;583.00;0
479;0;0;479;166;667;667;0.63;0.05;303.14;2.12;188;0;1;584.00;0
480;0;1;480;160;667;667;0.62;0.04;303.54;2.12;187;0;1;585.00;0
481;0;0;481;158;667;667;0.67;0.05;304.11;2.12;186;0;1;586.00;0
484;0;1;484;156;667;667;0.72;0.05;305.56;2.12;183;0;1;587.00;0
485;0;1;485;154;667;667;0.81;0.06;305.99;2.12;182;0;1;588.00;0
485;0;0;485;153;667;667;0.94;0.07;305.99;2.12;182;0;1;589.00;0
485;0;1;485;152;667;667;1.09;0.08;305.99;2.12;182;0;1;590.00;0
485;0;0;485;152;667;667;1.22;0.09;305.99;2.12;182;0;1;591.00;0
485;0;1;485;150;667;667;1.28;0.09;305.99;2.12;182;0;1;592.00;0
485;0;0;485;151;667;667;1.40;0.10;305.99;2.12;182;0;1;593.00;0
485;0;1;485;150;667;667;1.44;0.10;305.99;2.12;182;0;1;594.00;0
485;0;0;485;150;667;667;1.46;0.11;305.99;2.12;182;0;1;595.00;0
485;0;1;485;151;667;667;1.39;0.10;305.99;2.12;182;0;1;596.00;0
485;0;1;485;151;667;667;1.33;0.10;305.99;2.12;182;0;1;597.00;0
486;0;0;486;150;667;667;1.24;0.09;306.41;2.12;181;0;1;598.00;0
487;0;1;487;150;667;667;1.04;0.08;306.94;2.12;180;0;1;599.00;0
487;0;0;487;151;667;667;0.96;0.07;306.94;2.12;180;0;1;600.00;0
488;0;0;488;151;667;667;0.80;0.06;307.48;2.12;179;0;1;601.00;0
488;0;0;488;153;667;667;0.74;0.05;307.48;2.12;179;0;1;602.00;0
488;0;0;488;156;667;667;0.65;0.05;307.48;2.12;179;0;1;603.00;0
488;0;1;488;158;667;667;0.58;0.04;307.48;2.12;179;0;1;604.00;0
488;0;0;488;162;667;667;0.51;0.04;307.48;2.12;179;0;1;605.00;0
488;0;1;488;163;667;667;0.47;0.03;307.48;2.12;179;0;1;606.00;0
489;0;0;489;149;667;667;0.53;0.04;307.87;2.12;178;0;1;607.00;0
490;0;1;490;143;667;667;0.61;0.04;308.36;2.12;177;0;1;608.00;0
490;0;0;490;140;667;667;0.80;0.06;308.36;2.12;177;0;1;609.00;0
494;0;1;494;140;667;667;0.93;0.07;310.47;2.12;173;0;1;610.00;0
494;0;0;494;138;667;667;1.21;0.09;310.47;2.12;173;0;1;611.00;0
495;0;1;495;136;667;667;1.40;0.10;310.93;2.12;172;0;1;612.00;0
495;0;0;495;134;667;667;1.67;0.12;310.93;2.12;172;0;1;613.00;0
495;0;1;495;132;667;667;1.85;0.13;310.93;2.12;172;0;1;614.00;0
495;0;1;495;132;667;667;1.90;0.14;310.93;2.12;172;0;1;615.00;0
495;0;0;495;131;667;667;1.96;0.14;310.93;2.12;172;0;1;616.00;0
495;0;1;495;131;667;667;2.01;0.14;310.93;2.12;172;0;1;617.00;0
495;0;0;495;129;667;667;2.07;0.15;310.93;2.12;172;0;1;618.00;0
495;0;1;495;129;667;667;2.07;0.15;310.93;2.12;172;0;1;619.00;0
496;0;0;496;128;667;667;1.97;0.14;311.36;2.12;171;0;1;620.00;0
498;0;1;498;129;667;667;1.84;0.13;312.41;2.12;169;0;1;621.00;0
500;0;0;500;128;667;667;1.76;0.13;313.34;2.12;167;0;1;622.00;0
501;0;1;501;125;667;667;1.69;0.12;313.76;2.12;166;0;2;623.00;0
501;0;0;501;123;667;667;1.67;0.12;313.76;2.12;166;0;2;624.00;0
501;0;1;501;123;667;667;1.65;0.12;313.76;2.12;166;0;2;625.00;0
502;0;0;502;121;667;667;1.49;0.11;314.21;2.12;165;0;2;626.00;0
502;0;1;502;125;667;667;1.44;0.10;314.21;2.12;165;0;2;627.00;0
505;0;0;505;126;667;667;1.14;0.08;315.75;2.12;162;0;2;628.00;0
505;0;1;505;126;667;667;1.09;0.08;315.75;2.12;162;0;2;629.00;0
506;0;0;506;113;667;667;1.13;0.08;316.25;2.12;161;0;2;630.00;0
506;0;1;506;104;667;667;1.37;0.10;316.25;2.12;161;0;2;631.00;0
508;0;0;508;102;667;667;1.50;0.11;317.25;2.12;159;0;2;632.00;0
516;0;1;516;102;667;667;1.48;0.11;321.29;2.12;151;0;2;633.00;0
516;0;0;516;99;667;667;1.74;0.13;321.29;2.12;151;0;2;634.00;0
517;0;0;517;99;667;667;2.04;0.15;321.89;2.12;150;0;2;635.00;0
517;0;0;517;100;667;667;2.34;0.17;321.89;2.12;150;0;2;636.00;0
517;0;0;517;99;667;667;2.55;0.18;321.89;2.12;150;0;2;637.00;0
518;0;1;518;99;667;667;2.78;0.20;322.46;2.12;149;0;2;638.00;0
518;0;0;518;100;667;667;2.96;0.21;322.46;2.12;149;0;2;639.00;0
519;0;1;519;96;667;667;3.07;0.22;323.01;2.12;148;0;2;640.00;0
519;0;0;519;95;667;667;3.11;0.22;323.01;2.12;148;0;2;641.00;0
520;0;1;520;93;667;667;3.11;0.22;323.51;2.12;147;0;2;642.00;0
521;0;0;521;93;667;667;2.86;0.21;324.06;2.12;146;0;2;643.00;0
523;0;1;523;93;667;667;2.45;0.18;324.99;2.12;144;0;2;644.00;0
523;0;0;523;93;667;667;2.19;0.16;324.99;2.12;144;0;2;645.00;0
523;0;0;523;99;667;667;1.99;0.14;324.99;2.12;144;0;2;646.00;0
523;0;1;523;104;667;667;1.69;0.12;324.99;2.12;144;0;2;647.00;0
523;0;0;523;110;667;667;1.43;0.10;324.99;2.12;144;0;2;648.00;0
523;0;1;523;113;667;667;1.23;0.09;324.99;2.12;144;0;2;649.00;0
523;0;0;523;116;667;667;1.03;0.07;324.99;2.12;144;0;2;650.00;0
524;0;1;524;112;667;667;0.96;0.07;325.60;2.12;143;0;2;651.00;0
524;0;0;524;106;667;667;1.06;0.08;325.60;2.12;143;0;2;652.00;0
525;0;1;525;105;667;667;1.12;0.08;326.15;2.12;142;0;2;653.00;0
526;0;0;526;104;667;667;1.26;0.09;326.63;2.12;141;0;2;654.00;0
527;0;0;527;105;667;667;1.42;0.10;327.22;2.12;140;0;2;655.00;0
528;0;0;528;105;667;667;1.49;0.11;327.71;2.12;139;0;2;656.00;0
528;0;0;528;109;667;667;1.67;0.12;327.71;2.12;139;0;2;657.00;0
528;0;1;528;110;667;667;1.79;0.13;327.71;2.12;139;0;2;658.00;0
528;0;0;528;113;667;667;1.88;0.14;327.71;2.12;139;0;2;659.00;0
528;0;1;528;114;667;667;1.87;0.13;327.71;2.12;139;0;2;660.00;0
528;0;0;528;115;667;667;1.87;0.13;327.71;2.12;139;0;2;661.00;0
528;0;1;528;116;667;667;1.87;0.13;327.71;2.12;139;0;2;662.00;0
528;0;0;528;117;667;667;1.83;0.13;327.71;2.12;139;0;2;663.00;0
530;0;0;530;119;667;667;1.52;0.11;328.74;2.12;137;0;2;664.00;0
530;0;1;530;119;667;667;1.38;0.10;328.74;2.12;137;0;2;665.00;0
530;0;0;530;121;667;667;1.10;0.08;328.74;2.12;137;0;2;666.00;0
530;0;1;530;123;667;667;0.90;0.06;328.74;2.12;137;0;2;667.00;0
530;0;0;530;123;667;667;0.70;0.05;328.74;2.12;137;0;2;668.00;0
530;0;0;530;126;667;667;0.58;0.04;328.74;2.12;137;0;2;669.00;0
531;0;1;531;129;667;667;0.35;0.03;329.22;2.12;136;0;2;670.00;0
531;0;0;531;130;667;667;0.27;0.02;329.22;2.12;136;0;2;671.00;0
531;0;0;531;132;667;667;0.19;0.01;329.22;2.12;136;0;2;672.00;0
532;0;1;532;132;667;667;0.04;0.00;329.86;2.12;135;0;2;673.00;0
532;0;0;532;124;667;667;0.15;0.01;329.86;2.12;135;0;2;674.00;0
532;0;1;532;120;667;667;0.36;0.03;329.86;2.12;135;0;2;675.00;0
532;0;0;532;114;667;667;0.60;0.04;329.86;2.12;135;0;2;676.00;0
533;0;0;533;109;667;667;0.88;0.06;330.38;2.12;134;0;2;677.00;0
533;0;1;533;105;667;667;1.16;0.08;330.38;2.12;134;0;2;678.00;0
533;0;1;533;102;667;667;1.35;0.10;330.38;2.12;134;0;2;679.00;0
533;0;0;533;101;667;667;1.49;0.11;330.38;2.12;134;0;2;680.00;0
533;0;1;533;99;667;667;1.59;0.11;330.38;2.12;134;0;2;681.00;0
533;0;1;533;99;667;667;1.67;0.12;330.38;2.12;134;0;2;682.00;0
533;0;1;533;99;667;667;1.69;0.12;330.38;2.12;134;0;2;683.00;0
533;0;1;533;100;667;667;1.68;0.12;330.38;2.12;134;0;2;684.00;0
533;0;1;533;100;667;667;1.86;0.13;330.38;2.12;134;0;2;685.00;0
533;0;1;533;99;667;667;1.90;0.14;330.38;2.12;134;0;2;686.00;0
535;0;0;535;98;667;667;1.77;0.13;331.60;2.12;132;0;3;687.00;0
537;0;0;537;96;667;667;1.53;0.11;332.74;2.12;130;0;3;688.00;0
537;0;1;537;95;667;667;1.44;0.10;332.74;2.12;130;0;3;689.00;0
537;0;0;537;94;667;667;1.37;0.10;332.74;2.12;130;0;3;690.00;0
537;0;1;537;96;667;667;1.27;0.09;332.74;2.12;130;0;3;691.00;0
537;0;0;537;97;667;667;1.17;0.08;332.74;2.12;130;0;3;692.00;0
537;0;0;537;98;667;667;1.14;0.08;332.74;2.12;130;0;3;693.00;0
537;0;1;537;99;667;667;1.07;0.08;332.74;2.12;130;0;3;694.00;0
537;0;0;537;103;667;667;0.96;0.07;332.74;2.12;130;0;3;695.00;0
538;0;1;538;104;667;667;0.77;0.06;333.36;2.12;129;0;3;696.00;0
538;0;0;538;93;667;667;0.91;0.07;333.36;2.12;129;0;3;697.00;0
538;0;0;538;88;667;667;1.10;0.08;333.36;2.12;129;0;3;698.00;0
538;0;1;538;86;667;667;1.27;0.09;333.36;2.12;129;0;3;699.00;0
539;0;0;539;83;667;667;1.53;0.11;333.86;2.12;128;0;3;700.00;0
539;0;1;539;79;667;667;1.82;0.13;333.86;2.12;128;0;3;701.00;0
539;0;0;539;76;667;667;2.14;0.15;333.86;2.12;128;0;3;702.00;0
539;0;1;539;76;667;667;2.40;0.17;333.86;2.12;128;0;3;703.00;0
539;0;0;539;76;667;667;2.61;0.19;333.86;2.12;128;0;3;704.00;0
539;0;1;539;74;667;667;2.87;0.21;333.86;2.12;128;0;3;705.00;0
539;0;0;539;72;667;667;3.11;0.22;333.86;2.12;128;0;3;706.00;0
539;0;0;539;72;667;667;3.28;0.24;333.86;2.12;128;0;3;707.00;0
539;0;1;539;71;667;667;3.32;0.24;333.86;2.12;128;0;3;708.00;0
540;0;0;540;70;667;667;3.36;0.24;334.43;2.12;127;0;3;709.00;0
542;0;1;542;70;667;667;3.31;0.24;335.61;2.12;125;0;3;710.00;0
542;0;0;542;70;667;667;3.35;0.24;335.61;2.12;125;0;3;711.00;0
543;0;0;543;72;667;667;3.12;0.22;336.17;2.12;124;0;3;712.00;0
543;0;0;543;75;667;667;2.82;0.20;336.17;2.12;124;0;3;713.00;0
543;0;0;543;77;667;667;2.51;0.18;336.17;2.12;124;0;3;714.00;0
543;0;0;543;78;667;667;2.26;0.16;336.17;2.12;124;0;3;715.00;0
544;0;0;544;83;667;667;2.01;0.14;336.81;2.12;123;0;3;716.00;0
544;0;0;544;89;667;667;1.85;0.13;336.81;2.12;123;0;3;717.00;0
544;0;1;544;91;667;667;1.65;0.12;336.81;2.12;123;0;3;718.00;0
545;0;0;545;94;667;667;1.26;0.09;337.38;2.12;122;0;3;719.00;0
545;0;0;545;81;667;667;1.27;0.09;337.38;2.12;122;0;3;720.00;0
545;0;1;545;76;667;667;1.34;0.10;337.38;2.12;122;0;3;721.00;0
545;0;0;545;74;667;667;1.52;0.11;337.38;2.12;122;0;3;722.00;0
548;0;1;548;74;667;667;1.74;0.13;339.05;2.12;119;0;3;723.00;0
548;0;0;548;76;667;667;2.05;0.15;339.05;2.12;119;0;3;724.00;0
548;0;1;548;77;667;667;2.46;0.18;339.05;2.12;119;0;3;725.00;0
549;0;0;549;79;667;667;2.74;0.20;339.75;2.12;118;0;3;726.00;0
549;0;1;549;79;667;667;3.00;0.22;339.75;2.12;118;0;3;727.00;0
549;0;0;549;81;667;667;3.21;0.23;339.75;2.12;118;0;3;728.00;0
549;0;0;549;82;667;667;3.38;0.24;339.75;2.12;118;0;3;729.00;0
550;0;1;550;82;667;667;3.41;0.25;340.44;2.12;117;0;3;730.00;0
550;0;0;550;82;667;667;3.50;0.25;340.44;2.12;117;0;3;731.00;0
550;0;0;550;82;667;667;3.55;0.26;340.44;2.12;117;0;3;732.00;0
550;0;1;550;78;667;667;3.40;0.25;340.44;2.12;117;0;3;733.00;0
551;0;0;551;78;667;667;2.94;0.21;340.98;2.12;116;0;3;734.00;0
552;0;0;552;79;667;667;2.39;0.17;341.58;2.12;115;0;3;735.00;0
552;0;1;552;82;667;667;1.95;0.14;341.58;2.12;115;0;3;736.00;0
553;0;0;553;87;667;667;1.53;0.11;342.18;2.12;114;0;3;737.00;0
553;0;0;553;90;667;667;1.39;0.10;342.18;2.12;114;0;3;738.00;0
554;0;1;554;96;667;667;1.15;0.08;342.75;2.12;113;0;3;739.00;0
557;0;0;557;101;667;667;0.74;0.05;344.61;2.12;110;0;3;740.00;0
559;0;0;559;91;667;667;0.62;0.04;345.74;2.12;108;0;3;741.00;0
560;0;1;560;88;667;667;0.73;0.05;346.38;2.12;107;0;3;742.00;0
560;0;0;560;87;667;667;0.95;0.07;346.38;2.12;107;0;3;743.00;0
560;0;0;560;85;667;667;1.25;0.09;346.38;2.12;107;0;3;744.00;0
560;0;1;560;84;667;667;1.53;0.11;346.38;2.12;107;0;3;745.00;0
560;0;0;560;82;667;667;1.76;0.13;346.38;2.12;107;0;3;746.00;0
560;0;0;560;81;667;667;1.89;0.14;346.38;2.12;107;0;3;747.00;0
560;0;1;560;81;667;667;2.13;0.15;346.38;2.12;107;0;3;748.00;0
560;0;0;560;82;667;667;2.21;0.16;346.38;2.12;107;0;3;749.00;0
560;0;0;560;82;667;667;2.32;0.17;346.38;2.12;107;0;3;750.00;0
560;0;1;560;82;667;667;2.34;0.17;346.38;2.12;107;0;3;751.00;0
560;0;0;560;82;667;667;2.18;0.16;346.38;2.12;107;0;3;752.00;0
560;0;0;560;83;667;667;2.05;0.15;346.38;2.12;107;0;3;753.00;0
560;0;1;560;84;667;667;1.92;0.14;346.38;2.12;107;0;3;754.00;0
563;0;0;563;85;667;667;1.52;0.11;348.28;2.12;104;0;3;755.00;0
563;0;0;563;86;667;667;1.46;0.11;348.28;2.12;104;0;3;756.00;0
564;0;1;564;87;667;667;1.30;0.09;348.87;2.12;103;0;3;757.00;0
564;0;0;564;88;667;667;1.35;0.10;348.87;2.12;103;0;3;758.00;0
565;0;0;565;88;667;667;1.26;0.09;349.43;2.12;102;0;3;759.00;0
565;0;1;565;88;667;667;1.19;0.09;349.43;2.12;102;0;3;760.00;0
565;0;0;565;89;667;667;1.14;0.08;349.43;2.12;102;0;3;761.00;0
566;0;0;566;90;667;667;0.92;0.07;349.99;2.12;101;0;3;762.00;0
566;0;0;566;91;667;667;0.84;0.06;349.99;2.12;101;0;3;763.00;0
566;0;1;566;85;667;667;1.03;0.07;349.99;2.12;101;0;3;764.00;0
566;0;0;566;82;667;667;1.24;0.09;349.99;2.12;101;0;3;765.00;0
568;0;0;568;76;667;667;1.28;0.09;351.23;2.12;99;0;3;766.00;0
570;0;1;570;73;667;667;1.37;0.10;352.58;2.12;97;0;3;767.00;0
571;0;0;571;70;667;667;1.61;0.12;353.15;2.12;96;0;3;768.00;0
571;0;0;571;67;667;667;1.97;0.14;353.15;2.12;96;0;3;769.00;0
573;0;1;573;65;667;667;1.99;0.14;354.28;2.12;94;0;3;770.00;0
573;0;0;573;63;667;667;2.06;0.15;354.28;2.12;94;0;3;771.00;0
573;0;0;573;61;667;667;2.16;0.16;354.28;2.12;94;0;3;772.00;0
573;0;0;573;61;667;667;2.29;0.16;354.28;2.12;94;0;3;773.00;0
573;0;0;573;61;667;667;2.47;0.18;354.28;2.12;94;0;3;774.00;0
574;0;0;574;60;667;667;2.55;0.18;354.86;2.12;93;0;3;775.00;0
574;0;0;574;60;667;667;2.71;0.20;354.86;2.12;93;0;3;776.00;0
575;0;1;575;59;667;667;2.67;0.19;355.47;2.12;92;0;3;777.00;0
575;0;0;575;58;667;667;2.67;0.19;355.47;2.12;92;0;3;778.00;0
575;0;1;575;57;667;667;2.54;0.18;355.47;2.12;92;0;3;779.00;0
575;0;0;575;57;667;667;2.47;0.18;355.47;2.12;92;0;3;780.00;0
576;0;1;576;59;667;667;2.25;0.16;356.13;2.12;91;0;3;781.00;0
577;0;1;577;59;667;667;2.09;0.15;356.84;2.12;90;0;3;782.00;0
577;0;0;577;63;667;667;1.93;0.14;356.84;2.12;90;0;3;783.00;0
577;0;1;577;64;667;667;1.66;0.12;356.84;2.12;90;0;3;784.00;0
578;0;0;578;67;667;667;1.32;0.09;357.46;2.12;89;0;3;785.00;0
578;0;0;578;70;667;667;1.10;0.08;357.46;2.12;89;0;3;786.00;0
579;0;0;579;59;667;667;1.13;0.08;358.04;2.12;88;0;3;787.00;0
579;0;1;579;50;667;667;1.40;0.10;358.04;2.12;88;0;3;788.00;0
579;0;0;579;48;667;667;1.88;0.14;358.04;2.12;88;0;3;789.00;0
581;0;0;581;44;667;667;2.21;0.16;359.33;2.12;86;0;3;790.00;0
581;0;1;581;43;667;667;2.65;0.19;359.33;2.12;86;0;3;791.00;0
582;0;0;582;41;667;667;3.12;0.22;359.97;2.12;85;0;3;792.00;0
583;0;0;583;38;667;667;3.71;0.27;360.60;2.12;84;0;3;793.00;0
584;0;1;584;37;667;667;4.06;0.29;361.32;2.12;83;0;3;794.00;0
584;0;0;584;37;667;667;4.40;0.32;361.32;2.12;83;0;3;795.00;0
584;0;0;584;36;667;667;4.79;0.35;361.32;2.12;83;0;3;796.00;0
584;0;1;584;36;667;667;5.09;0.37;361.32;2.12;83;0;3;797.00;0
584;0;0;584;36;667;667;5.26;0.38;361.32;2.12;83;0;3;798.00;0
585;0;0;585;37;667;667;5.26;0.38;361.91;2.12;82;0;3;799.00;0
585;0;1;585;37;667;667;5.31;0.38;361.91;2.12;82;0;3;800.00;0
588;0;0;588;38;667;667;4.92;0.35;363.98;2.12;79;0;3;801.00;0
590;0;0;590;40;667;667;4.51;0.32;365.24;2.12;77;0;3;802.00;0
590;0;0;590;40;667;667;4.18;0.30;365.24;2.12;77;0;3;803.00;0
592;0;1;592;42;667;667;3.60;0.26;366.53;2.12;75;0;3;804.00;0
592;0;0;592;43;667;667;3.38;0.24;366.53;2.12;75;0;3;805.00;0
595;0;0;595;46;667;667;2.97;0.21;368.44;2.12;72;0;3;806.00;0
595;0;0;595;48;667;667;2.50;0.18;368.44;2.12;72;0;3;807.00;0
596;0;0;596;51;667;667;2.06;0.15;369.12;2.12;71;0;3;808.00;0
597;0;1;597;53;667;667;1.54;0.11;369.73;2.12;70;0;3;809.00;0
597;0;0;597;48;667;667;1.52;0.11;369.73;2.12;70;0;3;810.00;0
597;0;1;597;46;667;667;1.59;0.11;369.73;2.12;70;0;3;811.00;0
597;0;0;597;41;667;667;1.90;0.14;369.73;2.12;70;0;3;812.00;0
599;0;0;599;40;667;667;2.17;0.16;370.99;2.12;68;0;3;813.00;0
599;0;0;599;40;667;667;2.62;0.19;370.99;2.12;68;0;3;814.00;0
600;0;0;600;39;667;667;3.12;0.22;371.70;2.12;67;0;3;815.00;0
602;0;0;602;40;667;667;3.45;0.25;372.96;2.12;65;0;3;816.00;0
603;0;0;603;39;667;667;3.55;0.26;373.61;2.12;64;0;3;817.00;0
603;0;0;603;41;667;667;3.76;0.27;373.61;2.12;64;0;3;818.00;0
603;0;1;603;41;667;667;3.79;0.27;373.61;2.12;64;0;3;819.00;0
603;0;0;603;42;667;667;3.79;0.27;373.61;2.12;64;0;3;820.00;0
603;0;0;603;43;667;667;3.69;0.27;373.61;2.12;64;0;3;821.00;0
603;0;0;603;43;667;667;3.59;0.26;373.61;2.12;64;0;3;822.00;0
604;0;0;604;44;667;667;3.28;0.24;374.20;2.12;63;0;3;823.00;0
605;0;0;605;44;667;667;2.69;0.19;374.78;2.12;62;0;3;824.00;0
607;0;0;607;45;667;667;2.01;0.14;376.16;2.12;60;0;3;825.00;0
607;0;0;607;45;667;667;1.67;0.12;376.16;2.12;60;0;3;826.00;0
607;0;0;607;49;667;667;1.37;0.10;376.16;2.12;60;0;3;827.00;0
607;0;0;607;52;667;667;1.33;0.10;376.16;2.12;60;0;3;828.00;0
608;0;1;608;53;667;667;1.02;0.07;376.76;2.12;59;0;3;829.00;0
608;0;0;608;53;667;667;0.88;0.06;376.76;2.12;59;0;3;830.00;0
608;0;0;608;48;667;667;1.03;0.07;376.76;2.12;59;0;3;831.00;0
608;0;0;608;47;667;667;1.31;0.09;376.76;2.12;59;0;3;832.00;0
608;0;0;608;47;667;667;1.54;0.11;376.76;2.12;59;0;3;833.00;0
608;0;0;608;45;667;667;1.90;0.14;376.76;2.12;59;0;3;834.00;0
610;0;1;610;44;667;667;1.91;0.14;378.17;2.12;57;0;3;835.00;0
611;0;0;611;42;667;667;2.08;0.15;378.76;2.12;56;0;3;836.00;0
611;0;0;611;41;667;667;2.10;0.15;378.76;2.12;56;0;3;837.00;0
611;0;0;611;41;667;667;2.11;0.15;378.76;2.12;56;0;3;838.00;0
611;0;0;611;43;667;667;2.07;0.15;378.76;2.12;56;0;3;839.00;0
611;0;0;611;44;667;667;2.15;0.15;378.76;2.12;56;0;3;840.00;0
611;0;1;611;45;667;667;1.94;0.14;378.76;2.12;56;0;3;841.00;0
611;0;0;611;45;667;667;1.78;0.13;378.76;2.12;56;0;3;842.00;0
611;0;0;611;47;667;667;1.63;0.12;378.76;2.12;56;0;3;843.00;0
612;0;0;612;47;667;667;1.40;0.10;379.42;2.12;55;0;3;844.00;0
613;0;0;613;48;667;667;1.00;0.07;380.07;2.12;54;0;3;845.00;0
613;0;0;613;49;667;667;0.85;0.06;380.07;2.12;54;0;3;846.00;0
613;0;1;613;49;667;667;0.76;0.05;380.07;2.12;54;0;3;847.00;0
613;0;0;613;50;667;667;0.75;0.05;380.07;2.12;54;0;3;848.00;0
613;0;0;613;50;667;667;0.74;0.05;380.07;2.12;54;0;3;849.00;0
613;0;0;613;50;667;667;0.73;0.05;380.07;2.12;54;0;3;850.00;0
613;0;0;613;51;667;667;0.73;0.05;380.07;2.12;54;0;3;851.00;0
614;0;0;614;51;667;667;0.49;0.04;380.72;2.12;53;0;3;852.00;0
615;0;0;615;51;667;667;0.25;0.02;381.37;2.12;52;0;3;853.00;0
615;0;1;615;45;667;667;0.46;0.03;381.37;2.12;52;0;3;854.00;0
615;0;0;615;41;667;667;0.83;0.06;381.37;2.12;52;0;3;855.00;0
615;0;0;615;38;667;667;1.17;0.08;381.37;2.12;52;0;3;856.00;0
616;0;0;616;35;667;667;1.55;0.11;382.00;2.12;51;0;3;857.00;0
616;0;1;616;33;667;667;1.97;0.14;382.00;2.12;51;0;3;858.00;0
616;0;0;616;32;667;667;2.33;0.17;382.00;2.12;51;0;3;859.00;0
616;0;0;616;31;667;667;2.66;0.19;382.00;2.12;51;0;3;860.00;0
616;0;0;616;31;667;667;2.97;0.21;382.00;2.12;51;0;3;861.00;0
616;0;0;616;32;667;667;3.15;0.23;382.00;2.12;51;0;3;862.00;0
616;0;1;616;31;667;667;3.23;0.23;382.00;2.12;51;0;3;863.00;0
616;0;0;616;28;667;667;3.13;0.23;382.00;2.12;51;0;3;864.00;0
616;0;0;616;28;667;667;3.37;0.24;382.00;2.12;51;0;3;865.00;0
617;0;0;617;28;667;667;3.29;0.24;382.72;2.12;50;0;3;866.00;0
618;0;0;618;28;667;667;3.22;0.23;383.41;2.12;49;0;3;867.00;0
619;0;0;619;28;667;667;3.17;0.23;384.06;2.12;48;0;3;868.00;0
619;0;1;619;28;667;667;3.22;0.23;384.06;2.12;48;0;3;869.00;0
619;0;0;619;30;667;667;3.12;0.22;384.06;2.12;48;0;3;870.00;0
619;0;0;619;30;667;667;2.99;0.22;384.06;2.12;48;0;3;871.00;0
620;0;0;620;30;667;667;2.48;0.18;384.76;2.12;47;0;3;872.00;0
620;0;0;620;31;667;667;2.22;0.16;384.76;2.12;47;0;3;873.00;0
620;0;0;620;34;667;667;1.98;0.14;384.76;2.12;47;0;3;874.00;0
620;0;0;620;36;667;667;1.59;0.11;384.76;2.12;47;0;3;875.00;0
620;0;1;620;35;667;667;1.20;0.09;384.76;2.12;47;0;3;876.00;0
620;0;0;620;28;667;667;1.50;0.11;384.76;2.12;47;0;3;877.00;0
620;0;0;620;26;667;667;1.88;0.14;384.76;2.12;47;0;3;878.00;0
621;0;0;621;22;667;667;2.16;0.16;385.42;2.12;46;0;3;879.00;0
623;0;0;623;22;667;667;2.80;0.20;386.83;2.12;44;0;3;880.00;0
623;0;1;623;21;667;667;3.50;0.25;386.83;2.12;44;0;3;881.00;0
623;0;0;623;21;667;667;4.11;0.30;386.83;2.12;44;0;3;882.00;0
624;0;0;624;20;667;667;4.56;0.33;387.49;2.12;43;0;3;883.00;0
624;0;0;624;20;667;667;4.96;0.36;387.49;2.12;43;0;3;884.00;0
624;0;0;624;20;667;667;5.33;0.38;387.49;2.12;43;0;3;885.00;0
624;0;0;624;20;667;667;5.54;0.40;387.49;2.12;43;0;3;886.00;0
625;0;1;625;20;667;667;5.54;0.40;388.15;2.12;42;0;3;887.00;0
625;0;0;625;20;667;667;5.64;0.41;388.15;2.12;42;0;3;888.00;0
625;0;0;625;20;667;667;5.56;0.40;388.15;2.12;42;0;3;889.00;0
626;0;0;626;20;667;667;5.16;0.37;388.87;2.12;41;0;3;890.00;0
627;0;0;627;20;667;667;4.76;0.34;389.56;2.12;40;0;3;891.00;0
627;0;0;627;21;667;667;4.35;0.31;389.56;2.12;40;0;3;892.00;0
627;0;0;627;22;667;667;4.15;0.30;389.56;2.12;40;0;3;893.00;0
627;0;0;627;23;667;667;4.30;0.31;389.56;2.12;40;0;3;894.00;0
630;0;0;630;24;667;667;3.91;0.28;391.74;2.12;37;0;3;895.00;0
631;0;0;631;24;667;667;3.66;0.26;392.46;2.12;36;0;3;896.00;0
632;0;0;632;24;667;667;3.44;0.25;393.18;2.12;35;0;3;897.00;0
632;0;0;632;25;667;667;3.27;0.24;393.18;2.12;35;0;3;898.00;0
635;0;0;635;25;667;667;2.20;0.16;395.28;2.12;32;0;3;899.00;0
635;0;0;635;18;667;667;2.47;0.18;395.28;2.12;32;0;3;900.00;0
635;0;0;635;15;667;667;2.79;0.20;395.28;2.12;32;0;3;901.00;0
636;0;1;636;14;667;667;2.91;0.21;396.04;2.12;31;0;3;902.00;0
637;0;0;637;14;667;667;3.31;0.24;396.71;2.12;30;0;3;903.00;0
637;0;0;637;14;667;667;4.21;0.30;396.71;2.12;30;0;3;904.00;0
637;0;0;637;14;667;667;5.01;0.36;396.71;2.12;30;0;3;905.00;0
637;0;0;637;14;667;667;5.59;0.40;396.71;2.12;30;0;3;906.00;0
637;0;0;637;14;667;667;6.07;0.44;396.71;2.12;30;0;3;907.00;0
637;0;0;637;14;667;667;6.21;0.45;396.71;2.12;30;0;3;908.00;0
637;0;0;637;14;667;667;6.57;0.47;396.71;2.12;30;0;3;909.00;0
637;0;0;637;14;667;667;6.67;0.48;396.71;2.12;30;0;3;910.00;0
637;0;0;637;14;667;667;6.68;0.48;396.71;2.12;30;0;3;911.00;0
638;0;0;638;14;667;667;6.36;0.46;397.38;2.12;29;0;3;912.00;0
640;0;0;640;14;667;667;5.50;0.40;398.92;2.12;27;0;3;913.00;0
640;0;0;640;14;667;667;5.06;0.36;398.92;2.12;27;0;3;914.00;0
641;0;0;641;14;667;667;3.87;0.28;399.65;2.12;26;0;3;915.00;0
641;0;1;641;16;667;667;3.16;0.23;399.65;2.12;26;0;3;916.00;0
641;0;0;641;16;667;667;2.88;0.21;399.65;2.12;26;0;3;917.00;0
641;0;0;641;18;667;667;2.36;0.17;399.65;2.12;26;0;3;918.00;0
641;0;0;641;19;667;667;2.20;0.16;399.65;2.12;26;0;3;919.00;0
641;0;0;641;20;667;667;1.86;0.13;399.65;2.12;26;0;3;920.00;0
641;0;0;641;17;667;667;2.08;0.15;399.65;2.12;26;0;3;921.00;0
641;0;0;641;17;667;667;2.65;0.19;399.65;2.12;26;0;3;922.00;0
643;0;0;643;17;667;667;2.00;0.14;401.09;2.12;24;0;3;923.00;0
643;0;0;643;17;667;667;2.20;0.16;401.09;2.12;24;0;3;924.00;0
643;0;0;643;17;667;667;2.46;0.18;401.09;2.12;24;0;3;925.00;0
643;0;0;643;18;667;667;2.70;0.19;401.09;2.12;24;0;3;926.00;0
643;0;0;643;18;667;667;3.02;0.22;401.09;2.12;24;0;3;927.00;0
643;0;1;643;18;667;667;3.14;0.23;401.09;2.12;24;0;3;928.00;0
643;0;0;643;18;667;667;3.17;0.23;401.09;2.12;24;0;3;929.00;0
643;0;0;643;18;667;667;3.04;0.22;401.09;2.12;24;0;3;930.00;0
643;0;0;643;18;667;667;2.93;0.21;401.09;2.12;24;0;3;931.00;0
643;0;0;643;18;667;667;3.02;0.22;401.09;2.12;24;0;3;932.00;0
643;0;0;643;18;667;667;2.86;0.21;401.09;2.12;24;0;3;933.00;0
643;0;0;643;18;667;667;2.84;0.20;401.09;2.12;24;0;3;934.00;0
644;0;0;644;18;667;667;2.28;0.16;401.76;2.12;23;0;3;935.00;0
645;0;0;645;19;667;667;1.66;0.12;402.50;2.12;22;0;3;936.00;0
645;0;0;645;19;667;667;1.41;0.10;402.50;2.12;22;0;3;937.00;0
645;0;0;645;19;667;667;1.30;0.09;402.50;2.12;22;0;3;938.00;0
645;0;0;645;19;667;667;1.25;0.09;402.50;2.12;22;0;3;939.00;0
645;0;0;645;20;667;667;1.24;0.09;402.50;2.12;22;0;3;940.00;0
646;0;1;646;20;667;667;0.60;0.04;403.23;2.12;21;0;3;941.00;0
646;0;0;646;20;667;667;0.60;0.04;403.23;2.12;21;0;3;942.00;0
646;0;0;646;20;667;667;0.57;0.04;403.23;2.12;21;0;3;943.00;0
647;0;0;647;17;667;667;0.26;0.02;403.97;2.12;20;0;3;944.00;0
647;0;0;647;14;667;667;0.73;0.05;403.97;2.12;20;0;3;945.00;0
647;0;0;647;11;667;667;1.48;0.11;403.97;2.12;20;0;3;946.00;0
647;0;0;647;9;667;667;2.37;0.17;403.97;2.12;20;0;3;947.00;0
647;0;0;647;8;667;667;3.32;0.24;403.97;2.12;20;0;3;948.00;0
647;0;0;647;7;667;667;4.27;0.31;403.97;2.12;20;0;3;949.00;0
647;0;0;647;7;667;667;4.94;0.36;403.97;2.12;20;0;3;950.00;0
647;0;0;647;7;667;667;5.46;0.39;403.97;2.12;20;0;3;951.00;0
647;0;1;647;7;667;667;6.15;0.44;403.97;2.12;20;0;3;952.00;0
647;0;0;647;7;667;667;6.65;0.48;403.97;2.12;20;0;3;953.00;0
647;0;0;647;7;667;667;6.92;0.50;403.97;2.12;20;0;3;954.00;0
647;0;0;647;7;667;667;7.34;0.53;403.97;2.12;20;0;3;955.00;0
647;0;0;647;7;667;667;7.43;0.53;403.97;2.12;20;0;3;956.00;0
648;0;0;648;7;667;667;6.79;0.49;404.77;2.12;19;0;3;957.00;0
648;0;0;648;7;667;667;7.00;0.50;404.77;2.12;19;0;3;958.00;0
650;0;0;650;7;667;667;5.94;0.43;406.44;2.12;17;0;3;959.00;0
650;0;0;650;7;667;667;5.48;0.39;406.44;2.12;17;0;3;960.00;0
650;0;1;650;8;667;667;4.77;0.34;406.44;2.12;17;0;3;961.00;0
651;0;0;651;9;667;667;4.37;0.31;407.23;2.12;16;0;3;962.00;0
651;0;0;651;9;667;667;3.70;0.27;407.23;2.12;16;0;3;963.00;0
652;0;0;652;10;667;667;2.47;0.18;407.99;2.12;15;0;3;964.00;0
652;0;0;652;10;667;667;1.71;0.12;407.99;2.12;15;0;3;965.00;0
652;0;0;652;12;667;667;1.12;0.08;407.99;2.12;15;0;3;966.00;0
652;0;0;652;7;667;667;1.90;0.14;407.99;2.12;15;0;3;967.00;0
653;0;0;653;7;667;667;2.41;0.17;408.73;2.12;14;0;3;968.00;0
653;0;0;653;6;667;667;3.17;0.23;408.73;2.12;14;0;3;969.00;0
654;0;1;654;6;667;667;4.05;0.29;409.44;2.12;13;0;3;970.00;0
655;0;0;655;6;667;667;4.52;0.33;410.23;2.12;12;0;3;971.00;0
655;0;0;655;6;667;667;5.35;0.38;410.23;2.12;12;0;3;972.00;0
655;0;0;655;6;667;667;6.00;0.43;410.23;2.12;12;0;3;973.00;0
655;0;0;655;6;667;667;6.01;0.43;410.23;2.12;12;0;3;974.00;0
655;0;0;655;6;667;667;6.28;0.45;410.23;2.12;12;0;3;975.00;0
655;0;0;655;6;667;667;6.32;0.46;410.23;2.12;12;0;3;976.00;0
655;0;0;655;6;667;667;6.58;0.47;410.23;2.12;12;0;3;977.00;0
655;0;0;655;6;667;667;6.57;0.47;410.23;2.12;12;0;3;978.00;0
655;0;0;655;6;667;667;6.76;0.49;410.23;2.12;12;0;3;979.00;0
655;0;1;655;6;667;667;6.66;0.48;410.23;2.12;12;0;3;980.00;0
656;0;0;656;6;667;667;5.69;0.41;410.96;2.12;11;0;3;981.00;0
656;0;0;656;6;667;667;5.88;0.42;410.96;2.12;11;0;3;982.00;0
656;0;0;656;6;667;667;5.81;0.42;410.96;2.12;11;0;3;983.00;0
656;0;0;656;6;667;667;5.80;0.42;410.96;2.12;11;0;3;984.00;0
657;0;0;657;6;667;667;5.22;0.38;411.70;2.12;10;0;3;985.00;0
657;0;0;657;6;667;667;5.43;0.39;411.70;2.12;10;0;3;986.00;0
657;0;0;657;6;667;667;5.46;0.39;411.70;2.12;10;0;3;987.00;0
657;0;0;657;6;667;667;5.31;0.38;411.70;2.12;10;0;3;988.00;0
657;0;0;657;6;667;667;4.89;0.35;411.70;2.12;10;0;3;989.00;0
657;0;0;657;2;667;667;5.28;0.38;411.70;2.12;10;0;3;990.00;0
658;0;0;658;2;667;667;4.68;0.34;412.47;2.12;9;0;3;991.00;0
658;0;0;658;2;667;667;5.44;0.39;412.47;2.12;9;0;3;992.00;0
658;0;0;658;3;667;667;6.27;0.45;412.47;2.12;9;0;3;993.00;0
658;0;0;658;3;667;667;7.00;0.50;412.47;2.12;9;0;3;994.00;0
659;0;0;659;3;667;667;7.36;0.53;413.34;2.12;8;0;3;995.00;0
659;0;0;659;3;667;667;8.04;0.58;413.34;2.12;8;0;3;996.00;0
659;0;0;659;3;667;667;7.98;0.57;413.34;2.12;8;0;3;997.00;0
659;0;0;659;3;667;667;7.92;0.57;413.34;2.12;8;0;3;998.00;0
659;0;0;659;3;667;667;8.29;0.60;413.34;2.12;8;0;3;999.00;0
660;0;0;660;3;667;667;7.38;0.53;414.22;2.12;7;0;3;1000.00;0
660;0;0;660;3;667;667;7.68;0.55;414.22;2.12;7;0;3;1001.00;0
660;0;0;660;3;667;667;7.09;0.51;414.22;2.12;7;0;3;1002.00;0
661;0;0;661;3;667;667;5.17;0.37;415.00;2.12;6;0;3;1003.00;0
662;0;0;662;3;667;667;2.94;0.21;415.82;2.12;5;0;3;1004.00;0
662;0;0;662;3;667;667;2.40;0.17;415.82;2.12;5;0;3;1005.00;0
662;0;0;662;4;667;667;2.40;0.17;415.82;2.12;5;0;3;1006.00;0
662;0;0;662;4;667;667;2.41;0.17;415.82;2.12;5;0;3;1007.00;0
662;0;0;662;4;667;667;2.54;0.18;415.82;2.12;5;0;3;1008.00;0
662;0;0;662;4;667;667;2.35;0.17;415.82;2.12;5;0;3;1009.00;0
662;0;0;662;4;667;667;2.47;0.18;415.82;2.12;5;0;3;1010.00;0
662;0;0;662;2;667;667;3.20;0.23;415.82;2.12;5;0;3;1011.00;0
662;0;0;662;1;667;667;4.44;0.32;415.82;2.12;5;0;3;1012.00;0
662;0;0;662;1;667;667;5.61;0.40;415.82;2.12;5;0;3;1013.00;0
663;0;0;663;1;667;667;5.37;0.39;416.63;2.12;4;0;3;1014.00;0
663;0;0;663;1;667;667;6.57;0.47;416.63;2.12;4;0;3;1015.00;0
663;0;0;663;1;667;667;7.91;0.57;416.63;2.12;4;0;3;1016.00;0
663;0;0;663;1;667;667;8.89;0.64;416.63;2.12;4;0;3;1017.00;0
663;0;0;663;1;667;667;9.32;0.67;416.63;2.12;4;0;3;1018.00;0
663;0;0;663;1;667;667;9.68;0.70;416.63;2.12;4;0;3;1019.00;0
663;0;0;663;1;667;667;9.30;0.67;416.63;2.12;4;0;3;1020.00;0
663;0;0;663;1;667;667;9.70;0.70;416.63;2.12;4;0;3;1021.00;0
663;0;0;663;1;667;667;9.43;0.68;416.63;2.12;4;0;3;1022.00;0
663;0;0;663;1;667;667;9.48;0.68;416.63;2.12;4;0;3;1023.00;0
663;0;0;663;1;667;667;9.93;0.71;416.63;2.12;4;0;3;1024.00;0
664;0;0;664;1;667;667;8.53;0.61;417.53;2.12;3;0;3;1025.00;0
664;0;0;664;1;667;667;8.42;0.61;417.53;2.12;3;0;3;1026.00;0
664;0;0;664;1;667;667;8.08;0.58;417.53;2.12;3;0;3;1027.00;0
665;0;0;665;1;667;667;6.42;0.46;418.30;2.12;2;0;3;1028.00;0
665;0;0;665;1;667;667;6.60;0.47;418.30;2.12;2;0;3;1029.00;0
665;0;0;665;1;667;667;6.75;0.49;418.30;2.12;2;0;3;1030.00;0
665;0;0;665;1;667;667;6.23;0.45;418.30;2.12;2;0;3;1031.00;0
665;0;0;665;1;667;667;6.40;0.46;418.30;2.12;2;0;3;1032.00;0
666;0;0;666;1;667;667;0.00;0.00;419.09;2.12;1;0;3;1033.00;0
666;0;0;666;1;667;667;0.00;0.00;419.09;2.12;1;0;3;1034.00;0
666;0;0;666;1;667;667;0.00;0.00;419.09;2.12;1;0;3;1035.00;0
666;0;0;666;1;667;667;0.00;0.00;419.09;2.12;1;0;3;1036.00;0
666;0;0;666;1;667;667;0.00;0.00;419.09;2.12;1;0;3;1037.00;0
666;0;0;666;1;667;667;0.00;0.00;419.09;2.12;1;0;3;1038.00;0
666;0;0;666;1;667;667;0.00;0.00;419.09;2.12;1;0;3;1039.00;0
666;0;0;666;1;667;667;0.00;0.00;419.09;2.12;1;0;3;1040.00;0
666;0;0;666;1;667;667;0.00;0.00;419.09;2.12;1;0;3;1041.00;0
666;0;0;666;1;667;667;0.00;0.00;419.09;2.12;1;0;3;1042.00;0
666;0;0;666;1;667;667;0.00;0.00;419.09;2.12;1;0;3;1043.00;0
666;0;0;666;1;667;667;0.00;0.00;419.09;2.12;1;0;3;1044.00;0
666;0;0;666;1;667;667;0.00;0.00;419.09;2.12;1;0;3;1045.00;0
666;0;0;666;1;667;667;0.00;0.00;419.09;2.12;1;0;3;1046.00;0
666;0;0;666;1;667;667;0.00;0.00;419.09;2.12;1;0;3;1047.00;0
666;0;0;666;1;667;667;0.00;0.00;419.09;2.12;1;0;3;1048.00;0
666;0;0;666;1;667;667;0.00;0.00;419.09;2.12;1;0;3;1049.00;0
666;0;0;666;1;667;667;0.00;0.00;419.09;2.12;1;0;3;1050.00;0
666;0;0;666;1;667;667;0.00;0.00;419.09;2.12;1;0;3;1051.00;0
666;0;0;666;1;667;667;0.00;0.00;419.09;2.12;1;0;3;1052.00;0
666;0;0;666;1;667;667;0.00;0.00;419.09;2.12;1;0;3;1053.00;0
666;0;0;666;1;667;667;0.00;0.00;419.09;2.12;1;0;3;1054.00;0
666;0;0;666;1;667;667;0.00;0.00;419.09;2.12;1;0;3;1055.00;0
666;0;0;666;1;667;667;0.00;0.00;419.09;2.12;1;0;3;1056.00;0
666;0;0;666;0;667;667;2.59;0.19;419.09;2.12;1;0;3;1057.00;0
666;0;0;666;0;667;667;4.15;0.30;419.09;2.12;1;0;3;1058.00;0
666;0;0;666;0;667;667;5.54;0.40;419.09;2.12;1;0;3;1059.00;0
666;0;0;666;0;667;667;7.01;0.50;419.09;2.12;1;0;3;1060.00;0
666;0;0;666;0;667;667;9.60;0.69;419.09;2.12;1;0;3;1061.00;0
666;0;0;666;0;667;667;11.59;0.83;419.09;2.12;1;0;3;1062.00;0
666;0;0;666;0;667;667;12.91;0.93;419.09;2.12;1;0;3;1063.00;0
666;0;0;666;0;667;667;14.52;1.05;419.09;2.12;1;0;3;1064.00;0
666;0;0;666;0;667;667;15.31;1.10;419.09;2.12;1;0;3;1065.00;0
666;0;0;666;0;667;667;15.06;1.08;419.09;2.12;1;0;3;1066.00;0
666;0;0;666;0;667;667;15.15;1.09;419.09;2.12;1;0;3;1067.00;0
666;0;0;666;0;667;667;15.66;1.13;419.09;2.12;1;0;3;1068.00;0
666;0;0;666;0;667;667;15.33;1.10;419.09;2.12;1;0;3;1069.00;0
666;0;0;666;0;667;667;14.98;1.08;419.09;2.12;1;0;3;1070.00;0
666;0;0;666;0;667;667;14.48;1.04;419.09;2.12;1;0;3;1071.00;0
666;0;0;666;0;667;667;14.59;1.05;419.09;2.12;1;0;3;1072.00;0
666;0;0;666;0;667;667;14.97;1.08;419.09;2.12;1;0;3;1073.00;0
666;0;0;666;0;667;667;14.92;1.07;419.09;2.12;1;0;3;1074.00;0
666;0;0;666;0;667;667;15.40;1.11;419.09;2.12;1;0;3;1075.00;0
666;0;0;666;0;667;667;15.02;1.08;419.09;2.12;1;0;3;1076.00;0
667;0;0;667;0;667;667;-1.00;-1.00;419.95;2.12;0;0;3;1077.00;0
