step,system_total_stopped,system_total_waiting_time,system_mean_waiting_time,system_mean_speed,A0_stopped,A0_accumulated_waiting_time,A0_average_speed,A1_stopped,A1_accumulated_waiting_time,A1_average_speed,A2_stopped,A2_accumulated_waiting_time,A2_average_speed,B0_stopped,B0_accumulated_waiting_time,B0_average_speed,B1_stopped,B1_accumulated_waiting_time,B1_average_speed,B2_stopped,B2_accumulated_waiting_time,B2_average_speed,C0_stopped,C0_accumulated_waiting_time,C0_average_speed,C1_stopped,C1_accumulated_waiting_time,C1_average_speed,C2_stopped,C2_accumulated_waiting_time,C2_average_speed,agents_total_stopped,agents_total_accumulated_waiting_time,average_rewards
0.0,0,0.0,0.0,0.0,0,0.0,1.0,0,0.0,1.0,0,0.0,1.0,0,0.0,1.0,0,0.0,1.0,0,0.0,1.0,0,0.0,1.0,0,0.0,1.0,0,0.0,1.0,0,0.0,0.0
5.0,4,0.0,0.0,2.699175938611734,0,0.0,0.1437112004116107,1,0.0,0.16439204178566832,1,0.0,0.2837115860153754,0,0.0,0.12689935617170062,0,0.0,0.2671361824644391,0,0.0,1.0,0,0.0,0.2272888477403706,1,0.0,0.06727452847200545,1,0.0,0.1912304834082972,4,0.0,-0.2222222222222222
10.0,7,0.0,0.0,6.617607913633683,1,0.0,0.32257848009367096,2,0.0,0.5131603199552752,0,0.0,0.7500057597784758,1,0.0,0.293626118514405,0,0.0,0.6660658013483475,2,0.0,0.2436944401317921,0,0.0,0.6737678581896046,0,0.0,0.4296364289906595,1,0.0,0.4487559590259486,7,0.0,-0.3888888888888889
15.0,8,0.0,0.0,9.136070509859055,1,0.0,0.5818586778364581,1,0.0,0.6273458038138168,0,0.0,0.7997077795623733,2,0.0,0.5321176125763007,1,0.0,0.5798816442616113,2,0.0,0.5313378663320923,0,0.0,0.9489614605304586,0,0.0,0.9225156119800201,1,0.0,0.7211895451336471,8,0.0,-0.4444444444444444
20.0,12,16.0,0.17582417582417584,8.27358614800606,2,2.0,0.6325642265044625,1,4.0,0.6143496936246371,2,0.0,0.599212052164755,1,2.0,0.597650287961184,4,7.0,0.38718100067458966,0,0.0,0.6441758448914829,0,0.0,0.500722567325001,1,1.0,0.5971889798026548,1,0.0,0.7042333247813322,12,16.0,-0.6666666666666666
25.0,17,68.0,0.6181818181818182,7.614644283076593,2,8.0,0.5097331233837311,2,14.0,0.5949256805588312,1,2.0,0.6232027652745252,4,17.0,0.42053189273731095,4,18.0,0.41353168015643355,1,3.0,0.605047917654614,0,0.0,0.5890433091733993,3,8.0,0.48074852811839935,0,0.0,0.7566143264854054,17,70.0,-0.9444444444444444
30.0,43,200.0,1.408450704225352,6.034285600006754,5,26.0,0.49252553417309625,6,35.0,0.3995105160256051,4,4.0,0.5296753907890328,8,48.0,0.21982489877909742,6,44.0,0.40440763001404667,5,18.0,0.5228528055493454,0,0.0,0.4579587452853193,5,26.0,0.2968019090130837,4,6.0,0.5125397375610337,43,207.0,-2.388888888888889
35.0,49,330.0,1.9760479041916168,5.798713185614266,6,54.0,0.42302197513626255,9,70.0,0.3773877814546093,3,14.0,0.5656725253085096,6,68.0,0.37101196519632373,7,63.0,0.3931027214787905,8,34.0,0.3531219451665504,1,5.0,0.532646251342771,5,39.0,0.37701081918704377,4,17.0,0.43845869005997384,49,364.0,-2.7222222222222223
40.0,66,565.0,3.0376344086021505,5.915104030736413,9,89.0,0.33953879494332584,7,100.0,0.4103119053210068,5,34.0,0.6072517179456959,7,69.0,0.4405135181998943,13,112.0,0.2886840469040504,14,92.0,0.27912380216347193,2,10.0,0.5675935710172054,6,66.0,0.45642785025733157,3,33.0,0.5556595884721774,66,605.0,-3.6666666666666665
45.0,87,836.0,4.019230769230769,5.005931351396261,14,147.0,0.2347984323693043,10,138.0,0.33545604625241254,9,64.0,0.5079414957324775,7,80.0,0.35943152861380007,12,158.0,0.26160587581063033,20,171.0,0.16742770912036692,5,20.0,0.4514012248292064,6,85.0,0.4771239605570822,4,22.0,0.5582491394659018,87,885.0,-4.833333333333333
50.0,113,1172.0,5.0085470085470085,4.318657446084492,19,223.0,0.15852431581868284,14,167.0,0.3085295828283919,8,81.0,0.41095737199152754,9,118.0,0.21940413153684488,18,217.0,0.24190189375983,21,276.0,0.2278527261228602,8,51.0,0.4466277004960133,6,115.0,0.4063511769473652,10,50.0,0.36754491839769315,113,1298.0,-6.277777777777778
55.0,126,1567.0,6.145098039215687,3.919584331503036,21,322.0,0.1210650898545172,15,203.0,0.24516030962282206,11,89.0,0.2606375904971946,8,143.0,0.2850018279315997,20,313.0,0.17437281167113303,21,357.0,0.23617993453972505,9,94.0,0.39714108500393136,8,148.0,0.39137613015601264,13,104.0,0.38367262002588604,126,1773.0,-7.0
60.0,134,1983.0,7.210909090909091,3.7504874205218592,21,383.0,0.16484232611229732,16,253.0,0.20961657978874398,11,138.0,0.22818915535112486,10,178.0,0.36722814990743213,24,422.0,0.2267155782760205,20,421.0,0.19088058696170404,13,153.0,0.31426637047625794,9,181.0,0.2972380437292886,10,136.0,0.4077150815381888,134,2265.0,-7.444444444444445
65.0,138,2133.0,7.255102040816326,3.56469124356003,21,455.0,0.24136615115317234,21,348.0,0.20909420800062503,16,202.0,0.20250057987609263,6,163.0,0.4148484602500706,26,504.0,0.1492998239877145,17,452.0,0.19793035608859,12,177.0,0.21092300623301422,12,236.0,0.25467503090224247,7,142.0,0.3694515871241528,138,2679.0,-7.666666666666667
70.0,163,2410.0,7.6025236593059935,3.242670189274072,24,554.0,0.1457937329270891,27,415.0,0.19206287259601126,16,279.0,0.24836396033671962,6,103.0,0.45289272472656755,26,598.0,0.21328284278007145,18,425.0,0.18887503644841822,13,201.0,0.24555517545513147,18,303.0,0.20697925763737748,15,159.0,0.24515589542228308,163,3037.0,-9.055555555555555
75.0,178,2830.0,8.179190751445086,3.305480493705963,31,696.0,0.18177838475637917,28,501.0,0.15897047628607974,18,358.0,0.21226528307442044,7,103.0,0.38654296508330827,26,693.0,0.2514098164871534,21,509.0,0.1974540832235699,11,233.0,0.2818618921314431,17,302.0,0.28920213952119017,19,236.0,0.21564095063892827,178,3631.0,-9.88888888888889
80.0,187,3285.0,8.830645161290322,3.2937658189015138,27,783.0,0.24491981018760572,32,607.0,0.10058713757416865,12,371.0,0.3699924986543099,11,138.0,0.3365031467247862,28,822.0,0.1678170956844853,25,615.0,0.15406800975670593,13,261.0,0.29058595401577225,18,359.0,0.28435698828308564,21,317.0,0.2652049752301733,187,4273.0,-10.38888888888889
85.0,205,3650.0,9.07960199004975,3.2171079168377226,26,888.0,0.20042196582467917,35,708.0,0.13177826594101216,9,332.0,0.40426569792633554,18,211.0,0.3099545080566132,35,967.0,0.14471979106015792,25,660.0,0.18727550958765754,16,300.0,0.27384309017194813,21,449.0,0.2078341548250932,20,367.0,0.2570465988843314,205,4882.0,-11.38888888888889
90.0,233,4280.0,10.09433962264151,3.1790707923509047,32,1032.0,0.18292427804824593,38,871.0,0.14211453625702553,13,384.0,0.29769628632897815,17,222.0,0.2662338633591143,37,1092.0,0.1804825353076829,33,677.0,0.1750047687302889,17,322.0,0.2020354276055648,26,555.0,0.21204824916288298,20,399.0,0.2793180572107377,233,5554.0,-12.944444444444445
95.0,262,5066.0,11.333333333333334,2.8864241928285645,34,1177.0,0.22955865438656642,43,1065.0,0.10595571200204641,18,465.0,0.27682320977954417,20,254.0,0.20629684905856982,43,1258.0,0.16861280244760982,40,832.0,0.1044770028662895,16,333.0,0.21514154351805687,23,618.0,0.20186754780731786,25,493.0,0.2160173237162786,262,6495.0,-14.555555555555555
100.0,295,5802.0,12.423982869379016,2.602502294172686,41,1326.0,0.19624716896826594,50,1288.0,0.09789440722110258,20,524.0,0.22724083633035402,24,370.0,0.28667776945805606,45,1332.0,0.162763505787591,39,1011.0,0.0681210725143893,17,346.0,0.2046797059244198,25,648.0,0.19026825049512228,34,624.0,0.10100297444661809,295,7469.0,-16.38888888888889
105.0,304,6259.0,13.3454157782516,2.341922123885097,42,1450.0,0.13551567470584583,51,1467.0,0.096822671361315,18,576.0,0.2135290348553148,27,494.0,0.23530938261934803,42,1275.0,0.12401796363416925,39,1176.0,0.10373863604275861,19,399.0,0.1671317667319012,28,752.0,0.20716211310756036,38,803.0,0.12331116156850354,304,8392.0,-16.88888888888889
110.0,304,6163.0,13.282327586206897,1.9418061300563891,39,1544.0,0.12476805300332797,53,1697.0,0.07523447478843413,16,559.0,0.27201982906463157,28,588.0,0.18881754211218213,41,1422.0,0.10001983625679799,37,1277.0,0.06529833043137064,22,451.0,0.09187589299035362,26,869.0,0.11768862694691277,42,1004.0,0.11769061394737448,304,9411.0,-16.88888888888889
115.0,306,6254.0,13.714912280701755,1.5000411625784293,39,1691.0,0.05603329293526983,51,1926.0,0.0631529800893393,18,581.0,0.15466584921658097,33,676.0,0.10493905243670294,42,1488.0,0.09996944859826863,38,1324.0,0.048589142477618905,21,533.0,0.15479357243365577,27,976.0,0.08984351241751888,37,1077.0,0.09186926154211061,306,10272.0,-17.0
120.0,309,6498.0,14.281318681318682,1.595257900174777,40,1888.0,0.03698719091657243,55,2108.0,0.05785027053009826,18,536.0,0.05311996221156504,36,821.0,0.14171534823644144,39,1579.0,0.14558126983049594,37,1511.0,0.06222536056769453,21,590.0,0.17197712196953371,24,1033.0,0.1260251163474827,39,1107.0,0.032095804759374416,309,11173.0,-17.166666666666668
125.0,323,7229.0,15.887912087912088,1.4237914883752678,42,2029.0,0.0355940981869557,55,2313.0,0.06819355901910813,20,483.0,0.043258926701626135,39,1007.0,0.10663413163829387,44,1727.0,0.09244421482861634,38,1705.0,0.1170203563311162,21,607.0,0.06312741120985357,29,1123.0,0.10413389475264118,35,1259.0,0.058395557520402326,323,12253.0,-17.944444444444443
130.0,331,7549.0,16.812917594654788,1.1175211513971766,40,2145.0,0.03994119972678655,55,2457.0,0.0468900506753939,21,519.0,0.08983149897671959,44,1213.0,0.04545045554161388,49,1814.0,0.042420900125132145,38,1842.0,0.0945940083716262,18,615.0,0.08358309091539366,29,1062.0,0.1046527302962792,37,1381.0,0.04792011961607489,331,13048.0,-18.38888888888889
135.0,331,8125.0,18.258426966292134,1.058806215345725,41,2348.0,0.01659878648760587,52,2677.0,0.044354094411625876,19,490.0,0.09014950080742852,45,1401.0,0.0657418272923351,48,1776.0,0.06269525008850382,39,1935.0,0.06426695592884354,17,645.0,0.17559723685472822,28,1043.0,0.04469074735611456,42,1579.0,0.023187353234300545,331,13894.0,-18.38888888888889
140.0,314,8716.0,19.764172335600907,1.1096734540239668,30,2518.0,0.044314528023612916,53,2869.0,0.04592783258166679,17,575.0,0.11721931953001476,45,1547.0,0.04166060985444947,39,1783.0,0.1202138346905281,39,2082.0,0.04444201047453666,20,712.0,0.1561565169029283,27,1066.0,0.0834395969964165,44,1796.0,0.027385358432897144,314,14948.0,-17.444444444444443
145.0,323,9517.0,21.728310502283104,0.9749330450623002,33,2516.0,0.02219476731813781,61,3158.0,0.026223941505431985,21,643.0,0.09597646128715476,44,1674.0,0.055401894237272646,30,1787.0,0.135493583006271,43,2291.0,0.04021964320636862,19,759.0,0.13702453077346513,32,1145.0,0.06998078558097455,40,1891.0,0.01524953005666891,323,15864.0,-17.944444444444443
150.0,329,9646.0,22.27713625866051,0.908137679114446,32,2464.0,0.025510835644417397,66,3476.0,0.005314094559319776,24,735.0,0.0029023710933007733,45,1859.0,0.07421114990985249,35,1802.0,0.07849411420908894,41,2326.0,0.02752168574539187,18,768.0,0.12914017825483334,34,1214.0,0.05055602564523602,34,1894.0,0.04233523858261744,329,16538.0,-18.27777777777778
155.0,328,9644.0,22.324074074074073,1.1344871734836814,33,2477.0,0.019581059997496778,70,3820.0,0.00010594885034375797,23,808.0,0.11028773044462756,46,2061.0,0.09904671464092397,33,1738.0,0.0822999235223335,40,2356.0,0.015947081606264332,19,717.0,0.11607330442669506,33,1281.0,0.06177354213126746,31,2051.0,0.03443752747653862,328,17309.0,-18.22222222222222
160.0,331,9872.0,22.85185185185185,1.0247724218925593,33,2538.0,0.022670952834547346,71,4174.0,0.022723552343769077,19,816.0,0.11250125584944685,47,2242.0,0.06979823637532476,39,1827.0,0.11775200221793951,36,2462.0,0.02249326918680004,23,757.0,0.048385174700961306,28,1398.0,0.0579941544246524,35,2217.0,0.013271499189546376,331,18431.0,-18.38888888888889
165.0,347,10558.0,24.61072261072261,0.771028573768851,35,2704.0,0.02877192951703427,71,4529.0,0.016125698133359078,19,861.0,0.024987229846485038,47,2376.0,0.030575489908956758,46,1962.0,0.06824334629010007,40,2539.0,0.034165928081899485,21,761.0,0.04556293536619866,30,1550.0,0.09069555771931836,38,2398.0,0.0005639070837745461,347,19680.0,-19.27777777777778
170.0,335,11017.0,25.92235294117647,0.7243832203414088,33,2822.0,0.045121670924975106,73,4888.0,5.434483244151927e-05,17,910.0,0.03493863926491199,41,2445.0,0.03378852093769237,44,2009.0,0.08106660947625861,38,2544.0,0.057087195115549265,17,801.0,0.05582562150735173,36,1666.0,0.04238643506186293,36,2513.0,0.010190441233719948,335,20598.0,-18.61111111111111
175.0,331,11919.0,28.177304964539008,0.895237910217041,27,2775.0,0.060148888110105755,74,5258.0,0.006186934037530391,19,1003.0,0.09576207078995118,42,2493.0,0.06577356029483064,42,1888.0,0.1127331942255595,34,2526.0,0.07705467229948822,20,793.0,0.02766065900805552,40,1744.0,0.028006232207924718,33,2682.0,0.011744795160725583,331,21162.0,-18.38888888888889
180.0,336,12992.0,30.786729857819907,0.7181353157929543,23,2724.0,0.11836056094058102,76,5509.0,2.7207545622720435e-05,22,1105.0,0.03790385968483024,48,2718.0,0.047783115028787994,39,1917.0,0.10141481093441881,29,2532.0,0.06031487401926693,23,901.0,0.0027555666671234256,43,1947.0,0.02827469019331688,33,2798.0,0.005709102235960344,336,22151.0,-18.666666666666668
185.0,331,13098.0,31.11163895486936,0.7980790774407984,24,2430.0,0.08074121698783333,71,5680.0,0.007381009424731084,23,1167.0,1.963857406399194e-05,50,2842.0,0.06015774072316084,38,1978.0,0.09080531346131483,26,2556.0,0.05787152445831539,20,922.0,0.023497801368228752,42,2158.0,0.03800780360071392,37,2974.0,0.0001986336936986498,331,22707.0,-18.38888888888889
190.0,315,12925.0,30.92105263157895,1.0443983540739301,25,2554.0,0.08913037956571168,64,5835.0,0.020783795317040294,23,1282.0,0.0,49,2896.0,0.07470478472062722,37,2006.0,0.09284367685584184,24,2521.0,0.10663636943121653,15,884.0,0.09830709477201349,41,2304.0,0.03596394757587801,37,3161.0,0.011676958141906372,315,23443.0,-17.5
195.0,304,12688.0,30.426858513189448,1.0407725694488243,29,2690.0,0.05827205296160323,57,5956.0,0.021803466605484635,20,1331.0,0.08165638115030256,46,2888.0,0.054733406908083815,43,2102.0,0.08247318645714054,17,2308.0,0.10626830934936025,13,870.0,0.13772523389045255,42,2506.0,0.00908197356317491,37,3346.0,0.04591199698849864,304,23997.0,-16.88888888888889
200.0,304,12480.0,30.0,0.9270413710678137,32,2844.0,0.0092936036326037,52,5952.0,0.053933561490509145,16,1315.0,0.09913713780193349,43,3105.0,0.04932316528539383,46,2200.0,0.0923584399112189,20,2353.0,0.12589684129102138,18,948.0,0.009162550867800668,42,2719.0,0.008865800833712828,35,3401.0,0.021850155296564935,304,24837.0,-16.88888888888889
205.0,304,11753.0,28.59610705596107,0.8255816799648877,35,3013.0,0.039240575447182874,46,5678.0,0.0526114082110559,19,1304.0,0.07992321372241529,40,3249.0,0.048997586584676754,44,2271.0,0.06031535404825752,24,2380.0,0.13123624646333618,19,963.0,0.018477603550388473,45,2940.0,0.005429223745389542,32,3439.0,0.024376144705082963,304,25237.0,-16.88888888888889
210.0,296,10413.0,25.335766423357665,0.9982602712859199,37,3195.0,0.008863447060868933,40,5584.0,0.06722439563910355,17,1303.0,0.1482857950123358,37,3351.0,0.053542131352019344,42,2327.0,0.07303886358507247,28,2351.0,0.08722094493816515,14,882.0,0.1426832721373797,50,3181.0,0.022454955245547803,31,3599.0,0.05703629908972714,296,25773.0,-16.444444444444443
215.0,281,9459.0,23.070731707317073,1.02599270249956,39,3386.0,1.4320452085481752e-05,32,5553.0,0.08221469821278433,11,1180.0,0.13986681353640765,42,3550.0,0.03028608244966857,38,2353.0,0.07367167992172714,27,2193.0,0.08855593609228174,11,737.0,0.13942316659098022,50,3428.0,0.03286942433167986,31,3752.0,0.0807662935797458,281,26132.0,-15.61111111111111
220.0,288,9346.0,22.963144963144963,1.0016154334302265,39,3581.0,0.0,32,5385.0,0.07088411978572924,16,1246.0,0.0691764815039996,50,3789.0,0.012631322382059775,39,2242.0,0.09280208993320638,24,2262.0,0.09757707363081172,9,733.0,0.19037916784901765,47,3424.0,0.0392065902346116,32,3804.0,0.05862091607932319,288,26466.0,-16.0
225.0,297,9794.0,24.123152709359605,0.9644144586956118,39,3778.0,0.0108019470496676,34,5056.0,0.05709170133859707,21,1343.0,0.039543060800058746,54,4007.0,0.005016934316579688,37,2253.0,0.051916033302999494,26,2314.0,0.06782247880457866,9,691.0,0.21731904588225973,39,3216.0,0.07013585315757762,38,3988.0,0.08036523592168558,297,26646.0,-16.5
230.0,305,10436.0,25.831683168316832,1.0268046477014756,38,3849.0,0.010056522750364514,33,5047.0,0.05994311229685004,23,1457.0,0.06720071120916661,52,4179.0,0.019066205390431076,39,2267.0,0.11639951534231317,34,2418.0,0.08125598295475732,13,746.0,0.13094511689110352,34,3240.0,0.07263981947556893,39,4177.0,0.05859414026422712,305,27380.0,-16.944444444444443
235.0,317,11289.0,28.15211970074813,1.1044346992064311,37,3793.0,0.020825778814850003,36,5083.0,0.0535171579009135,24,1576.0,0.03630761423810825,53,4438.0,0.028503773800139135,41,2330.0,0.1258247829942617,32,2429.0,0.08427584436373665,16,825.0,0.17048377270950404,37,3017.0,0.03600182940677067,41,4372.0,0.031734508059317885,317,27863.0,-17.61111111111111
240.0,327,12114.0,30.209476309226932,1.0572271904196815,36,3819.0,0.011188487617162946,39,5034.0,0.04549538120583882,23,1589.0,0.09758102413311157,55,4708.0,0.018726961481304854,46,2529.0,0.1002276220818604,30,2310.0,0.05617244225574198,18,910.0,0.16347821921828937,37,2960.0,0.044366372142956134,43,4582.0,0.0213683374510018,327,28441.0,-18.166666666666668
245.0,315,12467.0,31.403022670025187,0.9564659918438302,31,3689.0,0.03920404781491174,41,4986.0,0.03958877347908778,26,1709.0,0.030928130675220603,54,4942.0,0.04968563430490041,44,2634.0,0.03565647300223612,24,2256.0,0.04515506087718193,19,1000.0,0.13468547044991858,33,2913.0,0.08709464789262891,43,4799.0,0.009730243885335286,315,28928.0,-17.5
250.0,304,12446.0,31.669211195928753,1.183780170426715,23,3510.0,0.11165628766254554,40,4809.0,0.07640029820050268,29,1852.0,0.05379842398715958,51,5119.0,0.05653211432546419,46,2865.0,0.07238464424356919,18,2079.0,0.08798721973727323,21,1098.0,0.0745120122360223,32,2868.0,0.08457947206717989,44,5018.0,0.012073197111279523,304,29218.0,-16.88888888888889
255.0,298,12817.0,33.03350515463917,1.0816307127501508,17,3284.0,0.14755659830911125,43,5015.0,0.05803850296591226,29,1997.0,0.03460845709860072,51,5304.0,0.0414224591767366,46,3092.0,0.08067138684435346,13,1991.0,0.14213254333538372,22,1207.0,0.08161646149420868,33,3031.0,0.0387446557440174,44,5111.0,0.022195311949276635,298,30032.0,-16.555555555555557
260.0,305,13391.0,34.96344647519582,0.7599938592149817,14,3110.0,0.10208854758605374,46,5242.0,0.06557534867617654,25,1991.0,0.08226584144070115,52,5528.0,0.013487351446750395,54,3345.0,0.05068955573858827,14,2013.0,0.13550429482278017,24,1320.0,0.006824243631835749,36,3205.0,0.007164116784327446,40,5132.0,0.012975605844052997,305,30886.0,-16.944444444444443
265.0,310,13652.0,35.83202099737533,0.8582934641571746,12,3034.0,0.04807903685496907,49,5348.0,0.05565643194628891,20,1905.0,0.11646737676119111,55,5798.0,6.52904976816693e-05,56,3620.0,0.04804723875267889,21,2090.0,0.15809750260413796,25,1443.0,1.6514478527740961e-06,35,3217.0,0.02564723510775047,37,5309.0,0.008692395077700376,310,31764.0,-17.22222222222222
270.0,300,13530.0,35.79365079365079,1.0527049119468488,12,2815.0,0.08283970974588799,47,5335.0,0.03501934282785304,19,1870.0,0.13825042156007922,49,5724.0,0.04323972695375997,56,3900.0,0.015946260631930265,26,2210.0,0.10820916950616481,25,1568.0,0.0,30,3108.0,0.0797154026840701,36,5498.0,0.05128551403377915,300,32028.0,-16.666666666666668
275.0,279,12186.0,32.23809523809524,1.347778874157354,11,2716.0,0.0724893594265932,46,5440.0,0.03480373147982011,17,1814.0,0.217871532717712,39,5455.0,0.08206185781699882,50,3960.0,0.06621684011642796,32,2353.0,0.08895690721014392,25,1695.0,0.062383648754671825,27,2939.0,0.09014349888320057,32,5474.0,0.05964308920755822,279,31846.0,-15.5
280.0,262,10638.0,28.5201072386059,1.1979489324797967,16,2646.0,0.04892209918594739,49,5679.0,0.05824310850086593,14,1681.0,0.10770631607343252,35,5214.0,0.07140358144912523,44,4072.0,0.05589840094569821,30,2419.0,0.07805728788691207,25,1822.0,0.03668199061208556,19,2773.0,0.18393696897292308,30,5307.0,0.02826508621779168,262,31613.0,-14.555555555555555
285.0,257,9388.0,25.51086956521739,1.0824031920907813,18,2717.0,0.01376927036124295,50,5818.0,0.042433037881478355,15,1582.0,0.060942408777048665,32,5377.0,0.06788248332223044,41,3976.0,0.06455604475395921,27,2106.0,0.09608926710780882,28,1958.0,0.05207197534444441,14,2615.0,0.16136634106698422,32,5462.0,0.036410735914023475,257,31611.0,-14.277777777777779
290.0,261,9421.0,25.670299727520437,1.1159862902594007,20,2466.0,0.03973364790071208,49,5851.0,0.04167357024937912,17,1663.0,0.08550889228322563,36,5547.0,0.0590796697465814,37,3761.0,0.08417184284954468,19,2129.0,0.13304457870873485,30,2105.0,0.06272742104485111,20,2502.0,0.10562567756518872,33,5624.0,0.03547817069044131,261,31648.0,-14.5
295.0,270,9804.0,26.78688524590164,0.991531304755802,16,2552.0,0.050224576095310135,50,5891.0,0.037806399656211694,18,1534.0,0.057121059258738456,42,5747.0,0.03244304099751057,32,3515.0,0.10646973013139326,18,2056.0,0.13140266254162927,32,2259.0,0.025902650412207358,29,2628.0,0.00679872370011407,33,5629.0,0.06875854223604438,270,31811.0,-15.0
300.0,276,10235.0,28.273480662983424,0.9603647172311283,15,2628.0,0.05252634910708009,50,6038.0,0.053271839620495684,20,1474.0,0.005228732500850973,45,5922.0,0.017994922540986842,32,3138.0,0.09010681846116607,22,1979.0,0.0909195062801249,33,2422.0,1.5951978153333005e-06,29,2638.0,0.08472466561993654,30,5471.0,0.09192668879929192,276,31710.0,-15.333333333333334
305.0,272,10494.0,28.988950276243095,1.1882751492313477,17,2708.0,0.045999726744227615,45,5543.0,0.054643078222449466,21,1424.0,0.055418579149937884,47,6075.0,0.02811650926478871,31,3119.0,0.15290394021209686,20,1741.0,0.13811760153634783,33,2591.0,0.054600655523357355,26,2506.0,0.07781223166928966,32,5625.0,0.05868649311809763,272,31332.0,-15.11111111111111
310.0,252,10219.0,28.386111111111113,1.2344917403705118,20,2805.0,0.06296569884831889,29,5005.0,0.09784445486884569,17,1412.0,0.14245940277485517,51,6289.0,0.0006505490888257633,31,3165.0,0.17157629494113585,13,1542.0,0.15622002157125378,33,2756.0,0.04461739975823809,23,2499.0,0.06483933170494838,35,5796.0,0.03604052328324217,252,31269.0,-14.0
315.0,263,10289.0,28.580555555555556,1.1196718138848218,24,2918.0,0.0813578270139912,30,4324.0,0.08717701029199267,14,1364.0,0.18702671886917507,53,6552.0,3.1136164368314522e-06,40,3295.0,0.048365701217841534,7,1338.0,0.2309402596944274,34,2921.0,0.0268006732135797,26,2622.0,0.033720620256968245,35,5752.0,0.042863113236467416,263,31086.0,-14.61111111111111
320.0,263,10476.0,29.262569832402235,1.3551601093302523,23,2848.0,0.0936824544319884,25,4287.0,0.12507192215047133,11,1306.0,0.24384526910604093,50,6621.0,0.007060509699145254,47,3467.0,0.025377480392730776,10,1206.0,0.3242085897945015,34,3091.0,0.0,29,2761.0,0.00276159230851264,34,5490.0,0.07159964090790093,263,31077.0,-14.61111111111111
325.0,262,10650.0,29.915730337078653,1.3322639967113408,20,2576.0,0.08109249678362024,27,4362.0,0.13961828845811142,10,1157.0,0.19460065137439886,45,6479.0,0.021076169723531768,50,3705.0,0.027157950305318833,12,1200.0,0.24024753752392336,34,3261.0,0.0,32,2919.0,0.013285341641660287,32,5434.0,0.0754888230208118,262,31093.0,-14.555555555555555
330.0,274,10975.0,31.002824858757062,0.9699999915116362,16,2476.0,0.0660366548337141,36,4516.0,0.07847215789404327,12,1207.0,0.1272748824632007,41,6693.0,0.02814173787417684,54,3959.0,0.025116024388948024,17,1243.0,0.09554489554424048,34,3431.0,0.0,32,3079.0,0.05828880174326593,32,5594.0,0.057496105471432406,274,32198.0,-15.222222222222221
335.0,285,10803.0,30.69034090909091,0.7975944712260744,10,2297.0,0.09792035528080449,46,4721.0,0.0328368964878591,18,1284.0,0.026322294439068614,41,6899.0,0.05495100936770463,51,4200.0,0.027069447294089683,21,1335.0,0.03323737555924489,34,3601.0,0.0,29,3031.0,0.040785521038846036,35,5502.0,0.037823326254307316,285,32870.0,-15.833333333333334
340.0,289,10156.0,29.10028653295129,0.8058711155409377,12,2353.0,0.07974614261499868,45,4562.0,0.0127284458898526,21,1385.0,0.0035759868832559503,44,7113.0,0.06842548918978252,53,4428.0,0.011671603803774933,21,1440.0,0.09510584488717559,31,3571.0,0.009785561818377617,27,2809.0,0.0881083935976896,35,5179.0,0.0717577579496945,289,32840.0,-16.055555555555557
345.0,288,9622.0,28.05247813411079,0.5520534371087377,16,2421.0,0.08828792687151622,38,4056.0,0.03222420549988871,21,1279.0,0.010723991294505937,47,7343.0,0.015903787976974528,53,4683.0,0.01501402816115927,22,1549.0,0.061550362074813326,26,3339.0,0.03022280164686352,28,2945.0,0.03946862260057033,37,5360.0,0.06347913704746831,288,32975.0,-16.0
350.0,291,10335.0,30.219298245614034,0.5380131781343492,18,2400.0,0.07442821099864995,34,3816.0,0.026453282920162736,21,967.0,1.350087124518e-06,48,7384.0,0.009636152818489249,51,4874.0,0.041142562805874326,24,1666.0,0.04783232085194417,23,3458.0,0.04425019575528704,31,3089.0,0.005790707051565761,41,5558.0,0.025445302060367818,291,33212.0,-16.166666666666668
355.0,280,10996.0,32.15204678362573,0.8364714299038972,16,2269.0,0.11385592538997237,29,3541.0,0.04967304495166408,21,1072.0,0.0,47,7243.0,0.05568489698371772,51,5014.0,0.02236969875726829,25,1790.0,0.11961481490381685,20,3564.0,0.04248594109536712,31,3085.0,0.012131352616860217,40,5521.0,0.02986875497219935,280,33099.0,-15.555555555555555
360.0,247,10417.0,30.548387096774192,1.3225112303940438,18,2080.0,0.09377189205873492,28,3663.0,0.09392416909970523,17,934.0,0.011286733836078556,37,6813.0,0.10990843672172146,48,5203.0,0.05556271382174849,25,1917.0,0.10857401404404528,17,3390.0,0.0691641276142443,22,2749.0,0.06015931640792678,35,5242.0,0.0523739080680225,247,31991.0,-13.722222222222221
365.0,231,9529.0,28.360119047619047,1.3690291296405288,16,2051.0,0.17187061781220905,33,3817.0,0.040570486117665575,13,918.0,0.07917135172814135,25,6341.0,0.14657480029397604,52,5449.0,0.020223973307719845,28,2051.0,0.01415236739030729,14,2992.0,0.14873468765435496,18,2575.0,0.12130976931815617,32,4952.0,0.058066739548422314,231,31146.0,-12.833333333333334
370.0,239,9219.0,27.519402985074628,1.1640532447134522,18,2136.0,0.12271640054387023,32,3900.0,0.06432491124012911,12,899.0,0.06314804033055851,22,6107.0,0.13604181647381056,55,5723.0,0.024771000086564597,32,2205.0,0.0006708737802044092,18,3074.0,0.10925587844858266,19,2344.0,0.0753998162009261,31,5110.0,0.04953000976507678,239,31498.0,-13.277777777777779
375.0,237,8781.0,26.290419161676645,1.201957531233935,20,2232.0,0.007456570552165844,31,3952.0,0.06801249272176722,12,870.0,0.17416266980156891,22,6209.0,0.0770244282357951,54,5815.0,0.07155756449864441,27,2095.0,0.019887900351625902,20,3170.0,0.07334754620891622,17,2123.0,0.11908620100204846,34,5274.0,0.04251471624429605,237,31740.0,-13.166666666666666
380.0,238,8721.0,26.507598784194528,1.232174333358809,21,2107.0,0.013081214125037648,33,3859.0,0.05084733660568282,13,933.0,0.1429519160125319,29,6338.0,0.05257040631232443,45,5348.0,0.09328762408629,23,1717.0,0.0479657448682672,21,3056.0,0.04244854421620127,16,1782.0,0.15469928958705575,37,5455.0,0.05416926994881869,238,30595.0,-13.222222222222221
385.0,233,8433.0,26.02777777777778,1.341097338812366,16,1742.0,0.09530724732092605,31,3773.0,0.1122099587699977,17,1011.0,0.13906270560827866,41,6520.0,0.021161823266964155,41,4800.0,0.10032281594378584,17,1709.0,0.05755735795835204,19,2845.0,0.06513164924886373,11,1747.0,0.23163721797245054,40,5650.0,0.024529883288703404,233,29797.0,-12.944444444444445
390.0,220,8169.0,25.68867924528302,1.3395312611211398,13,1811.0,0.10120679275817096,28,3916.0,0.11931758047897707,12,901.0,0.12951967607687165,45,6623.0,0.015100279082700594,37,4939.0,0.1143427334914933,12,1598.0,0.12204666046103699,18,2796.0,0.07729979376208038,12,1609.0,0.231648422546529,43,5861.0,0.0019216294815406865,220,30054.0,-12.222222222222221
395.0,225,8019.0,25.619808306709267,1.3800845967989805,12,1868.0,0.06032116764468372,30,4059.0,0.0340790188401028,9,671.0,0.14274552840985696,44,6665.0,0.03640269813544369,43,5114.0,0.07543201576884263,13,1506.0,0.17332292039806316,22,2897.0,0.06448875224911846,14,1489.0,0.19876841635896536,38,5736.0,0.02919322154310447,225,30005.0,-12.5
400.0,220,7378.0,23.87702265372168,1.4996128577120529,14,1932.0,0.03318906713134089,29,3754.0,0.03180982783134913,4,641.0,0.1462865974119084,45,6876.0,0.0016672537283649147,44,5096.0,0.08156224228526045,18,1585.0,0.17025116131351561,25,3014.0,0.06951853496699556,11,1271.0,0.21856777879089906,30,5332.0,0.09770622181019442,220,29501.0,-12.222222222222221
405.0,226,7139.0,23.48355263157895,1.387012654028441,18,2018.0,0.05247984023126357,22,3060.0,0.10713748542183026,5,576.0,0.2569777204454085,49,7119.0,5.6560503550425946e-05,44,5088.0,0.06929255926856842,19,1451.0,0.0796803335783818,26,3142.0,0.01897874488856111,13,1304.0,0.12437635411532169,30,5405.0,0.056611011730982784,226,29163.0,-12.555555555555555
410.0,227,7431.0,24.687707641196013,1.1462179837603077,21,2116.0,0.04140549739557437,16,2907.0,0.113586349609573,6,498.0,0.10214208407042394,49,7364.0,0.0002508590881866297,47,5317.0,0.06397875087028546,18,1193.0,0.1013521401032027,28,3278.0,9.635196897612057e-05,11,1349.0,0.0815812569850963,31,5562.0,0.0794566592306086,227,29584.0,-12.61111111111111
415.0,233,8148.0,27.34228187919463,1.0462143011809595,23,2226.0,0.00023752211491642825,23,3008.0,0.05353578262912234,5,345.0,0.17961700477589168,47,7384.0,0.006126457404564611,51,5564.0,0.060715315489225215,15,1035.0,0.18488889823185378,23,3243.0,0.01953782659804596,15,1416.0,0.024159154292520482,31,5461.0,0.05843069539181987,233,29682.0,-12.944444444444445
420.0,217,8343.0,28.474402730375427,1.2385451574082358,23,2343.0,0.028903947318870537,23,2957.0,0.04946771924953371,4,362.0,0.11582790969773518,42,7178.0,0.02096453152083423,56,5679.0,0.03025704977113684,10,911.0,0.2284001985472547,18,3068.0,0.05969324047072772,13,1470.0,0.19973974225691019,28,5187.0,0.061970550495593656,217,29155.0,-12.055555555555555
425.0,220,8919.0,30.649484536082475,1.291481942333825,25,2464.0,1.5617151228192224e-05,26,3086.0,0.03954798476725812,8,395.0,0.15237489283515948,38,7002.0,0.045543193363122056,54,5706.0,0.0508569930255034,9,684.0,0.13321547942757606,19,3043.0,0.04434813265847113,14,1521.0,0.2914452799324541,27,5329.0,0.08812272941322083,220,29230.0,-12.222222222222221
430.0,222,9820.0,33.97923875432526,1.2625346319176833,25,2589.0,2.721648535184726e-07,24,2855.0,0.02375042467639251,7,359.0,0.17346272191926473,40,7194.0,0.032589074780246544,52,5880.0,0.0804916651363094,8,585.0,0.12870751178384252,22,3145.0,0.0002623070968073858,15,1592.0,0.26827872436047595,29,5467.0,0.09356092752910111,222,29666.0,-12.333333333333334
435.0,225,10287.0,35.96853146853147,1.1710938075422095,22,2622.0,0.044661510865804915,19,2275.0,0.07222060884836781,5,229.0,0.2721880463383651,42,7400.0,0.013649997295980697,57,6149.0,0.03221541951435971,13,629.0,0.13132661515559965,18,2930.0,0.018696961610213385,16,1666.0,0.09272528081291007,33,5629.0,0.11270404470642771,225,29529.0,-12.5
440.0,214,10237.0,36.301418439716315,1.2791834398223563,17,2548.0,0.1121424179769715,13,1879.0,0.11024598796285272,6,256.0,0.1540832935291996,45,7621.0,0.06699707251080013,61,6432.0,0.0178610142783699,13,694.0,0.1744870454066932,13,2500.0,0.07392866178132573,15,1721.0,0.02090870111902444,31,5478.0,0.10310135130524366,214,29129.0,-11.88888888888889
445.0,207,9991.0,35.93884892086331,1.4988577043511746,16,2444.0,0.23916124247210546,13,1721.0,0.04042069694494815,10,298.0,0.0048078087666226545,39,7260.0,0.11270098732356194,63,6745.0,0.03123764980967043,13,759.0,0.15312543003272164,9,2555.0,0.1154591807676795,16,1764.0,0.0353209619802804,28,5026.0,0.11146677493302108,207,28572.0,-11.5
450.0,194,9422.0,34.386861313868614,1.3332444733312347,14,2236.0,0.1594696232507942,7,1483.0,0.08716201332429035,9,298.0,0.027406676812980587,34,7008.0,0.10656340117205232,66,7072.0,0.014254898933721666,16,832.0,0.05944490465417186,10,2604.0,0.19103234668847607,12,1788.0,0.03174285389202943,26,4885.0,0.08344441251523903,194,28206.0,-10.777777777777779
455.0,191,9078.0,34.0,1.381433573665553,13,1748.0,0.10200400945874842,9,1157.0,0.2160029847531355,7,248.0,0.17439413501361828,32,6770.0,0.08089794069034771,68,7406.0,0.0,10,709.0,0.08411254028493648,13,2658.0,0.13162553788597117,12,1820.0,0.0,27,5022.0,0.04479273026932306,191,27538.0,-10.61111111111111
460.0,180,7930.0,29.92452830188679,1.6108777698965142,8,1727.0,0.08585695601269523,14,1214.0,0.22195113412311168,7,247.0,0.19256287047650086,27,6391.0,0.08170318485026103,62,7465.0,0.032268905565098004,8,547.0,0.15556157594836334,18,2740.0,0.08737612224330644,8,1588.0,0.03645264555604171,28,4811.0,0.04733090635801468,180,26730.0,-10.0
465.0,163,6742.0,25.831417624521073,1.978199101119325,4,1682.0,0.1658286407626639,18,1296.0,0.19258327929300842,8,287.0,0.1768827725382717,27,6288.0,0.13069788475369717,56,7511.0,0.05088102435097869,4,527.0,0.27230386400305984,16,2551.0,0.08146535748747499,3,1094.0,0.13685812430011304,27,4254.0,0.04342328752110873,163,25490.0,-9.055555555555555
470.0,160,6296.0,24.690196078431374,2.0778042936161767,8,1704.0,0.06855172100063264,17,1217.0,0.17553041306967743,9,331.0,0.13238135910958104,28,6189.0,0.15543522217339684,49,7201.0,0.07358695709935711,5,457.0,0.27213621740029637,12,2135.0,0.1138316346406539,2,1101.0,0.22102793347351035,30,3706.0,0.05077594786206058,160,24041.0,-8.88888888888889
475.0,164,5946.0,23.879518072289155,1.710668155838639,12,1753.0,0.008697328901467063,11,1153.0,0.10584226179218383,10,381.0,0.0822562549327275,34,6303.0,0.15051719661493082,47,7252.0,0.07275619713431379,11,499.0,0.09136501728323661,8,1781.0,0.2173864276482041,4,1119.0,0.10497374717594739,27,3611.0,0.06540944390830791,164,23852.0,-9.11111111111111
480.0,167,5766.0,23.4390243902439,1.6947703263480027,14,1819.0,0.0006601973502086796,16,1147.0,0.03557146628766081,9,423.0,0.16683096067809833,36,6250.0,0.12583844158840873,47,7313.0,0.08149988951028865,15,567.0,0.045896410143595634,4,1642.0,0.2225804689014287,5,881.0,0.18905366819468689,21,3271.0,0.08404838499977547,167,23313.0,-9.277777777777779
485.0,164,5955.0,25.126582278481013,1.6628787878648752,14,1891.0,0.06749494874359256,20,1240.0,0.11408182804558567,10,470.0,0.004691718900353488,34,5980.0,0.08004194037363872,48,7246.0,0.05972659921663712,16,643.0,0.00028474765133233064,5,1423.0,0.23450116530765372,2,560.0,0.3685468383873627,15,2974.0,0.08829977152589091,164,22427.0,-9.11111111111111
490.0,173,6468.0,27.52340425531915,1.372703146946417,15,1964.0,0.055411900774179304,22,1347.0,0.07741075509370514,7,389.0,0.033589033578503194,35,5947.0,0.0400741323716892,56,7509.0,0.044756366427656055,10,590.0,0.08260932549922247,8,1358.0,0.030243089411820384,2,567.0,0.4294829816908953,18,2724.0,0.040642342850775996,173,22395.0,-9.61111111111111
495.0,180,6968.0,29.90557939914163,1.1836244340676825,17,2047.0,3.436705047167581e-06,21,1324.0,0.013717428272698777,2,275.0,0.30284316517118554,38,6123.0,0.01429658530272582,64,7814.0,0.024221124653346218,5,383.0,0.2447793149912043,11,1404.0,0.002057069704589898,5,587.0,0.23730436751357534,17,2623.0,0.02249412372616385,180,22580.0,-10.0
500.0,175,7529.0,32.59307359307359,1.4976722862098786,14,1814.0,0.02308905862676613,21,1267.0,0.044723985489167575,0,174.0,0.6000579185047887,39,6281.0,0.00046933240594811446,61,7980.0,0.03018256718807584,6,403.0,0.27447788431405845,12,1464.0,6.154881582694348e-05,7,610.0,0.11680286772254471,15,2372.0,0.09353960078498746,175,22365.0,-9.722222222222221
505.0,176,8052.0,35.47136563876652,1.5154123968003987,9,1325.0,0.08157574055004103,21,1353.0,0.14249799065086532,2,178.0,0.29879199642330134,40,6483.0,0.01070126830614971,60,8193.0,0.04702535164212148,10,444.0,0.17850795564558106,12,1525.0,0.07170377164442683,11,659.0,0.1782811877193639,11,2118.0,0.11323016128049752,176,22278.0,-9.777777777777779
510.0,168,8032.0,35.857142857142854,1.1598935893516882,6,1361.0,0.0861474139347937,15,1165.0,0.1492134316564027,7,202.0,0.043796710537338426,42,6688.0,0.0,61,8379.0,0.016753743426014024,9,406.0,0.16029193085542262,12,1585.0,0.07471731284163495,7,514.0,0.13129219872861603,9,1790.0,0.06776901220468681,168,22090.0,-9.333333333333334
515.0,156,8014.0,36.593607305936075,1.5152279149341665,5,1388.0,0.15129436513982425,8,974.0,0.15713196924877965,10,246.0,0.0004121326593155026,42,6898.0,0.0,60,8689.0,0.04764733386092921,9,328.0,0.23318015934512362,12,1647.0,0.1272203228665845,2,227.0,0.33820749964113017,8,1532.0,0.14517501020717608,156,21929.0,-8.666666666666666
520.0,157,8238.0,38.138888888888886,1.1997601733675802,7,1415.0,0.19058069461521135,8,820.0,0.07666908269529975,10,298.0,0.03924535287921773,42,7110.0,0.008409846591938632,64,8999.0,0.047472634556524326,7,256.0,0.20046928063234848,10,1471.0,0.14357695233119078,0,144.0,0.3639454841496971,9,1572.0,0.10959972914081223,157,22085.0,-8.722222222222221
525.0,175,8890.0,41.737089201877936,0.9414625470250546,11,1463.0,0.11307998901909862,11,737.0,0.13796375256974178,10,348.0,0.06525519958275458,42,7320.0,0.05155229801528684,68,9331.0,0.016437417848395947,10,255.0,0.08125686340613558,7,1050.0,0.15892927950850277,4,156.0,0.025334211674167335,12,1631.0,0.10326502849496842,175,22291.0,-9.722222222222221
530.0,185,9495.0,44.7877358490566,0.7784702500743563,14,1527.0,0.16574985656450902,12,783.0,0.07113605130307384,10,398.0,0.07074747205587191,38,7349.0,0.0922216549252103,71,9665.0,0.004365897703466881,13,312.0,0.014750218518937899,5,1075.0,0.10912947509729314,7,188.0,0.00019320841302679177,15,1701.0,0.051499660533278174,185,22998.0,-10.277777777777779
535.0,189,10269.0,48.66824644549763,0.6248711763727128,15,1602.0,0.16956541851765333,12,843.0,0.004001975059672628,11,453.0,0.07897841167677776,34,7278.0,0.07141657135638987,73,10027.0,2.1258253503759796e-06,14,379.0,2.113142366201303e-06,6,1097.0,0.11231988722345458,7,223.0,0.0,17,1783.0,3.073742806374452e-06,189,23685.0,-10.5
540.0,189,11089.0,53.057416267942585,0.5094312449297578,18,1685.0,0.08920752367754273,7,660.0,0.06493373567458563,12,510.0,9.423509343518107e-06,34,7298.0,0.04507536061000831,71,10380.0,0.016447747205888368,14,449.0,0.0,9,1135.0,0.012636444571759541,7,258.0,0.0,17,1868.0,0.0,189,24243.0,-10.5
545.0,196,11987.0,57.354066985645936,0.46120025927285324,20,1783.0,0.12779593517165713,7,599.0,0.17999337656495884,12,570.0,0.0,36,7474.0,0.0002684737450940881,71,10730.0,0.01712211323131748,14,519.0,0.0,12,1187.0,0.0005150566830289394,7,293.0,0.0,17,1953.0,0.0,196,25108.0,-10.88888888888889
550.0,198,12863.0,61.54545454545455,0.40477402806727353,16,1666.0,0.11602090296253662,9,641.0,0.18545098418461436,12,630.0,0.0,37,7659.0,1.8898937567463541e-07,74,11095.0,3.563703182125893e-05,14,589.0,0.0,12,1247.0,8.88238646325485e-06,7,328.0,0.0,17,2038.0,0.0,198,25893.0,-11.0
555.0,186,13206.0,63.79710144927536,0.5400050139916482,12,1350.0,0.10317959229748877,7,652.0,0.20222413920527185,12,692.0,0.03186806877054355,34,7615.0,0.006276046805665604,74,11465.0,0.0,14,659.0,0.0,12,1307.0,8.777222790077911e-07,7,365.0,0.052099750930566326,14,1932.0,0.021196425706532865,186,26037.0,-10.333333333333334
560.0,173,13328.0,64.69902912621359,1.1068361830749804,9,1069.0,0.17207328130739002,7,668.0,0.32328869574279073,12,752.0,0.12389857598019155,29,7327.0,0.03245633686547723,74,11835.0,0.0,14,729.0,0.0,12,1369.0,0.06992195776713687,7,400.0,0.1988735712130414,9,1631.0,0.09166656610059744,173,25780.0,-9.61111111111111
565.0,162,13353.0,65.13658536585366,0.9321949553844594,3,1066.0,0.19799838182110258,8,704.0,0.1788266018462238,11,695.0,0.026470399613108875,26,7464.0,0.040793556997188334,74,12205.0,0.0,14,799.0,0.0,12,1429.0,0.07169845355727877,8,436.0,0.1318715989389195,6,1507.0,0.09483298595518463,162,26305.0,-9.0
570.0,166,13601.0,67.0,0.9738886302144986,6,1047.0,0.1643590939417072,10,753.0,0.0956836588073248,13,757.0,9.505244122160996e-05,25,7594.0,0.08266702301697723,74,12575.0,0.0,14,871.0,0.10563884646167879,12,1487.0,0.0,8,476.0,0.14315423518659537,4,1223.0,0.10998799813858127,166,26783.0,-9.222222222222221
575.0,171,14173.0,70.865,0.7264144631719955,9,1075.0,0.027861327306388826,12,811.0,0.0037332221750806614,13,822.0,0.0,28,7729.0,0.11627724061007752,74,12945.0,0.0,8,808.0,0.17892603024664433,12,1547.0,0.0,8,516.0,0.0,7,1255.0,0.05579799390344629,171,27508.0,-9.5
580.0,175,14805.0,75.15228426395939,0.5381045023171442,11,1126.0,0.0020871721376035696,13,876.0,5.998193210433422e-07,13,887.0,0.0,30,7877.0,0.04680571236513944,71,13169.0,0.023674837121049227,7,630.0,0.14525768967538882,12,1607.0,0.0,8,556.0,0.0,10,1300.0,0.0012567375968376702,175,28028.0,-9.722222222222221
585.0,161,13918.0,70.6497461928934,0.6567203772640335,12,1188.0,0.028965276159920488,13,941.0,6.597783784737007e-07,13,952.0,0.0,30,7335.0,0.033980776242545495,67,13244.0,0.014889162514704152,3,437.0,0.11342591328504106,9,1410.0,0.022108338054873555,3,385.0,0.21585863842236397,11,1354.0,5.84279234659016e-06,161,27246.0,-8.944444444444445
590.0,144,13299.0,68.90673575129534,1.3828695783821294,12,1248.0,0.09126623142926121,13,1006.0,0.0,13,1017.0,0.0,23,6136.0,0.11963270670891818,66,13578.0,0.017084564228279718,4,150.0,0.0974129721734429,4,958.0,0.3639266159941497,1,236.0,0.3274969755564817,8,1236.0,0.11500006072775149,144,25565.0,-8.0
595.0,124,12623.0,66.08900523560209,1.905115546678711,14,1312.0,0.0543684412672837,7,911.0,0.06444580397597367,9,884.0,0.02350203190430662,15,4892.0,0.20088752873184296,67,13912.0,0.02680631494897138,4,99.0,0.2960611441318473,1,629.0,0.40980955426303606,1,241.0,0.24024509538029326,6,954.0,0.274736915765635,124,23834.0,-6.888888888888889
600.0,127,12285.0,65.0,1.9166696905453666,15,1387.0,0.05876607899983395,6,834.0,0.08046362270300814,4,658.0,0.3139686775807216,12,4678.0,0.22528456605184605,71,14263.0,0.009625366213968771,4,119.0,0.46367686514636863,2,550.0,0.3127930548189977,5,257.0,0.000448247353371028,8,840.0,0.002389917105939012,127,23586.0,-7.055555555555555
605.0,120,11181.0,60.11290322580645,1.8933278712114452,16,1467.0,4.855143368328397e-07,7,866.0,0.00011367445725753512,2,670.0,0.32048357093704966,11,4572.0,0.1778657048783793,69,14253.0,0.036063573589907125,0,27.0,0.5097829013388592,4,565.0,0.15961046519584576,2,197.0,0.3283541982108678,9,885.0,0.0,120,23502.0,-6.666666666666667
610.0,121,10611.0,58.3021978021978,1.7705986605318051,16,1547.0,0.0,7,901.0,0.09063637441538526,5,688.0,0.19550454301427353,15,4586.0,0.06062978561608651,62,13927.0,0.06404740865331476,1,7.0,0.49405204110916073,8,598.0,0.1341354775548821,2,102.0,0.4722814349747321,5,699.0,0.03994858131566722,121,23055.0,-6.722222222222222
615.0,130,11071.0,63.994219653179194,1.9697336200060271,16,1627.0,0.0,7,936.0,0.2030538320763335,6,589.0,0.19348302361567074,23,4639.0,0.0022464168230758026,62,13516.0,0.08230131548204457,2,18.0,0.6646614666019006,11,648.0,0.07619702323725147,2,112.0,0.5326834745312145,1,368.0,0.22968039262322018,130,22453.0,-7.222222222222222
620.0,121,10115.0,59.85207100591716,1.8739019842566265,13,1493.0,0.03978263898597893,7,973.0,0.16014906631295578,3,399.0,0.16376440237864587,19,4170.0,0.046838761507242706,61,13342.0,0.049512363348962384,3,29.0,0.5341034906779513,12,708.0,0.07547905433164868,2,122.0,0.6326886787211905,1,255.0,0.09645803655052894,121,21491.0,-6.722222222222222
625.0,110,8049.0,49.079268292682926,1.8176098424151506,8,1133.0,0.1978471265869098,8,1012.0,0.19541466921711736,3,412.0,0.1278263359192638,9,3114.0,0.14396908072749423,59,12907.0,0.0301488085321412,4,34.0,0.3776152673684317,12,768.0,0.07381426883395774,3,133.0,0.23957690572125603,4,268.0,0.0006648092483076218,110,19781.0,-6.111111111111111
630.0,100,5791.0,35.96894409937888,1.6676720366083704,7,1164.0,0.1550146721008966,8,1052.0,0.21227329301454193,6,435.0,0.010110021887057223,7,3151.0,0.11405329335331518,47,12005.0,0.04467489275209872,7,53.0,0.20704717832078717,12,828.0,0.07399662098239636,5,157.0,0.368559849255838,1,173.0,0.1213513412836724,100,19018.0,-5.555555555555555
635.0,103,4704.0,30.153846153846153,1.2384078872264321,5,1191.0,0.10760958057226447,8,1083.0,0.19432629582473368,9,474.0,0.0007206629184038096,12,3205.0,0.05660170099309438,45,11902.0,0.031327800064944004,7,88.0,0.10484242334322141,12,886.0,0.0,5,184.0,0.3622327626371766,0,19.0,0.2565795078458538,103,19032.0,-5.722222222222222
640.0,127,5162.0,33.51948051948052,0.8377719988128374,9,1229.0,0.0569234319413203,10,1130.0,0.1543669982952083,9,519.0,2.9697708045902057e-06,18,3285.0,0.003975752073864415,52,12145.0,0.005923366581206958,8,127.0,0.03182669425024685,12,946.0,0.0,8,215.0,0.3184892522722842,1,21.0,0.00042042732227647175,127,19617.0,-7.055555555555555
645.0,123,5060.0,33.50993377483444,0.6628838159180043,13,1286.0,0.005844491649245159,10,1178.0,0.0,6,446.0,0.03799621424306881,21,3387.0,0.000198064299384541,44,11819.0,0.03045083627043953,8,164.0,0.047697820154044245,12,1006.0,0.0,8,253.0,0.2244027237924361,1,26.0,0.0,123,19565.0,-6.833333333333333
650.0,112,4357.0,28.85430463576159,1.2749909029060995,11,1153.0,0.03166180641772845,10,1230.0,0.09670510322689561,2,259.0,0.1830375076497296,21,3494.0,0.06500322485952155,36,10793.0,0.07378507979898877,8,202.0,0.18806236881742067,12,1066.0,0.0,11,305.0,0.07082231959291055,1,31.0,0.0,112,18533.0,-6.222222222222222
655.0,91,2949.0,19.79194630872483,2.06979525874195,6,855.0,0.1081843339405436,9,990.0,0.21920750158623292,2,150.0,0.24684484819885918,22,3601.0,0.060834301050721074,24,10431.0,0.13922267496557159,8,242.0,0.30169578729421603,12,1126.0,0.0,7,297.0,0.12851500144611158,1,36.0,0.0,91,17728.0,-5.055555555555555
660.0,86,2171.0,14.86986301369863,1.873059515414946,4,876.0,0.13615094140781445,5,1022.0,0.20879165987361636,3,161.0,0.0030079307877145614,19,3103.0,0.09422187733172778,26,10035.0,0.11402299525106192,9,284.0,0.18687485188975914,12,1188.0,0.07560530797073726,7,288.0,0.056990881102152766,1,41.0,0.0,86,16998.0,-4.777777777777778
665.0,98,2372.0,16.358620689655172,1.4804159521403382,5,894.0,0.2535462125741056,9,1058.0,0.05728101535984743,4,181.0,6.268634798455607e-06,11,2040.0,0.14721237388732275,39,10171.0,0.0443489277948026,8,322.0,0.06606668741487685,13,1252.0,0.10543393861868555,8,325.0,0.00027516892499183975,1,46.0,0.0,98,16289.0,-5.444444444444445
670.0,107,2776.0,19.82857142857143,1.3586305104459584,8,924.0,0.1811756768086168,9,845.0,0.03680020009434242,4,201.0,0.0,7,1952.0,0.17417316304939387,48,10392.0,0.013545099412829418,8,362.0,0.0,14,1322.0,0.20802229726981103,8,365.0,0.0,1,53.0,0.4671917540321538,107,16416.0,-5.944444444444445
675.0,104,2612.0,18.79136690647482,1.0582746811165304,12,973.0,0.004119461844964839,7,344.0,0.04570731624169583,4,221.0,0.0,9,1990.0,0.08728755361325362,52,10647.0,0.0201812795313037,2,281.0,0.10086642916017319,15,1395.0,0.12385792640887,2,169.0,0.09161853621521292,1,60.0,0.4430861142441999,104,16080.0,-5.777777777777778
680.0,91,2552.0,19.044776119402986,1.4536203144965734,14,1044.0,0.030531035127492088,2,227.0,0.08601214469792806,2,164.0,0.3803690534153137,8,1629.0,0.04853389062000627,49,10416.0,0.019287359983821615,0,84.0,0.4884510417351523,15,1468.0,0.07381961004421783,1,43.0,0.31968319920879956,0,4.0,0.7706453658596054,91,15079.0,-5.055555555555555
685.0,81,2703.0,20.79230769230769,2.826997266696096,14,1114.0,0.0784795065068443,2,175.0,0.14830843818626055,2,136.0,0.6260329090555584,6,1014.0,0.1889822918084004,42,9696.0,0.04239018802019197,0,2.0,0.8203954875592591,15,1543.0,0.1246623656475768,0,4.0,0.817437473694299,0,4.0,0.9181172657011025,81,13688.0,-4.5
690.0,76,2844.0,22.571428571428573,2.4030279533236625,12,1009.0,0.08370902584115765,4,189.0,0.16010101917964392,3,147.0,0.32631705552589524,5,1041.0,0.1586070863821247,36,9573.0,0.053876059669759495,0,2.0,0.9189085944035044,16,1624.0,0.07991941968673903,0,4.0,0.820981677855099,0,0.0,0.681158735943809,76,13589.0,-4.222222222222222
695.0,83,3073.0,25.188524590163933,1.5357609402106869,7,749.0,0.1443073882975281,4,211.0,0.3741126614480383,4,161.0,0.04360371963593982,9,1077.0,0.049330944997293506,40,9766.0,0.038308989804051036,0,0.0,0.2805145779821631,18,1710.0,0.002080606198478649,0,2.0,0.6042863074321287,1,2.0,0.003450652572050605,83,13678.0,-4.611111111111111
700.0,92,3401.0,28.341666666666665,0.9852310199850582,4,777.0,0.1343426795765283,4,231.0,0.3317544404173227,5,187.0,0.0028251689107276125,9,1060.0,0.039295151043152794,46,9987.0,0.006714742838153099,1,3.0,2.0504304199623352e-05,19,1804.0,0.0,2,5.0,0.008781375201180408,2,12.0,0.0,92,14066.0,-5.111111111111111
705.0,92,3484.0,29.52542372881356,1.0449643311084191,5,796.0,0.177128609446695,5,254.0,0.14457857634538546,6,216.0,0.0,5,672.0,0.12133530042469616,51,10234.0,0.00027498601727148574,1,8.0,0.0,14,1614.0,0.04163021001037004,3,18.0,2.5237241311888795e-05,2,22.0,0.0,92,13834.0,-5.111111111111111
710.0,83,3258.0,28.086206896551722,1.6740017168159254,8,798.0,0.20944159906316126,6,286.0,0.0603483383445021,6,246.0,0.0,4,476.0,0.32430789921125397,46,10059.0,0.011938879223651751,1,13.0,0.0,9,1269.0,0.09445848480463126,3,35.0,0.08843702828891936,0,13.0,0.19438672579064079,83,13195.0,-4.611111111111111
715.0,71,3055.0,27.035398230088497,2.2192690196614913,11,847.0,0.13551961231971274,6,316.0,0.22733829907096428,6,276.0,0.13887774762550298,5,500.0,0.293450327272705,36,9509.0,0.05214177954622135,1,18.0,0.0,6,1306.0,0.11315352264812027,0,30.0,0.5672310060122077,0,0.0,1.0,71,12802.0,-3.9444444444444446
720.0,70,2920.0,27.547169811320753,2.1840224092381004,10,763.0,0.033299953808168054,6,348.0,0.31248230287772816,6,306.0,0.12714453903467135,8,537.0,0.16779349865853285,32,8887.0,0.07119842208586011,1,23.0,0.0,7,1334.0,0.13953885285771966,0,4.0,0.9558640956218338,0,0.0,1.0,70,12202.0,-3.888888888888889
725.0,57,2381.0,24.54639175257732,1.8261310960864605,5,535.0,0.09848584468507482,6,376.0,0.2589836083997865,6,336.0,0.00804230087650722,6,538.0,0.2446747271377946,25,8509.0,0.04921048815694723,1,28.0,0.0,7,1179.0,0.13093765571643345,1,1.0,0.48078593850074103,0,0.0,1.0,57,11502.0,-3.1666666666666665
730.0,49,1864.0,19.621052631578948,2.0883052814071474,3,556.0,0.21062942023441955,7,407.0,0.24224735098213568,7,370.0,1.0049178036828954e-05,5,510.0,0.41985233589700827,19,8302.0,0.061481420403305634,1,33.0,0.4611771807938506,5,873.0,0.09451814601509795,2,8.0,0.00021832621787978257,0,0.0,1.0,49,11059.0,-2.7222222222222223
735.0,43,1070.0,11.382978723404255,2.0821298395728873,4,571.0,0.24454523850909232,6,434.0,0.19241631692310196,7,407.0,0.04962643050398692,3,401.0,0.24360902152787842,19,8399.0,0.0735082829474678,0,0.0,0.9611822751243528,3,785.0,0.11670086088084046,1,7.0,0.0,0,0.0,1.0,43,11004.0,-2.388888888888889
740.0,38,542.0,5.956043956043956,2.7524808196054176,4,486.0,0.12229058465176021,6,466.0,0.10824858895671555,1,194.0,0.2711626730776026,4,171.0,0.20929627230463935,17,7617.0,0.1387682256917763,0,0.0,1.0,5,803.0,0.10316272145914315,1,14.0,0.48222240832199353,0,2.0,0.9267739554497059,38,9753.0,-2.111111111111111
745.0,32,534.0,6.0,3.866575731250405,3,302.0,0.3498362259468197,6,345.0,0.3309036546728368,1,21.0,0.3636793933753098,4,50.0,0.19931079825648326,12,6663.0,0.15140606293171827,0,2.0,0.8650982727175343,5,713.0,0.054560780038167445,1,21.0,0.639685678853665,0,2.0,0.9163444265672757,32,8119.0,-1.7777777777777777
750.0,29,615.0,7.151162790697675,3.4006560844560174,1,309.0,0.251318527195673,6,375.0,0.4258377453857183,2,28.0,0.0015474129486399047,4,70.0,0.3907079235190953,12,6720.0,0.08663303864207549,0,2.0,0.9427569082534256,3,503.0,0.13037843289852288,1,24.0,0.49076425154224884,0,2.0,0.008140469455038173,29,8033.0,-1.6111111111111112
755.0,39,759.0,9.035714285714286,2.2516206270135073,6,331.0,0.15494368669329994,8,408.0,0.07545985774724548,2,38.0,0.0,5,92.0,0.3591012265501796,14,6781.0,0.08656400723133419,0,2.0,0.3525631939008879,1,507.0,0.14184566469818272,2,31.0,0.3253103188645618,1,7.0,9.697608871118614e-05,39,8197.0,-2.1666666666666665
760.0,48,959.0,12.294871794871796,0.815721963017127,10,373.0,0.008118951393561835,9,452.0,0.0,2,48.0,0.0,5,117.0,0.1829068833026873,13,6089.0,0.04774295676644754,2,10.0,0.00015941808919988086,4,524.0,0.03450736553209429,2,41.0,0.010179766962758503,1,12.0,0.0,48,7666.0,-2.6666666666666665
765.0,50,1140.0,14.805194805194805,1.2893426263885956,13,431.0,0.0004606644226934198,9,497.0,0.0,2,58.0,0.0,6,145.0,0.1967137738624687,11,4785.0,0.07334046070486691,2,20.0,0.0,4,427.0,0.0387957954907843,3,60.0,0.46124595868388785,0,0.0,1.0,50,6423.0,-2.7777777777777777
770.0,44,1303.0,16.92207792207792,1.995476566380376,13,496.0,9.163544741190024e-06,8,532.0,0.018330387310476388,2,68.0,0.0,5,167.0,0.3473434458607383,11,4823.0,0.08024702905936637,2,30.0,0.0,0,199.0,0.17280419844135833,3,75.0,0.5208972564298574,0,0.0,1.0,44,6390.0,-2.4444444444444446
775.0,51,1511.0,19.623376623376622,1.5936964615730296,13,563.0,0.045184228590960336,8,574.0,0.10972752327809296,2,78.0,0.0,6,195.0,0.3070719530670709,17,4897.0,0.05002406662313454,0,0.0,1.0,1,200.0,0.147511971335377,4,93.0,0.1967254200085265,0,0.0,1.0,51,6600.0,-2.8333333333333335
780.0,60,1645.0,21.933333333333334,0.9866067949518438,8,467.0,0.046484463589937,9,619.0,0.12997224095634669,2,90.0,0.33282638494709355,7,226.0,0.13147342241158175,24,5004.0,0.004460099446187544,0,0.0,1.0,4,214.0,0.0026314688839905636,6,120.0,0.0,0,0.0,1.0,60,6740.0,-3.3333333333333335
785.0,57,1794.0,24.575342465753426,1.4213171165330962,3,283.0,0.13805412977212753,9,662.0,0.1546396125137042,2,100.0,0.331268146710424,8,267.0,0.04459873487914174,27,5135.0,5.096635499726166e-05,0,0.0,1.0,2,154.0,0.06464270195369046,6,150.0,0.0,0,0.0,1.0,57,6751.0,-3.1666666666666665
790.0,55,2001.0,27.791666666666668,1.7078914340183748,1,289.0,0.15582072773657515,10,708.0,0.1481971232963492,2,108.0,0.0,9,312.0,0.16897331837896257,27,5270.0,0.0,0,0.0,1.0,0,35.0,0.4715394711427451,6,180.0,0.0,0,0.0,1.0,55,6902.0,-3.0555555555555554
795.0,55,2014.0,27.97222222222222,1.4850730456254666,4,307.0,0.08870868572338879,11,759.0,0.06296907718723435,2,118.0,0.0,3,219.0,0.27510871466655606,27,5405.0,0.0,0,0.0,1.0,2,40.0,0.0013447034606142555,6,210.0,0.0,0,0.0,1.0,55,7058.0,-3.0555555555555554
800.0,48,1905.0,27.214285714285715,1.9034507317294453,4,255.0,0.23843309825622977,12,817.0,0.03216766445340328,0,0.0,1.0,3,82.0,0.15016907002211224,21,5218.0,0.026116274731377627,0,0.0,1.0,2,52.0,0.29936018734435105,6,240.0,0.0,0,0.0,1.0,48,6664.0,-2.6666666666666665
805.0,31,1737.0,25.544117647058822,3.3176274483796075,1,148.0,0.1865614029787724,12,877.0,0.13416939913023487,0,0.0,1.0,1,59.0,0.19180737391500485,11,4024.0,0.11693781014704059,0,0.0,0.7140838316178817,0,28.0,0.6634810411759201,6,274.0,0.2955014582452862,0,0.0,1.0,31,5410.0,-1.7222222222222223
810.0,31,1778.0,28.22222222222222,3.4396258762303558,1,154.0,0.2803215958064988,13,938.0,0.06868053360722826,0,0.0,1.0,1,53.0,0.6268604915505993,10,3791.0,0.15501432263199025,0,0.0,0.881227036291651,0,2.0,0.3657576653469536,6,304.0,0.13326837473477926,0,0.0,1.0,31,5242.0,-1.7222222222222223
815.0,42,1953.0,33.101694915254235,2.036535605918402,5,173.0,0.16027079279776246,15,1007.0,0.00015948855309938024,0,0.0,1.0,0,2.0,0.7211193295938226,12,3676.0,0.06516684662145321,0,0.0,0.9250219081982034,1,6.0,0.0002576186954261812,9,343.0,0.00013016235063662278,0,0.0,1.0,42,5207.0,-2.3333333333333335
820.0,38,1819.0,33.68518518518518,1.0253735242334336,7,201.0,0.07082840773184863,15,1082.0,0.0,0,0.0,1.0,0,4.0,0.276058680440791,12,3594.0,0.02046806573864682,0,0.0,1.0,1,13.0,0.19668025136207948,3,221.0,0.07896658314993332,0,0.0,1.0,38,5115.0,-2.111111111111111
825.0,34,1903.0,37.31372549019608,2.3979410628476003,10,248.0,0.08749899251479004,15,1157.0,0.0,0,0.0,1.0,1,9.0,0.5108514677975381,7,2693.0,0.07413502320874223,0,0.0,1.0,1,18.0,0.5469036197700595,0,66.0,0.33118293753322525,0,2.0,0.9312415166121358,34,4193.0,-1.8888888888888888
830.0,30,1676.0,33.52,2.388416828705518,6,216.0,0.05660181969423254,15,1236.0,0.043559573133456146,0,0.0,1.0,1,12.0,0.6280713149988714,6,2404.0,0.08798818208810424,0,0.0,1.0,1,23.0,0.5572472184536098,1,68.0,0.029212140361155225,0,2.0,0.9688407676551094,30,3961.0,-1.6666666666666667
835.0,26,1299.0,27.0625,3.032871444921719,1,137.0,0.2114305429578751,15,1309.0,0.18355186343235044,0,0.0,1.0,0,0.0,0.574485067057181,5,1836.0,0.15095330532570708,0,0.0,1.0,2,31.0,0.25952224494110265,3,81.0,0.000301218886102036,0,0.0,1.0,26,3394.0,-1.4444444444444444
840.0,30,1420.0,30.21276595744681,2.220563057217904,2,141.0,0.15120530311731134,15,1384.0,0.18130603848774415,0,0.0,1.0,2,4.0,0.001655981373468083,6,1863.0,0.1073543000024508,0,0.0,1.0,2,41.0,0.011168115327625175,3,96.0,0.0,0,0.0,1.0,30,3529.0,-1.6666666666666667
845.0,39,1601.0,34.06382978723404,1.0212146191675944,5,159.0,0.0051508147802953996,17,1467.0,0.04597798650892001,0,0.0,1.0,2,14.0,0.0,9,1903.0,0.09963263614508386,0,0.0,1.0,3,56.0,0.0,3,111.0,0.0,0,0.0,1.0,39,3710.0,-2.1666666666666665
850.0,40,1742.0,38.71111111111111,0.615408524114987,3,128.0,0.05847424986068942,21,1567.0,1.7359817244906274e-05,0,0.0,1.0,2,24.0,0.0,9,1946.0,7.090831667629235e-07,0,0.0,1.0,2,30.0,0.0,3,126.0,0.0,0,0.0,1.0,40,3821.0,-2.2222222222222223
855.0,34,1880.0,42.72727272727273,1.2791398536202296,0,65.0,0.26912506874379755,18,1656.0,0.08743377784437321,0,2.0,0.3679978004234318,2,34.0,0.0,9,1991.0,0.0,0,0.0,1.0,2,40.0,0.0,3,143.0,0.22365665810062027,0,0.0,1.0,34,3931.0,-1.8888888888888888
860.0,34,2050.0,46.59090909090909,1.8486907246583437,0,22.0,0.4247869578103369,18,1730.0,0.0955982163510193,0,2.0,0.6795946305298367,2,44.0,0.0,9,2036.0,0.0,0,0.0,1.0,2,50.0,0.0,3,158.0,0.2498496440953106,0,0.0,1.0,34,4042.0,-1.8888888888888888
865.0,37,2229.0,51.83720930232558,1.1129293163364806,0,22.0,0.008957888011143047,21,1829.0,0.026141008151270663,0,2.0,0.8934257379173411,2,54.0,0.0,9,2081.0,0.0,0,0.0,1.0,2,60.0,0.0,3,171.0,0.0,0,0.0,1.0,37,4219.0,-2.0555555555555554
870.0,40,2425.0,56.395348837209305,0.5021344588019647,1,27.0,0.0,23,1940.0,3.0669762206832075e-05,0,0.0,0.39648698383207753,2,64.0,0.0,9,2126.0,0.0,0,0.0,0.7513549941733728,2,70.0,0.0,3,186.0,0.0,0,0.0,1.0,40,4413.0,-2.2222222222222223
875.0,39,2493.0,57.97674418604651,0.5309936880216698,1,32.0,0.0,23,2055.0,0.0,2,7.0,0.00024588377253786215,2,74.0,0.0,6,1721.0,0.027720294979101348,0,0.0,0.9886188447650434,2,80.0,0.0,3,201.0,0.0,0,0.0,1.0,39,4170.0,-2.1666666666666665
880.0,37,2592.0,61.714285714285715,0.9604050349298108,1,37.0,0.0,23,2170.0,0.0,2,17.0,0.0,2,86.0,0.40182807096900075,4,1130.0,0.1126317683471816,0,0.0,1.0,2,90.0,0.0,3,216.0,0.0,0,0.0,1.0,37,3746.0,-2.0555555555555554
885.0,38,2779.0,66.16666666666667,0.7463852797786862,1,42.0,0.0,23,2285.0,0.0,2,27.0,0.0,2,96.0,0.42951339895463053,5,1152.0,0.002482577134168671,0,0.0,1.0,2,100.0,0.0,3,231.0,0.0,0,0.0,1.0,38,3933.0,-2.111111111111111
890.0,38,2939.0,69.97619047619048,0.5252948934003031,1,47.0,0.0,23,2400.0,0.0,0,15.0,0.20085725638418483,3,109.0,0.20290505986342255,6,1181.0,6.602206952190819e-06,0,2.0,0.37184805498510404,2,110.0,0.0,3,246.0,0.0,0,0.0,1.0,38,4110.0,-2.111111111111111
895.0,40,3136.0,74.66666666666667,0.5843736640647078,1,52.0,0.0,23,2515.0,0.0,0,0.0,1.0,5,131.0,0.0004407433431562223,6,1211.0,0.0,0,2.0,0.8543226843259328,2,120.0,0.0,3,261.0,0.0,0,0.0,1.0,40,4292.0,-2.2222222222222223
900.0,38,3208.0,76.38095238095238,0.8026362657755269,1,57.0,0.0,23,2630.0,0.0,0,0.0,1.0,5,156.0,1.5311794326913561e-06,6,1241.0,0.0,0,2.0,0.7623202698788432,0,0.0,1.0,3,276.0,0.0,0,0.0,1.0,38,4362.0,-2.111111111111111
905.0,39,3401.0,80.97619047619048,0.7946861693005526,1,62.0,0.0,23,2745.0,0.0,0,0.0,1.0,5,181.0,0.0,6,1271.0,0.0,1,5.0,0.19831482777321546,0,0.0,1.0,3,291.0,0.0,0,0.0,1.0,39,4555.0,-2.1666666666666665
910.0,39,3596.0,87.70731707317073,0.7032939911495333,1,67.0,0.0,23,2860.0,0.0,0,0.0,1.0,5,206.0,0.0,6,1301.0,0.0,1,10.0,0.0,0,0.0,1.0,3,306.0,0.0,0,0.0,1.0,39,4750.0,-2.1666666666666665
915.0,32,3260.0,79.51219512195122,1.2900041693438336,0,0.0,1.0,23,2979.0,0.03053392128127536,0,0.0,1.0,5,231.0,0.0,3,976.0,0.06146795260205616,1,15.0,0.0,0,2.0,0.440253821064753,0,186.0,0.17239307070264892,0,0.0,1.0,32,4389.0,-1.7777777777777777
920.0,30,3326.0,83.15,2.0790237330861467,0,0.0,1.0,23,3092.0,0.08423480666969063,0,0.0,1.0,5,256.0,0.0,2,529.0,0.11086231263417982,0,0.0,1.0,0,2.0,0.7101556013922292,0,0.0,1.0,0,0.0,1.0,30,3879.0,-1.6666666666666667
925.0,26,3154.0,80.87179487179488,3.0082289942381695,0,2.0,0.37071365764154296,24,3208.0,0.10144217218774582,0,0.0,1.0,1,160.0,0.18197791752583198,1,369.0,0.128033268091348,0,0.0,1.0,0,2.0,0.9657653059110666,0,0.0,1.0,0,2.0,0.9901245433644724,26,3743.0,-1.4444444444444444
930.0,20,1996.0,51.17948717948718,3.098619020914929,0,2.0,0.6934744328036132,18,2846.0,0.044782015406836545,0,0.0,1.0,0,37.0,0.7025978574886419,1,215.0,0.0,0,0.0,1.0,1,5.0,0.38606620338883124,0,0.0,1.0,0,2.0,0.9390387234586423,20,3107.0,-1.1111111111111112
935.0,16,648.0,16.615384615384617,4.588146990903045,0,2.0,0.9325140204211112,11,2066.0,0.10980180464664548,0,0.0,1.0,1,40.0,0.5802758527540848,1,222.0,0.5643661380094113,0,0.0,1.0,3,17.0,0.23477975440220414,0,0.0,0.7510647808218426,0,0.0,1.0,16,2347.0,-0.8888888888888888
940.0,8,78.0,2.1666666666666665,5.278536225755884,0,2.0,0.07358769083879689,3,1279.0,0.24301113037213382,0,0.0,0.9610501698592462,1,43.0,0.2048945921495,1,227.0,0.7132409941916036,0,0.0,1.0,3,30.0,0.0,0,0.0,0.9800250294829163,0,0.0,1.0,8,1581.0,-0.4444444444444444
945.0,12,134.0,4.32258064516129,4.913573256842133,3,15.0,5.541152424370134e-05,4,1122.0,0.29925520420395674,0,0.0,0.8776892990598161,1,48.0,0.0,1,230.0,0.5725566035601877,0,0.0,1.0,3,45.0,0.0,0,0.0,1.0,0,0.0,1.0,12,1460.0,-0.6666666666666666
950.0,15,204.0,7.285714285714286,3.5109316507049404,3,30.0,0.0,7,930.0,0.13220563211350264,0,0.0,0.997750697110852,1,54.0,0.19160254167363122,1,235.0,0.4607280070001864,0,0.0,0.7397113326477571,3,60.0,0.0,0,0.0,1.0,0,0.0,1.0,15,1309.0,-0.8333333333333334
955.0,14,254.0,10.16,3.223828297711715,3,45.0,0.0,6,706.0,0.06960464333239451,0,0.0,1.0,1,58.0,0.4859497893922796,1,242.0,0.21562820396821558,0,0.0,0.9258051349396688,3,75.0,0.0,0,0.0,1.0,0,0.0,1.0,14,1126.0,-0.7777777777777778
960.0,7,210.0,10.5,5.333366751092622,0,16.0,0.21976264484276278,3,422.0,0.2378170854363162,0,1.0,0.9145249714442676,0,0.0,0.97716938600623,1,247.0,0.5218312388593258,0,0.0,0.9549716007843655,3,90.0,0.0,0,0.0,1.0,0,0.0,1.0,7,776.0,-0.3888888888888889
965.0,7,245.0,12.25,6.737031296719186,0,2.0,0.9282015160731342,3,180.0,0.3157257334273767,0,1.0,0.964050026970651,0,0.0,1.0,1,252.0,0.6093697429739436,0,0.0,0.020785071961719137,3,105.0,0.22220689931048987,0,0.0,1.0,0,0.0,1.0,7,540.0,-0.3888888888888889
970.0,6,125.0,6.578947368421052,6.304901548718716,0,2.0,0.7308782129809109,4,200.0,0.3137353251640108,0,0.0,1.0,0,2.0,0.4255553106387182,1,4.0,0.5034256326065155,1,5.0,0.0,0,37.0,0.5527696649286609,0,0.0,1.0,0,0.0,1.0,6,250.0,-0.3333333333333333
975.0,11,160.0,8.88888888888889,3.9329154553072985,1,4.0,0.0005457449785260051,6,224.0,0.1409148469401493,0,0.0,1.0,0,2.0,0.9594348810137506,3,17.0,0.10971822891122344,0,0.0,1.0,1,1.0,0.0038829615654662683,0,0.0,1.0,0,0.0,1.0,11,248.0,-0.6111111111111112
980.0,5,40.0,2.3529411764705883,4.533666398162418,1,9.0,0.0,3,151.0,0.08051051840554399,0,4.0,0.6879730225709365,0,2.0,0.9834588425625869,0,11.0,0.22497434961170812,0,0.0,1.0,1,6.0,9.993237891024785e-06,0,0.0,1.0,0,0.0,1.0,5,183.0,-0.2777777777777778
985.0,5,65.0,4.642857142857143,7.607933539061711,1,16.0,0.5469634022557158,3,120.0,0.0,0,4.0,0.961721665691087,0,0.0,1.0,0,0.0,1.0,0,2.0,0.8447410894747442,1,11.0,0.0,0,2.0,0.9333662612730941,0,0.0,1.0,5,155.0,-0.2777777777777778
990.0,5,90.0,7.5,7.602285547796082,1,21.0,0.6962827614113568,3,135.0,0.0,0,2.0,0.995722526543858,0,0.0,1.0,0,0.0,1.0,0,2.0,0.9180926352488461,1,16.0,0.0,0,2.0,0.8917014008918964,0,0.0,1.0,5,178.0,-0.2777777777777778
995.0,3,44.0,4.4,3.3880893185543206,1,24.0,0.18076842840633103,0,23.0,0.22407403964720818,0,0.0,1.0,0,0.0,1.0,0,0.0,1.0,1,3.0,0.0752541996867006,1,21.0,0.30466727828357937,0,0.0,1.0,0,0.0,1.0,3,71.0,-0.16666666666666666
1000.0,3,37.0,5.285714285714286,7.093159457505398,2,33.0,0.0,0,0.0,1.0,0,4.0,0.9476402304905108,0,0.0,1.0,0,0.0,1.0,1,8.0,0.0,0,0.0,0.9259577238151789,0,0.0,1.0,0,0.0,1.0,3,45.0,-0.16666666666666666
1005.0,2,43.0,6.142857142857143,7.067568714881053,1,34.0,0.0,0,0.0,1.0,0,4.0,0.796133548391609,0,0.0,1.0,0,0.0,1.0,1,13.0,0.0,0,0.0,0.3310735153950753,0,2.0,0.9568442318619802,0,0.0,1.0,2,53.0,-0.1111111111111111
1010.0,3,54.0,9.0,5.485528269831182,1,39.0,0.0,0,0.0,1.0,1,3.0,0.0013390591267406684,0,2.0,0.9627409864262014,0,0.0,1.0,1,18.0,0.0,0,0.0,1.0,0,2.0,0.9808963914959438,0,0.0,1.0,3,64.0,-0.16666666666666666
1015.0,3,69.0,13.8,5.565041073201563,1,44.0,0.0,0,0.0,1.0,1,8.0,0.0,0,3.0,0.9569027731406561,0,0.0,1.0,1,23.0,0.0,0,0.0,1.0,0,0.0,1.0,0,0.0,1.0,3,78.0,-0.16666666666666666
1020.0,3,84.0,21.0,3.1883373031566498,1,49.0,0.0,0,0.0,1.0,1,13.0,0.0,0,1.0,0.9032638365901856,0,0.0,1.0,1,28.0,0.0,0,0.0,1.0,0,0.0,1.0,0,0.0,1.0,3,91.0,-0.16666666666666666
1025.0,4,101.0,25.25,0.004734158999463207,1,54.0,0.0,0,0.0,1.0,1,18.0,0.0,1,3.0,0.0013411989429880568,0,0.0,1.0,1,33.0,0.0,0,0.0,1.0,0,0.0,1.0,0,0.0,1.0,4,108.0,-0.2222222222222222
1030.0,4,121.0,30.25,0.0,1,59.0,0.0,0,0.0,1.0,1,23.0,0.0,1,8.0,0.0,0,0.0,1.0,1,38.0,0.0,0,0.0,1.0,0,0.0,1.0,0,0.0,1.0,4,128.0,-0.2222222222222222
1035.0,3,79.0,19.75,1.3802756636927371,0,0.0,1.0,0,0.0,1.0,1,28.0,0.0,1,13.0,0.0,0,0.0,1.0,1,43.0,0.0,0,0.0,1.0,0,0.0,1.0,0,0.0,1.0,3,84.0,-0.16666666666666666
1040.0,2,63.0,15.75,4.875361108666904,0,0.0,1.0,0,0.0,1.0,0,0.0,1.0,1,18.0,0.0,0,0.0,1.0,1,50.0,0.16810658833344838,0,0.0,1.0,0,0.0,1.0,0,0.0,1.0,2,68.0,-0.1111111111111111
1045.0,2,73.0,18.25,6.866469381520211,0,0.0,1.0,0,0.0,1.0,0,0.0,1.0,1,23.0,0.0,0,0.0,1.0,1,55.0,0.44250290003519804,0,0.0,1.0,0,0.0,1.0,0,0.0,1.0,2,78.0,-0.1111111111111111
1050.0,2,83.0,20.75,7.001970469187735,0,0.0,1.0,0,0.0,1.0,0,0.0,1.0,1,28.0,0.0,0,0.0,1.0,1,60.0,0.46126448394063235,0,0.0,1.0,0,0.0,1.0,0,0.0,1.0,2,88.0,-0.1111111111111111
1055.0,2,93.0,46.5,0.0,0,0.0,1.0,0,0.0,1.0,0,0.0,1.0,1,33.0,0.0,0,0.0,1.0,1,63.0,0.0,0,0.0,1.0,0,0.0,1.0,0,0.0,1.0,2,96.0,-0.1111111111111111
1060.0,2,103.0,51.5,0.0,0,0.0,1.0,0,0.0,1.0,0,0.0,1.0,1,38.0,0.0,0,0.0,1.0,1,68.0,0.0,0,0.0,1.0,0,0.0,1.0,0,0.0,1.0,2,106.0,-0.1111111111111111
1065.0,2,113.0,56.5,0.0,0,0.0,1.0,0,0.0,1.0,0,0.0,1.0,1,43.0,0.0,0,0.0,1.0,1,73.0,0.0,0,0.0,1.0,0,0.0,1.0,0,0.0,1.0,2,116.0,-0.1111111111111111
1070.0,2,123.0,61.5,0.0,0,0.0,1.0,0,0.0,1.0,0,0.0,1.0,1,48.0,0.0,0,0.0,1.0,1,78.0,0.0,0,0.0,1.0,0,0.0,1.0,0,0.0,1.0,2,126.0,-0.1111111111111111
1075.0,1,81.0,40.5,2.5543966612778606,0,0.0,1.0,0,0.0,1.0,0,0.0,1.0,0,0.0,1.0,0,0.0,1.0,1,83.0,0.0,0,0.0,1.0,0,0.0,1.0,0,0.0,1.0,1,83.0,-0.05555555555555555
1080.0,0,0.0,0.0,8.921053120652195,0,0.0,1.0,0,0.0,1.0,0,0.0,1.0,0,0.0,1.0,0,2.0,0.8522469548819729,0,0.0,1.0,0,0.0,1.0,0,0.0,1.0,0,0.0,1.0,0,2.0,0.0
1085.0,0,0.0,0.0,13.620915212631774,0,0.0,1.0,0,0.0,1.0,0,2.0,0.9985316798889868,0,0.0,1.0,0,2.0,0.9150723832507519,0,0.0,1.0,0,0.0,1.0,0,0.0,1.0,0,0.0,1.0,0,4.0,0.0
1090.0,0,0.0,0.0,13.480377683573813,0,0.0,1.0,0,0.0,1.0,0,2.0,0.9398697970686793,0,0.0,1.0,0,0.0,1.0,0,0.0,1.0,0,0.0,1.0,0,0.0,1.0,0,0.0,1.0,0,2.0,0.0
1095.0,1,1.0,1.0,0.03672324008902215,0,0.0,1.0,0,0.0,1.0,1,3.0,0.0025603929667513048,0,0.0,1.0,0,0.0,1.0,0,0.0,1.0,0,0.0,1.0,0,0.0,1.0,0,0.0,1.0,1,3.0,-0.05555555555555555
1100.0,1,6.0,6.0,0.0,0,0.0,1.0,0,0.0,1.0,1,8.0,0.0,0,0.0,1.0,0,0.0,1.0,0,0.0,1.0,0,0.0,1.0,0,0.0,1.0,0,0.0,1.0,1,8.0,-0.05555555555555555
1105.0,1,11.0,11.0,0.0,0,0.0,1.0,0,0.0,1.0,1,13.0,0.0,0,0.0,1.0,0,0.0,1.0,0,0.0,1.0,0,0.0,1.0,0,0.0,1.0,0,0.0,1.0,1,13.0,-0.05555555555555555
1110.0,1,16.0,16.0,0.0,0,0.0,1.0,0,0.0,1.0,1,18.0,0.0,0,0.0,1.0,0,0.0,1.0,0,0.0,1.0,0,0.0,1.0,0,0.0,1.0,0,0.0,1.0,1,18.0,-0.05555555555555555
1115.0,1,21.0,21.0,0.0,0,0.0,1.0,0,0.0,1.0,1,20.0,0.0,0,0.0,1.0,0,0.0,1.0,0,0.0,1.0,0,0.0,1.0,0,0.0,1.0,0,0.0,1.0,1,20.0,-0.05555555555555555
1120.0,0,0.0,0.0,5.761251841043123,0,0.0,1.0,0,0.0,1.0,0,0.0,1.0,0,0.0,1.0,0,0.0,1.0,0,0.0,1.0,0,0.0,1.0,0,0.0,1.0,0,0.0,1.0,0,0.0,0.0
1125.0,0,0.0,0.0,14.071184952350087,0,0.0,1.0,0,-8.0,0.98106166281945,0,0.0,1.0,0,0.0,1.0,0,0.0,1.0,0,0.0,1.0,0,0.0,1.0,0,0.0,1.0,0,0.0,1.0,0,-8.0,0.0
1130.0,0,0.0,0.0,13.806695595083513,0,0.0,1.0,0,-13.0,0.9626211143143537,0,0.0,1.0,0,0.0,1.0,0,0.0,1.0,0,0.0,1.0,0,0.0,1.0,0,0.0,1.0,0,0.0,1.0,0,-13.0,0.0
1135.0,0,0.0,0.0,0.0,0,0.0,1.0,0,0.0,1.0,0,0.0,1.0,0,0.0,1.0,0,0.0,1.0,0,0.0,1.0,0,0.0,1.0,0,0.0,1.0,0,0.0,1.0,0,0.0,0.0
1140.0,0,0.0,0.0,0.0,0,0.0,1.0,0,0.0,1.0,0,0.0,1.0,0,0.0,1.0,0,0.0,1.0,0,0.0,1.0,0,0.0,1.0,0,0.0,1.0,0,0.0,1.0,0,0.0,0.0
1145.0,0,0.0,0.0,0.0,0,0.0,1.0,0,0.0,1.0,0,0.0,1.0,0,0.0,1.0,0,0.0,1.0,0,0.0,1.0,0,0.0,1.0,0,0.0,1.0,0,0.0,1.0,0,0.0,0.0
1150.0,0,0.0,0.0,0.0,0,0.0,1.0,0,0.0,1.0,0,0.0,1.0,0,0.0,1.0,0,0.0,1.0,0,0.0,1.0,0,0.0,1.0,0,0.0,1.0,0,0.0,1.0,0,0.0,0.0
1155.0,0,0.0,0.0,0.0,0,0.0,1.0,0,0.0,1.0,0,0.0,1.0,0,0.0,1.0,0,0.0,1.0,0,0.0,1.0,0,0.0,1.0,0,0.0,1.0,0,0.0,1.0,0,0.0,0.0
1160.0,0,0.0,0.0,0.0,0,0.0,1.0,0,0.0,1.0,0,0.0,1.0,0,0.0,1.0,0,0.0,1.0,0,0.0,1.0,0,0.0,1.0,0,0.0,1.0,0,0.0,1.0,0,0.0,0.0
1165.0,0,0.0,0.0,0.0,0,0.0,1.0,0,0.0,1.0,0,0.0,1.0,0,0.0,1.0,0,0.0,1.0,0,0.0,1.0,0,0.0,1.0,0,0.0,1.0,0,0.0,1.0,0,0.0,0.0
1170.0,0,0.0,0.0,0.0,0,0.0,1.0,0,0.0,1.0,0,0.0,1.0,0,0.0,1.0,0,0.0,1.0,0,0.0,1.0,0,0.0,1.0,0,0.0,1.0,0,0.0,1.0,0,0.0,0.0
1175.0,0,0.0,0.0,0.0,0,0.0,1.0,0,0.0,1.0,0,0.0,1.0,0,0.0,1.0,0,0.0,1.0,0,0.0,1.0,0,0.0,1.0,0,0.0,1.0,0,0.0,1.0,0,0.0,0.0
1180.0,0,0.0,0.0,0.0,0,0.0,1.0,0,0.0,1.0,0,0.0,1.0,0,0.0,1.0,0,0.0,1.0,0,0.0,1.0,0,0.0,1.0,0,0.0,1.0,0,0.0,1.0,0,0.0,0.0
1185.0,0,0.0,0.0,0.0,0,0.0,1.0,0,0.0,1.0,0,0.0,1.0,0,0.0,1.0,0,0.0,1.0,0,0.0,1.0,0,0.0,1.0,0,0.0,1.0,0,0.0,1.0,0,0.0,0.0
1190.0,0,0.0,0.0,0.0,0,0.0,1.0,0,0.0,1.0,0,0.0,1.0,0,0.0,1.0,0,0.0,1.0,0,0.0,1.0,0,0.0,1.0,0,0.0,1.0,0,0.0,1.0,0,0.0,0.0
1195.0,0,0.0,0.0,0.0,0,0.0,1.0,0,0.0,1.0,0,0.0,1.0,0,0.0,1.0,0,0.0,1.0,0,0.0,1.0,0,0.0,1.0,0,0.0,1.0,0,0.0,1.0,0,0.0,0.0
1200.0,0,0.0,0.0,0.0,0,0.0,1.0,0,0.0,1.0,0,0.0,1.0,0,0.0,1.0,0,0.0,1.0,0,0.0,1.0,0,0.0,1.0,0,0.0,1.0,0,0.0,1.0,0,0.0,0.0
1205.0,0,0.0,0.0,0.0,0,0.0,1.0,0,0.0,1.0,0,0.0,1.0,0,0.0,1.0,0,0.0,1.0,0,0.0,1.0,0,0.0,1.0,0,0.0,1.0,0,0.0,1.0,0,0.0,0.0
1210.0,0,0.0,0.0,0.0,0,0.0,1.0,0,0.0,1.0,0,0.0,1.0,0,0.0,1.0,0,0.0,1.0,0,0.0,1.0,0,0.0,1.0,0,0.0,1.0,0,0.0,1.0,0,0.0,0.0
1215.0,0,0.0,0.0,0.0,0,0.0,1.0,0,0.0,1.0,0,0.0,1.0,0,0.0,1.0,0,0.0,1.0,0,0.0,1.0,0,0.0,1.0,0,0.0,1.0,0,0.0,1.0,0,0.0,0.0
1220.0,0,0.0,0.0,0.0,0,0.0,1.0,0,0.0,1.0,0,0.0,1.0,0,0.0,1.0,0,0.0,1.0,0,0.0,1.0,0,0.0,1.0,0,0.0,1.0,0,0.0,1.0,0,0.0,0.0
1225.0,0,0.0,0.0,0.0,0,0.0,1.0,0,0.0,1.0,0,0.0,1.0,0,0.0,1.0,0,0.0,1.0,0,0.0,1.0,0,0.0,1.0,0,0.0,1.0,0,0.0,1.0,0,0.0,0.0
1230.0,0,0.0,0.0,0.0,0,0.0,1.0,0,0.0,1.0,0,0.0,1.0,0,0.0,1.0,0,0.0,1.0,0,0.0,1.0,0,0.0,1.0,0,0.0,1.0,0,0.0,1.0,0,0.0,0.0
1235.0,0,0.0,0.0,0.0,0,0.0,1.0,0,0.0,1.0,0,0.0,1.0,0,0.0,1.0,0,0.0,1.0,0,0.0,1.0,0,0.0,1.0,0,0.0,1.0,0,0.0,1.0,0,0.0,0.0
1240.0,0,0.0,0.0,0.0,0,0.0,1.0,0,0.0,1.0,0,0.0,1.0,0,0.0,1.0,0,0.0,1.0,0,0.0,1.0,0,0.0,1.0,0,0.0,1.0,0,0.0,1.0,0,0.0,0.0
1245.0,0,0.0,0.0,0.0,0,0.0,1.0,0,0.0,1.0,0,0.0,1.0,0,0.0,1.0,0,0.0,1.0,0,0.0,1.0,0,0.0,1.0,0,0.0,1.0,0,0.0,1.0,0,0.0,0.0
1250.0,0,0.0,0.0,0.0,0,0.0,1.0,0,0.0,1.0,0,0.0,1.0,0,0.0,1.0,0,0.0,1.0,0,0.0,1.0,0,0.0,1.0,0,0.0,1.0,0,0.0,1.0,0,0.0,0.0
1255.0,0,0.0,0.0,0.0,0,0.0,1.0,0,0.0,1.0,0,0.0,1.0,0,0.0,1.0,0,0.0,1.0,0,0.0,1.0,0,0.0,1.0,0,0.0,1.0,0,0.0,1.0,0,0.0,0.0
1260.0,0,0.0,0.0,0.0,0,0.0,1.0,0,0.0,1.0,0,0.0,1.0,0,0.0,1.0,0,0.0,1.0,0,0.0,1.0,0,0.0,1.0,0,0.0,1.0,0,0.0,1.0,0,0.0,0.0
1265.0,0,0.0,0.0,0.0,0,0.0,1.0,0,0.0,1.0,0,0.0,1.0,0,0.0,1.0,0,0.0,1.0,0,0.0,1.0,0,0.0,1.0,0,0.0,1.0,0,0.0,1.0,0,0.0,0.0
1270.0,0,0.0,0.0,0.0,0,0.0,1.0,0,0.0,1.0,0,0.0,1.0,0,0.0,1.0,0,0.0,1.0,0,0.0,1.0,0,0.0,1.0,0,0.0,1.0,0,0.0,1.0,0,0.0,0.0
1275.0,0,0.0,0.0,0.0,0,0.0,1.0,0,0.0,1.0,0,0.0,1.0,0,0.0,1.0,0,0.0,1.0,0,0.0,1.0,0,0.0,1.0,0,0.0,1.0,0,0.0,1.0,0,0.0,0.0
1280.0,0,0.0,0.0,0.0,0,0.0,1.0,0,0.0,1.0,0,0.0,1.0,0,0.0,1.0,0,0.0,1.0,0,0.0,1.0,0,0.0,1.0,0,0.0,1.0,0,0.0,1.0,0,0.0,0.0
1285.0,0,0.0,0.0,0.0,0,0.0,1.0,0,0.0,1.0,0,0.0,1.0,0,0.0,1.0,0,0.0,1.0,0,0.0,1.0,0,0.0,1.0,0,0.0,1.0,0,0.0,1.0,0,0.0,0.0
1290.0,0,0.0,0.0,0.0,0,0.0,1.0,0,0.0,1.0,0,0.0,1.0,0,0.0,1.0,0,0.0,1.0,0,0.0,1.0,0,0.0,1.0,0,0.0,1.0,0,0.0,1.0,0,0.0,0.0
1295.0,0,0.0,0.0,0.0,0,0.0,1.0,0,0.0,1.0,0,0.0,1.0,0,0.0,1.0,0,0.0,1.0,0,0.0,1.0,0,0.0,1.0,0,0.0,1.0,0,0.0,1.0,0,0.0,0.0
1300.0,0,0.0,0.0,0.0,0,0.0,1.0,0,0.0,1.0,0,0.0,1.0,0,0.0,1.0,0,0.0,1.0,0,0.0,1.0,0,0.0,1.0,0,0.0,1.0,0,0.0,1.0,0,0.0,0.0
1305.0,0,0.0,0.0,0.0,0,0.0,1.0,0,0.0,1.0,0,0.0,1.0,0,0.0,1.0,0,0.0,1.0,0,0.0,1.0,0,0.0,1.0,0,0.0,1.0,0,0.0,1.0,0,0.0,0.0
1310.0,0,0.0,0.0,0.0,0,0.0,1.0,0,0.0,1.0,0,0.0,1.0,0,0.0,1.0,0,0.0,1.0,0,0.0,1.0,0,0.0,1.0,0,0.0,1.0,0,0.0,1.0,0,0.0,0.0
1315.0,0,0.0,0.0,0.0,0,0.0,1.0,0,0.0,1.0,0,0.0,1.0,0,0.0,1.0,0,0.0,1.0,0,0.0,1.0,0,0.0,1.0,0,0.0,1.0,0,0.0,1.0,0,0.0,0.0
1320.0,0,0.0,0.0,0.0,0,0.0,1.0,0,0.0,1.0,0,0.0,1.0,0,0.0,1.0,0,0.0,1.0,0,0.0,1.0,0,0.0,1.0,0,0.0,1.0,0,0.0,1.0,0,0.0,0.0
1325.0,0,0.0,0.0,0.0,0,0.0,1.0,0,0.0,1.0,0,0.0,1.0,0,0.0,1.0,0,0.0,1.0,0,0.0,1.0,0,0.0,1.0,0,0.0,1.0,0,0.0,1.0,0,0.0,0.0
1330.0,0,0.0,0.0,0.0,0,0.0,1.0,0,0.0,1.0,0,0.0,1.0,0,0.0,1.0,0,0.0,1.0,0,0.0,1.0,0,0.0,1.0,0,0.0,1.0,0,0.0,1.0,0,0.0,0.0
1335.0,0,0.0,0.0,0.0,0,0.0,1.0,0,0.0,1.0,0,0.0,1.0,0,0.0,1.0,0,0.0,1.0,0,0.0,1.0,0,0.0,1.0,0,0.0,1.0,0,0.0,1.0,0,0.0,0.0
1340.0,0,0.0,0.0,0.0,0,0.0,1.0,0,0.0,1.0,0,0.0,1.0,0,0.0,1.0,0,0.0,1.0,0,0.0,1.0,0,0.0,1.0,0,0.0,1.0,0,0.0,1.0,0,0.0,0.0
1345.0,0,0.0,0.0,0.0,0,0.0,1.0,0,0.0,1.0,0,0.0,1.0,0,0.0,1.0,0,0.0,1.0,0,0.0,1.0,0,0.0,1.0,0,0.0,1.0,0,0.0,1.0,0,0.0,0.0
1350.0,0,0.0,0.0,0.0,0,0.0,1.0,0,0.0,1.0,0,0.0,1.0,0,0.0,1.0,0,0.0,1.0,0,0.0,1.0,0,0.0,1.0,0,0.0,1.0,0,0.0,1.0,0,0.0,0.0
1355.0,0,0.0,0.0,0.0,0,0.0,1.0,0,0.0,1.0,0,0.0,1.0,0,0.0,1.0,0,0.0,1.0,0,0.0,1.0,0,0.0,1.0,0,0.0,1.0,0,0.0,1.0,0,0.0,0.0
1360.0,0,0.0,0.0,0.0,0,0.0,1.0,0,0.0,1.0,0,0.0,1.0,0,0.0,1.0,0,0.0,1.0,0,0.0,1.0,0,0.0,1.0,0,0.0,1.0,0,0.0,1.0,0,0.0,0.0
1365.0,0,0.0,0.0,0.0,0,0.0,1.0,0,0.0,1.0,0,0.0,1.0,0,0.0,1.0,0,0.0,1.0,0,0.0,1.0,0,0.0,1.0,0,0.0,1.0,0,0.0,1.0,0,0.0,0.0
1370.0,0,0.0,0.0,0.0,0,0.0,1.0,0,0.0,1.0,0,0.0,1.0,0,0.0,1.0,0,0.0,1.0,0,0.0,1.0,0,0.0,1.0,0,0.0,1.0,0,0.0,1.0,0,0.0,0.0
1375.0,0,0.0,0.0,0.0,0,0.0,1.0,0,0.0,1.0,0,0.0,1.0,0,0.0,1.0,0,0.0,1.0,0,0.0,1.0,0,0.0,1.0,0,0.0,1.0,0,0.0,1.0,0,0.0,0.0
1380.0,0,0.0,0.0,0.0,0,0.0,1.0,0,0.0,1.0,0,0.0,1.0,0,0.0,1.0,0,0.0,1.0,0,0.0,1.0,0,0.0,1.0,0,0.0,1.0,0,0.0,1.0,0,0.0,0.0
1385.0,0,0.0,0.0,0.0,0,0.0,1.0,0,0.0,1.0,0,0.0,1.0,0,0.0,1.0,0,0.0,1.0,0,0.0,1.0,0,0.0,1.0,0,0.0,1.0,0,0.0,1.0,0,0.0,0.0
1390.0,0,0.0,0.0,0.0,0,0.0,1.0,0,0.0,1.0,0,0.0,1.0,0,0.0,1.0,0,0.0,1.0,0,0.0,1.0,0,0.0,1.0,0,0.0,1.0,0,0.0,1.0,0,0.0,0.0
1395.0,0,0.0,0.0,0.0,0,0.0,1.0,0,0.0,1.0,0,0.0,1.0,0,0.0,1.0,0,0.0,1.0,0,0.0,1.0,0,0.0,1.0,0,0.0,1.0,0,0.0,1.0,0,0.0,0.0
1400.0,0,0.0,0.0,0.0,0,0.0,1.0,0,0.0,1.0,0,0.0,1.0,0,0.0,1.0,0,0.0,1.0,0,0.0,1.0,0,0.0,1.0,0,0.0,1.0,0,0.0,1.0,0,0.0,0.0
1405.0,0,0.0,0.0,0.0,0,0.0,1.0,0,0.0,1.0,0,0.0,1.0,0,0.0,1.0,0,0.0,1.0,0,0.0,1.0,0,0.0,1.0,0,0.0,1.0,0,0.0,1.0,0,0.0,0.0
1410.0,0,0.0,0.0,0.0,0,0.0,1.0,0,0.0,1.0,0,0.0,1.0,0,0.0,1.0,0,0.0,1.0,0,0.0,1.0,0,0.0,1.0,0,0.0,1.0,0,0.0,1.0,0,0.0,0.0
1415.0,0,0.0,0.0,0.0,0,0.0,1.0,0,0.0,1.0,0,0.0,1.0,0,0.0,1.0,0,0.0,1.0,0,0.0,1.0,0,0.0,1.0,0,0.0,1.0,0,0.0,1.0,0,0.0,0.0
1420.0,0,0.0,0.0,0.0,0,0.0,1.0,0,0.0,1.0,0,0.0,1.0,0,0.0,1.0,0,0.0,1.0,0,0.0,1.0,0,0.0,1.0,0,0.0,1.0,0,0.0,1.0,0,0.0,0.0
1425.0,0,0.0,0.0,0.0,0,0.0,1.0,0,0.0,1.0,0,0.0,1.0,0,0.0,1.0,0,0.0,1.0,0,0.0,1.0,0,0.0,1.0,0,0.0,1.0,0,0.0,1.0,0,0.0,0.0
1430.0,0,0.0,0.0,0.0,0,0.0,1.0,0,0.0,1.0,0,0.0,1.0,0,0.0,1.0,0,0.0,1.0,0,0.0,1.0,0,0.0,1.0,0,0.0,1.0,0,0.0,1.0,0,0.0,0.0
1435.0,0,0.0,0.0,0.0,0,0.0,1.0,0,0.0,1.0,0,0.0,1.0,0,0.0,1.0,0,0.0,1.0,0,0.0,1.0,0,0.0,1.0,0,0.0,1.0,0,0.0,1.0,0,0.0,0.0
1440.0,0,0.0,0.0,0.0,0,0.0,1.0,0,0.0,1.0,0,0.0,1.0,0,0.0,1.0,0,0.0,1.0,0,0.0,1.0,0,0.0,1.0,0,0.0,1.0,0,0.0,1.0,0,0.0,0.0
1445.0,0,0.0,0.0,0.0,0,0.0,1.0,0,0.0,1.0,0,0.0,1.0,0,0.0,1.0,0,0.0,1.0,0,0.0,1.0,0,0.0,1.0,0,0.0,1.0,0,0.0,1.0,0,0.0,0.0
1450.0,0,0.0,0.0,0.0,0,0.0,1.0,0,0.0,1.0,0,0.0,1.0,0,0.0,1.0,0,0.0,1.0,0,0.0,1.0,0,0.0,1.0,0,0.0,1.0,0,0.0,1.0,0,0.0,0.0
1455.0,0,0.0,0.0,0.0,0,0.0,1.0,0,0.0,1.0,0,0.0,1.0,0,0.0,1.0,0,0.0,1.0,0,0.0,1.0,0,0.0,1.0,0,0.0,1.0,0,0.0,1.0,0,0.0,0.0
1460.0,0,0.0,0.0,0.0,0,0.0,1.0,0,0.0,1.0,0,0.0,1.0,0,0.0,1.0,0,0.0,1.0,0,0.0,1.0,0,0.0,1.0,0,0.0,1.0,0,0.0,1.0,0,0.0,0.0
1465.0,0,0.0,0.0,0.0,0,0.0,1.0,0,0.0,1.0,0,0.0,1.0,0,0.0,1.0,0,0.0,1.0,0,0.0,1.0,0,0.0,1.0,0,0.0,1.0,0,0.0,1.0,0,0.0,0.0
1470.0,0,0.0,0.0,0.0,0,0.0,1.0,0,0.0,1.0,0,0.0,1.0,0,0.0,1.0,0,0.0,1.0,0,0.0,1.0,0,0.0,1.0,0,0.0,1.0,0,0.0,1.0,0,0.0,0.0
1475.0,0,0.0,0.0,0.0,0,0.0,1.0,0,0.0,1.0,0,0.0,1.0,0,0.0,1.0,0,0.0,1.0,0,0.0,1.0,0,0.0,1.0,0,0.0,1.0,0,0.0,1.0,0,0.0,0.0
1480.0,0,0.0,0.0,0.0,0,0.0,1.0,0,0.0,1.0,0,0.0,1.0,0,0.0,1.0,0,0.0,1.0,0,0.0,1.0,0,0.0,1.0,0,0.0,1.0,0,0.0,1.0,0,0.0,0.0
1485.0,0,0.0,0.0,0.0,0,0.0,1.0,0,0.0,1.0,0,0.0,1.0,0,0.0,1.0,0,0.0,1.0,0,0.0,1.0,0,0.0,1.0,0,0.0,1.0,0,0.0,1.0,0,0.0,0.0
1490.0,0,0.0,0.0,0.0,0,0.0,1.0,0,0.0,1.0,0,0.0,1.0,0,0.0,1.0,0,0.0,1.0,0,0.0,1.0,0,0.0,1.0,0,0.0,1.0,0,0.0,1.0,0,0.0,0.0
1495.0,0,0.0,0.0,0.0,0,0.0,1.0,0,0.0,1.0,0,0.0,1.0,0,0.0,1.0,0,0.0,1.0,0,0.0,1.0,0,0.0,1.0,0,0.0,1.0,0,0.0,1.0,0,0.0,0.0
1500.0,0,0.0,0.0,0.0,0,0.0,1.0,0,0.0,1.0,0,0.0,1.0,0,0.0,1.0,0,0.0,1.0,0,0.0,1.0,0,0.0,1.0,0,0.0,1.0,0,0.0,1.0,0,0.0,0.0
1505.0,0,0.0,0.0,0.0,0,0.0,1.0,0,0.0,1.0,0,0.0,1.0,0,0.0,1.0,0,0.0,1.0,0,0.0,1.0,0,0.0,1.0,0,0.0,1.0,0,0.0,1.0,0,0.0,0.0
1510.0,0,0.0,0.0,0.0,0,0.0,1.0,0,0.0,1.0,0,0.0,1.0,0,0.0,1.0,0,0.0,1.0,0,0.0,1.0,0,0.0,1.0,0,0.0,1.0,0,0.0,1.0,0,0.0,0.0
1515.0,0,0.0,0.0,0.0,0,0.0,1.0,0,0.0,1.0,0,0.0,1.0,0,0.0,1.0,0,0.0,1.0,0,0.0,1.0,0,0.0,1.0,0,0.0,1.0,0,0.0,1.0,0,0.0,0.0
1520.0,0,0.0,0.0,0.0,0,0.0,1.0,0,0.0,1.0,0,0.0,1.0,0,0.0,1.0,0,0.0,1.0,0,0.0,1.0,0,0.0,1.0,0,0.0,1.0,0,0.0,1.0,0,0.0,0.0
1525.0,0,0.0,0.0,0.0,0,0.0,1.0,0,0.0,1.0,0,0.0,1.0,0,0.0,1.0,0,0.0,1.0,0,0.0,1.0,0,0.0,1.0,0,0.0,1.0,0,0.0,1.0,0,0.0,0.0
1530.0,0,0.0,0.0,0.0,0,0.0,1.0,0,0.0,1.0,0,0.0,1.0,0,0.0,1.0,0,0.0,1.0,0,0.0,1.0,0,0.0,1.0,0,0.0,1.0,0,0.0,1.0,0,0.0,0.0
1535.0,0,0.0,0.0,0.0,0,0.0,1.0,0,0.0,1.0,0,0.0,1.0,0,0.0,1.0,0,0.0,1.0,0,0.0,1.0,0,0.0,1.0,0,0.0,1.0,0,0.0,1.0,0,0.0,0.0
1540.0,0,0.0,0.0,0.0,0,0.0,1.0,0,0.0,1.0,0,0.0,1.0,0,0.0,1.0,0,0.0,1.0,0,0.0,1.0,0,0.0,1.0,0,0.0,1.0,0,0.0,1.0,0,0.0,0.0
1545.0,0,0.0,0.0,0.0,0,0.0,1.0,0,0.0,1.0,0,0.0,1.0,0,0.0,1.0,0,0.0,1.0,0,0.0,1.0,0,0.0,1.0,0,0.0,1.0,0,0.0,1.0,0,0.0,0.0
1550.0,0,0.0,0.0,0.0,0,0.0,1.0,0,0.0,1.0,0,0.0,1.0,0,0.0,1.0,0,0.0,1.0,0,0.0,1.0,0,0.0,1.0,0,0.0,1.0,0,0.0,1.0,0,0.0,0.0
1555.0,0,0.0,0.0,0.0,0,0.0,1.0,0,0.0,1.0,0,0.0,1.0,0,0.0,1.0,0,0.0,1.0,0,0.0,1.0,0,0.0,1.0,0,0.0,1.0,0,0.0,1.0,0,0.0,0.0
1560.0,0,0.0,0.0,0.0,0,0.0,1.0,0,0.0,1.0,0,0.0,1.0,0,0.0,1.0,0,0.0,1.0,0,0.0,1.0,0,0.0,1.0,0,0.0,1.0,0,0.0,1.0,0,0.0,0.0
1565.0,0,0.0,0.0,0.0,0,0.0,1.0,0,0.0,1.0,0,0.0,1.0,0,0.0,1.0,0,0.0,1.0,0,0.0,1.0,0,0.0,1.0,0,0.0,1.0,0,0.0,1.0,0,0.0,0.0
1570.0,0,0.0,0.0,0.0,0,0.0,1.0,0,0.0,1.0,0,0.0,1.0,0,0.0,1.0,0,0.0,1.0,0,0.0,1.0,0,0.0,1.0,0,0.0,1.0,0,0.0,1.0,0,0.0,0.0
1575.0,0,0.0,0.0,0.0,0,0.0,1.0,0,0.0,1.0,0,0.0,1.0,0,0.0,1.0,0,0.0,1.0,0,0.0,1.0,0,0.0,1.0,0,0.0,1.0,0,0.0,1.0,0,0.0,0.0
1580.0,0,0.0,0.0,0.0,0,0.0,1.0,0,0.0,1.0,0,0.0,1.0,0,0.0,1.0,0,0.0,1.0,0,0.0,1.0,0,0.0,1.0,0,0.0,1.0,0,0.0,1.0,0,0.0,0.0
1585.0,0,0.0,0.0,0.0,0,0.0,1.0,0,0.0,1.0,0,0.0,1.0,0,0.0,1.0,0,0.0,1.0,0,0.0,1.0,0,0.0,1.0,0,0.0,1.0,0,0.0,1.0,0,0.0,0.0
1590.0,0,0.0,0.0,0.0,0,0.0,1.0,0,0.0,1.0,0,0.0,1.0,0,0.0,1.0,0,0.0,1.0,0,0.0,1.0,0,0.0,1.0,0,0.0,1.0,0,0.0,1.0,0,0.0,0.0
1595.0,0,0.0,0.0,0.0,0,0.0,1.0,0,0.0,1.0,0,0.0,1.0,0,0.0,1.0,0,0.0,1.0,0,0.0,1.0,0,0.0,1.0,0,0.0,1.0,0,0.0,1.0,0,0.0,0.0
1600.0,0,0.0,0.0,0.0,0,0.0,1.0,0,0.0,1.0,0,0.0,1.0,0,0.0,1.0,0,0.0,1.0,0,0.0,1.0,0,0.0,1.0,0,0.0,1.0,0,0.0,1.0,0,0.0,0.0
1605.0,0,0.0,0.0,0.0,0,0.0,1.0,0,0.0,1.0,0,0.0,1.0,0,0.0,1.0,0,0.0,1.0,0,0.0,1.0,0,0.0,1.0,0,0.0,1.0,0,0.0,1.0,0,0.0,0.0
1610.0,0,0.0,0.0,0.0,0,0.0,1.0,0,0.0,1.0,0,0.0,1.0,0,0.0,1.0,0,0.0,1.0,0,0.0,1.0,0,0.0,1.0,0,0.0,1.0,0,0.0,1.0,0,0.0,0.0
1615.0,0,0.0,0.0,0.0,0,0.0,1.0,0,0.0,1.0,0,0.0,1.0,0,0.0,1.0,0,0.0,1.0,0,0.0,1.0,0,0.0,1.0,0,0.0,1.0,0,0.0,1.0,0,0.0,0.0
1620.0,0,0.0,0.0,0.0,0,0.0,1.0,0,0.0,1.0,0,0.0,1.0,0,0.0,1.0,0,0.0,1.0,0,0.0,1.0,0,0.0,1.0,0,0.0,1.0,0,0.0,1.0,0,0.0,0.0
1625.0,0,0.0,0.0,0.0,0,0.0,1.0,0,0.0,1.0,0,0.0,1.0,0,0.0,1.0,0,0.0,1.0,0,0.0,1.0,0,0.0,1.0,0,0.0,1.0,0,0.0,1.0,0,0.0,0.0
1630.0,0,0.0,0.0,0.0,0,0.0,1.0,0,0.0,1.0,0,0.0,1.0,0,0.0,1.0,0,0.0,1.0,0,0.0,1.0,0,0.0,1.0,0,0.0,1.0,0,0.0,1.0,0,0.0,0.0
1635.0,0,0.0,0.0,0.0,0,0.0,1.0,0,0.0,1.0,0,0.0,1.0,0,0.0,1.0,0,0.0,1.0,0,0.0,1.0,0,0.0,1.0,0,0.0,1.0,0,0.0,1.0,0,0.0,0.0
1640.0,0,0.0,0.0,0.0,0,0.0,1.0,0,0.0,1.0,0,0.0,1.0,0,0.0,1.0,0,0.0,1.0,0,0.0,1.0,0,0.0,1.0,0,0.0,1.0,0,0.0,1.0,0,0.0,0.0
1645.0,0,0.0,0.0,0.0,0,0.0,1.0,0,0.0,1.0,0,0.0,1.0,0,0.0,1.0,0,0.0,1.0,0,0.0,1.0,0,0.0,1.0,0,0.0,1.0,0,0.0,1.0,0,0.0,0.0
1650.0,0,0.0,0.0,0.0,0,0.0,1.0,0,0.0,1.0,0,0.0,1.0,0,0.0,1.0,0,0.0,1.0,0,0.0,1.0,0,0.0,1.0,0,0.0,1.0,0,0.0,1.0,0,0.0,0.0
1655.0,0,0.0,0.0,0.0,0,0.0,1.0,0,0.0,1.0,0,0.0,1.0,0,0.0,1.0,0,0.0,1.0,0,0.0,1.0,0,0.0,1.0,0,0.0,1.0,0,0.0,1.0,0,0.0,0.0
1660.0,0,0.0,0.0,0.0,0,0.0,1.0,0,0.0,1.0,0,0.0,1.0,0,0.0,1.0,0,0.0,1.0,0,0.0,1.0,0,0.0,1.0,0,0.0,1.0,0,0.0,1.0,0,0.0,0.0
1665.0,0,0.0,0.0,0.0,0,0.0,1.0,0,0.0,1.0,0,0.0,1.0,0,0.0,1.0,0,0.0,1.0,0,0.0,1.0,0,0.0,1.0,0,0.0,1.0,0,0.0,1.0,0,0.0,0.0
1670.0,0,0.0,0.0,0.0,0,0.0,1.0,0,0.0,1.0,0,0.0,1.0,0,0.0,1.0,0,0.0,1.0,0,0.0,1.0,0,0.0,1.0,0,0.0,1.0,0,0.0,1.0,0,0.0,0.0
1675.0,0,0.0,0.0,0.0,0,0.0,1.0,0,0.0,1.0,0,0.0,1.0,0,0.0,1.0,0,0.0,1.0,0,0.0,1.0,0,0.0,1.0,0,0.0,1.0,0,0.0,1.0,0,0.0,0.0
1680.0,0,0.0,0.0,0.0,0,0.0,1.0,0,0.0,1.0,0,0.0,1.0,0,0.0,1.0,0,0.0,1.0,0,0.0,1.0,0,0.0,1.0,0,0.0,1.0,0,0.0,1.0,0,0.0,0.0
1685.0,0,0.0,0.0,0.0,0,0.0,1.0,0,0.0,1.0,0,0.0,1.0,0,0.0,1.0,0,0.0,1.0,0,0.0,1.0,0,0.0,1.0,0,0.0,1.0,0,0.0,1.0,0,0.0,0.0
1690.0,0,0.0,0.0,0.0,0,0.0,1.0,0,0.0,1.0,0,0.0,1.0,0,0.0,1.0,0,0.0,1.0,0,0.0,1.0,0,0.0,1.0,0,0.0,1.0,0,0.0,1.0,0,0.0,0.0
1695.0,0,0.0,0.0,0.0,0,0.0,1.0,0,0.0,1.0,0,0.0,1.0,0,0.0,1.0,0,0.0,1.0,0,0.0,1.0,0,0.0,1.0,0,0.0,1.0,0,0.0,1.0,0,0.0,0.0
1700.0,0,0.0,0.0,0.0,0,0.0,1.0,0,0.0,1.0,0,0.0,1.0,0,0.0,1.0,0,0.0,1.0,0,0.0,1.0,0,0.0,1.0,0,0.0,1.0,0,0.0,1.0,0,0.0,0.0
1705.0,0,0.0,0.0,0.0,0,0.0,1.0,0,0.0,1.0,0,0.0,1.0,0,0.0,1.0,0,0.0,1.0,0,0.0,1.0,0,0.0,1.0,0,0.0,1.0,0,0.0,1.0,0,0.0,0.0
1710.0,0,0.0,0.0,0.0,0,0.0,1.0,0,0.0,1.0,0,0.0,1.0,0,0.0,1.0,0,0.0,1.0,0,0.0,1.0,0,0.0,1.0,0,0.0,1.0,0,0.0,1.0,0,0.0,0.0
1715.0,0,0.0,0.0,0.0,0,0.0,1.0,0,0.0,1.0,0,0.0,1.0,0,0.0,1.0,0,0.0,1.0,0,0.0,1.0,0,0.0,1.0,0,0.0,1.0,0,0.0,1.0,0,0.0,0.0
1720.0,0,0.0,0.0,0.0,0,0.0,1.0,0,0.0,1.0,0,0.0,1.0,0,0.0,1.0,0,0.0,1.0,0,0.0,1.0,0,0.0,1.0,0,0.0,1.0,0,0.0,1.0,0,0.0,0.0
1725.0,0,0.0,0.0,0.0,0,0.0,1.0,0,0.0,1.0,0,0.0,1.0,0,0.0,1.0,0,0.0,1.0,0,0.0,1.0,0,0.0,1.0,0,0.0,1.0,0,0.0,1.0,0,0.0,0.0
1730.0,0,0.0,0.0,0.0,0,0.0,1.0,0,0.0,1.0,0,0.0,1.0,0,0.0,1.0,0,0.0,1.0,0,0.0,1.0,0,0.0,1.0,0,0.0,1.0,0,0.0,1.0,0,0.0,0.0
1735.0,0,0.0,0.0,0.0,0,0.0,1.0,0,0.0,1.0,0,0.0,1.0,0,0.0,1.0,0,0.0,1.0,0,0.0,1.0,0,0.0,1.0,0,0.0,1.0,0,0.0,1.0,0,0.0,0.0
1740.0,0,0.0,0.0,0.0,0,0.0,1.0,0,0.0,1.0,0,0.0,1.0,0,0.0,1.0,0,0.0,1.0,0,0.0,1.0,0,0.0,1.0,0,0.0,1.0,0,0.0,1.0,0,0.0,0.0
1745.0,0,0.0,0.0,0.0,0,0.0,1.0,0,0.0,1.0,0,0.0,1.0,0,0.0,1.0,0,0.0,1.0,0,0.0,1.0,0,0.0,1.0,0,0.0,1.0,0,0.0,1.0,0,0.0,0.0
1750.0,0,0.0,0.0,0.0,0,0.0,1.0,0,0.0,1.0,0,0.0,1.0,0,0.0,1.0,0,0.0,1.0,0,0.0,1.0,0,0.0,1.0,0,0.0,1.0,0,0.0,1.0,0,0.0,0.0
1755.0,0,0.0,0.0,0.0,0,0.0,1.0,0,0.0,1.0,0,0.0,1.0,0,0.0,1.0,0,0.0,1.0,0,0.0,1.0,0,0.0,1.0,0,0.0,1.0,0,0.0,1.0,0,0.0,0.0
1760.0,0,0.0,0.0,0.0,0,0.0,1.0,0,0.0,1.0,0,0.0,1.0,0,0.0,1.0,0,0.0,1.0,0,0.0,1.0,0,0.0,1.0,0,0.0,1.0,0,0.0,1.0,0,0.0,0.0
1765.0,0,0.0,0.0,0.0,0,0.0,1.0,0,0.0,1.0,0,0.0,1.0,0,0.0,1.0,0,0.0,1.0,0,0.0,1.0,0,0.0,1.0,0,0.0,1.0,0,0.0,1.0,0,0.0,0.0
1770.0,0,0.0,0.0,0.0,0,0.0,1.0,0,0.0,1.0,0,0.0,1.0,0,0.0,1.0,0,0.0,1.0,0,0.0,1.0,0,0.0,1.0,0,0.0,1.0,0,0.0,1.0,0,0.0,0.0
1775.0,0,0.0,0.0,0.0,0,0.0,1.0,0,0.0,1.0,0,0.0,1.0,0,0.0,1.0,0,0.0,1.0,0,0.0,1.0,0,0.0,1.0,0,0.0,1.0,0,0.0,1.0,0,0.0,0.0
1780.0,0,0.0,0.0,0.0,0,0.0,1.0,0,0.0,1.0,0,0.0,1.0,0,0.0,1.0,0,0.0,1.0,0,0.0,1.0,0,0.0,1.0,0,0.0,1.0,0,0.0,1.0,0,0.0,0.0
1785.0,0,0.0,0.0,0.0,0,0.0,1.0,0,0.0,1.0,0,0.0,1.0,0,0.0,1.0,0,0.0,1.0,0,0.0,1.0,0,0.0,1.0,0,0.0,1.0,0,0.0,1.0,0,0.0,0.0
1790.0,0,0.0,0.0,0.0,0,0.0,1.0,0,0.0,1.0,0,0.0,1.0,0,0.0,1.0,0,0.0,1.0,0,0.0,1.0,0,0.0,1.0,0,0.0,1.0,0,0.0,1.0,0,0.0,0.0
1795.0,0,0.0,0.0,0.0,0,0.0,1.0,0,0.0,1.0,0,0.0,1.0,0,0.0,1.0,0,0.0,1.0,0,0.0,1.0,0,0.0,1.0,0,0.0,1.0,0,0.0,1.0,0,0.0,0.0
1800.0,0,0.0,0.0,0.0,0,0.0,1.0,0,0.0,1.0,0,0.0,1.0,0,0.0,1.0,0,0.0,1.0,0,0.0,1.0,0,0.0,1.0,0,0.0,1.0,0,0.0,1.0,0,0.0,0.0
1805.0,0,0.0,0.0,0.0,0,0.0,1.0,0,0.0,1.0,0,0.0,1.0,0,0.0,1.0,0,0.0,1.0,0,0.0,1.0,0,0.0,1.0,0,0.0,1.0,0,0.0,1.0,0,0.0,0.0
1810.0,0,0.0,0.0,0.0,0,0.0,1.0,0,0.0,1.0,0,0.0,1.0,0,0.0,1.0,0,0.0,1.0,0,0.0,1.0,0,0.0,1.0,0,0.0,1.0,0,0.0,1.0,0,0.0,0.0
1815.0,0,0.0,0.0,0.0,0,0.0,1.0,0,0.0,1.0,0,0.0,1.0,0,0.0,1.0,0,0.0,1.0,0,0.0,1.0,0,0.0,1.0,0,0.0,1.0,0,0.0,1.0,0,0.0,0.0
1820.0,0,0.0,0.0,0.0,0,0.0,1.0,0,0.0,1.0,0,0.0,1.0,0,0.0,1.0,0,0.0,1.0,0,0.0,1.0,0,0.0,1.0,0,0.0,1.0,0,0.0,1.0,0,0.0,0.0
1825.0,0,0.0,0.0,0.0,0,0.0,1.0,0,0.0,1.0,0,0.0,1.0,0,0.0,1.0,0,0.0,1.0,0,0.0,1.0,0,0.0,1.0,0,0.0,1.0,0,0.0,1.0,0,0.0,0.0
1830.0,0,0.0,0.0,0.0,0,0.0,1.0,0,0.0,1.0,0,0.0,1.0,0,0.0,1.0,0,0.0,1.0,0,0.0,1.0,0,0.0,1.0,0,0.0,1.0,0,0.0,1.0,0,0.0,0.0
1835.0,0,0.0,0.0,0.0,0,0.0,1.0,0,0.0,1.0,0,0.0,1.0,0,0.0,1.0,0,0.0,1.0,0,0.0,1.0,0,0.0,1.0,0,0.0,1.0,0,0.0,1.0,0,0.0,0.0
1840.0,0,0.0,0.0,0.0,0,0.0,1.0,0,0.0,1.0,0,0.0,1.0,0,0.0,1.0,0,0.0,1.0,0,0.0,1.0,0,0.0,1.0,0,0.0,1.0,0,0.0,1.0,0,0.0,0.0
1845.0,0,0.0,0.0,0.0,0,0.0,1.0,0,0.0,1.0,0,0.0,1.0,0,0.0,1.0,0,0.0,1.0,0,0.0,1.0,0,0.0,1.0,0,0.0,1.0,0,0.0,1.0,0,0.0,0.0
1850.0,0,0.0,0.0,0.0,0,0.0,1.0,0,0.0,1.0,0,0.0,1.0,0,0.0,1.0,0,0.0,1.0,0,0.0,1.0,0,0.0,1.0,0,0.0,1.0,0,0.0,1.0,0,0.0,0.0
1855.0,0,0.0,0.0,0.0,0,0.0,1.0,0,0.0,1.0,0,0.0,1.0,0,0.0,1.0,0,0.0,1.0,0,0.0,1.0,0,0.0,1.0,0,0.0,1.0,0,0.0,1.0,0,0.0,0.0
1860.0,0,0.0,0.0,0.0,0,0.0,1.0,0,0.0,1.0,0,0.0,1.0,0,0.0,1.0,0,0.0,1.0,0,0.0,1.0,0,0.0,1.0,0,0.0,1.0,0,0.0,1.0,0,0.0,0.0
1865.0,0,0.0,0.0,0.0,0,0.0,1.0,0,0.0,1.0,0,0.0,1.0,0,0.0,1.0,0,0.0,1.0,0,0.0,1.0,0,0.0,1.0,0,0.0,1.0,0,0.0,1.0,0,0.0,0.0
1870.0,0,0.0,0.0,0.0,0,0.0,1.0,0,0.0,1.0,0,0.0,1.0,0,0.0,1.0,0,0.0,1.0,0,0.0,1.0,0,0.0,1.0,0,0.0,1.0,0,0.0,1.0,0,0.0,0.0
1875.0,0,0.0,0.0,0.0,0,0.0,1.0,0,0.0,1.0,0,0.0,1.0,0,0.0,1.0,0,0.0,1.0,0,0.0,1.0,0,0.0,1.0,0,0.0,1.0,0,0.0,1.0,0,0.0,0.0
1880.0,0,0.0,0.0,0.0,0,0.0,1.0,0,0.0,1.0,0,0.0,1.0,0,0.0,1.0,0,0.0,1.0,0,0.0,1.0,0,0.0,1.0,0,0.0,1.0,0,0.0,1.0,0,0.0,0.0
1885.0,0,0.0,0.0,0.0,0,0.0,1.0,0,0.0,1.0,0,0.0,1.0,0,0.0,1.0,0,0.0,1.0,0,0.0,1.0,0,0.0,1.0,0,0.0,1.0,0,0.0,1.0,0,0.0,0.0
1890.0,0,0.0,0.0,0.0,0,0.0,1.0,0,0.0,1.0,0,0.0,1.0,0,0.0,1.0,0,0.0,1.0,0,0.0,1.0,0,0.0,1.0,0,0.0,1.0,0,0.0,1.0,0,0.0,0.0
1895.0,0,0.0,0.0,0.0,0,0.0,1.0,0,0.0,1.0,0,0.0,1.0,0,0.0,1.0,0,0.0,1.0,0,0.0,1.0,0,0.0,1.0,0,0.0,1.0,0,0.0,1.0,0,0.0,0.0
1900.0,0,0.0,0.0,0.0,0,0.0,1.0,0,0.0,1.0,0,0.0,1.0,0,0.0,1.0,0,0.0,1.0,0,0.0,1.0,0,0.0,1.0,0,0.0,1.0,0,0.0,1.0,0,0.0,0.0
1905.0,0,0.0,0.0,0.0,0,0.0,1.0,0,0.0,1.0,0,0.0,1.0,0,0.0,1.0,0,0.0,1.0,0,0.0,1.0,0,0.0,1.0,0,0.0,1.0,0,0.0,1.0,0,0.0,0.0
1910.0,0,0.0,0.0,0.0,0,0.0,1.0,0,0.0,1.0,0,0.0,1.0,0,0.0,1.0,0,0.0,1.0,0,0.0,1.0,0,0.0,1.0,0,0.0,1.0,0,0.0,1.0,0,0.0,0.0
1915.0,0,0.0,0.0,0.0,0,0.0,1.0,0,0.0,1.0,0,0.0,1.0,0,0.0,1.0,0,0.0,1.0,0,0.0,1.0,0,0.0,1.0,0,0.0,1.0,0,0.0,1.0,0,0.0,0.0
1920.0,0,0.0,0.0,0.0,0,0.0,1.0,0,0.0,1.0,0,0.0,1.0,0,0.0,1.0,0,0.0,1.0,0,0.0,1.0,0,0.0,1.0,0,0.0,1.0,0,0.0,1.0,0,0.0,0.0
1925.0,0,0.0,0.0,0.0,0,0.0,1.0,0,0.0,1.0,0,0.0,1.0,0,0.0,1.0,0,0.0,1.0,0,0.0,1.0,0,0.0,1.0,0,0.0,1.0,0,0.0,1.0,0,0.0,0.0
1930.0,0,0.0,0.0,0.0,0,0.0,1.0,0,0.0,1.0,0,0.0,1.0,0,0.0,1.0,0,0.0,1.0,0,0.0,1.0,0,0.0,1.0,0,0.0,1.0,0,0.0,1.0,0,0.0,0.0
1935.0,0,0.0,0.0,0.0,0,0.0,1.0,0,0.0,1.0,0,0.0,1.0,0,0.0,1.0,0,0.0,1.0,0,0.0,1.0,0,0.0,1.0,0,0.0,1.0,0,0.0,1.0,0,0.0,0.0
1940.0,0,0.0,0.0,0.0,0,0.0,1.0,0,0.0,1.0,0,0.0,1.0,0,0.0,1.0,0,0.0,1.0,0,0.0,1.0,0,0.0,1.0,0,0.0,1.0,0,0.0,1.0,0,0.0,0.0
1945.0,0,0.0,0.0,0.0,0,0.0,1.0,0,0.0,1.0,0,0.0,1.0,0,0.0,1.0,0,0.0,1.0,0,0.0,1.0,0,0.0,1.0,0,0.0,1.0,0,0.0,1.0,0,0.0,0.0
1950.0,0,0.0,0.0,0.0,0,0.0,1.0,0,0.0,1.0,0,0.0,1.0,0,0.0,1.0,0,0.0,1.0,0,0.0,1.0,0,0.0,1.0,0,0.0,1.0,0,0.0,1.0,0,0.0,0.0
1955.0,0,0.0,0.0,0.0,0,0.0,1.0,0,0.0,1.0,0,0.0,1.0,0,0.0,1.0,0,0.0,1.0,0,0.0,1.0,0,0.0,1.0,0,0.0,1.0,0,0.0,1.0,0,0.0,0.0
1960.0,0,0.0,0.0,0.0,0,0.0,1.0,0,0.0,1.0,0,0.0,1.0,0,0.0,1.0,0,0.0,1.0,0,0.0,1.0,0,0.0,1.0,0,0.0,1.0,0,0.0,1.0,0,0.0,0.0
1965.0,0,0.0,0.0,0.0,0,0.0,1.0,0,0.0,1.0,0,0.0,1.0,0,0.0,1.0,0,0.0,1.0,0,0.0,1.0,0,0.0,1.0,0,0.0,1.0,0,0.0,1.0,0,0.0,0.0
1970.0,0,0.0,0.0,0.0,0,0.0,1.0,0,0.0,1.0,0,0.0,1.0,0,0.0,1.0,0,0.0,1.0,0,0.0,1.0,0,0.0,1.0,0,0.0,1.0,0,0.0,1.0,0,0.0,0.0
1975.0,0,0.0,0.0,0.0,0,0.0,1.0,0,0.0,1.0,0,0.0,1.0,0,0.0,1.0,0,0.0,1.0,0,0.0,1.0,0,0.0,1.0,0,0.0,1.0,0,0.0,1.0,0,0.0,0.0
1980.0,0,0.0,0.0,0.0,0,0.0,1.0,0,0.0,1.0,0,0.0,1.0,0,0.0,1.0,0,0.0,1.0,0,0.0,1.0,0,0.0,1.0,0,0.0,1.0,0,0.0,1.0,0,0.0,0.0
1985.0,0,0.0,0.0,0.0,0,0.0,1.0,0,0.0,1.0,0,0.0,1.0,0,0.0,1.0,0,0.0,1.0,0,0.0,1.0,0,0.0,1.0,0,0.0,1.0,0,0.0,1.0,0,0.0,0.0
1990.0,0,0.0,0.0,0.0,0,0.0,1.0,0,0.0,1.0,0,0.0,1.0,0,0.0,1.0,0,0.0,1.0,0,0.0,1.0,0,0.0,1.0,0,0.0,1.0,0,0.0,1.0,0,0.0,0.0
1995.0,0,0.0,0.0,0.0,0,0.0,1.0,0,0.0,1.0,0,0.0,1.0,0,0.0,1.0,0,0.0,1.0,0,0.0,1.0,0,0.0,1.0,0,0.0,1.0,0,0.0,1.0,0,0.0,0.0
2000.0,0,0.0,0.0,0.0,0,0.0,1.0,0,0.0,1.0,0,0.0,1.0,0,0.0,1.0,0,0.0,1.0,0,0.0,1.0,0,0.0,1.0,0,0.0,1.0,0,0.0,1.0,0,0.0,0.0
