step,system_total_stopped,system_total_waiting_time,system_mean_waiting_time,system_mean_speed,A0_stopped,A0_accumulated_waiting_time,A0_average_speed,A1_stopped,A1_accumulated_waiting_time,A1_average_speed,B0_stopped,B0_accumulated_waiting_time,B0_average_speed,B1_stopped,B1_accumulated_waiting_time,B1_average_speed,average_rewards,total_queued,agents_total_stopped,agents_total_accumulated_waiting_time
0.0,0,0.0,0.0,0.0,0,0.0,1.0,0,0.0,1.0,0,0.0,1.0,0,0.0,1.0,0.0,0,0,0.0
5.0,2,0.0,0.0,2.25787221150822,1,0.0,0.040650859880479895,1,0.0,0.045736666457607746,0,0.0,0.18668903606388249,0,0.0,0.388966344545974,-0.15,2,2,0.0
10.0,1,0.0,0.0,7.431282280004635,0,0.0,0.4928711964517826,0,0.0,0.6313960625844708,0,0.0,0.5224219000611453,1,0.0,0.5363415186749975,-0.075,1,1,0.0
15.0,1,0.0,0.0,9.081327661400927,0,0.0,0.6471832997372539,0,0.0,0.6556615772234976,0,0.0,0.8136236867201191,1,0.0,0.50379473561292,-0.075,1,1,0.0
20.0,5,5.0,0.10869565217391304,9.246128475185083,1,0.0,0.7233824748392885,1,0.0,0.6581753104183824,0,0.0,0.8049756414435091,3,5.0,0.47760267978841964,-0.375,5,5,5.0
25.0,6,23.0,0.42592592592592593,9.403580390668163,1,0.0,0.6641685209555156,1,5.0,0.7002843996147886,1,0.0,0.7461092647843638,3,18.0,0.5865268081905758,-0.45,6,6,23.0
30.0,16,67.0,1.098360655737705,7.755100054824745,3,5.0,0.6172890965022038,5,19.0,0.42209073747817843,3,4.0,0.47117102542560013,5,39.0,0.5743763422727183,-1.2,16,16,67.0
35.0,25,156.0,2.136986301369863,5.507355886529468,4,18.0,0.47108348003267686,8,49.0,0.3508021217203778,3,18.0,0.36050631717479814,10,71.0,0.29729345993192535,-1.875,25,25,156.0
40.0,38,312.0,3.9,5.217008939257772,12,56.0,0.3588439332542748,8,88.0,0.3067311471806355,6,48.0,0.4790278763531463,12,120.0,0.2812004388860577,-2.85,38,38,312.0
45.0,48,516.0,5.931034482758621,4.72460240636125,14,117.0,0.265776634354467,12,139.0,0.3002907155213773,8,80.0,0.4383427734149378,14,180.0,0.33818342384568617,-3.6,48,48,516.0
50.0,54,746.0,7.3861386138613865,4.645895432609681,16,193.0,0.3293761174052787,15,206.0,0.23040492785918718,9,109.0,0.38740780116790835,14,242.0,0.35970124853596375,-4.05,54,54,750.0
55.0,57,1021.0,9.116071428571429,4.250502545975253,17,278.0,0.33540071521785625,15,281.0,0.235010592964616,11,158.0,0.34558785229186856,14,308.0,0.2822239206160267,-4.275,57,57,1025.0
60.0,71,1340.0,10.894308943089431,4.0056779886897536,19,369.0,0.27160333245097545,18,363.0,0.265696414875612,15,224.0,0.32159453120442955,19,388.0,0.2353275259319883,-5.325,71,71,1344.0
65.0,80,1718.0,13.317829457364342,3.6900708455299043,24,481.0,0.15803772435085578,19,455.0,0.29438159663414987,16,304.0,0.3250962050311888,21,482.0,0.22024578829633373,-6.0,80,80,1722.0
70.0,94,2153.0,15.489208633093526,2.808088401555609,29,614.0,0.11271910311091743,23,560.0,0.14562358653913948,17,388.0,0.2813966472553364,25,595.0,0.19914683252581428,-7.05,94,94,2157.0
75.0,110,2658.0,17.95945945945946,2.5738791862752066,31,760.0,0.1136220114657836,27,687.0,0.08741492075284757,22,482.0,0.24644785728485732,30,733.0,0.202163247254903,-8.25,110,110,2662.0
80.0,117,3221.0,20.257861635220127,2.1700177317234486,32,919.0,0.13318904424050262,27,821.0,0.04145029601387348,25,596.0,0.21823120402720142,33,889.0,0.17488823464926004,-8.775,117,117,3225.0
85.0,132,3832.0,22.27906976744186,2.005182217756414,34,1083.0,0.0728561756517577,30,961.0,0.11504763343534381,30,732.0,0.22476108169721853,38,1060.0,0.14540085852681578,-9.9,132,132,3836.0
90.0,135,4226.0,23.34806629834254,2.177342184579216,37,1257.0,0.07366034131020145,29,1104.0,0.16980410893738052,29,761.0,0.22258269727203764,40,1254.0,0.14010679729932615,-10.125,135,135,4376.0
95.0,134,4476.0,23.3125,2.1923950414033064,37,1438.0,0.13171317240530678,32,1258.0,0.1487002013422201,28,758.0,0.1775478138883109,37,1328.0,0.1408374558076684,-10.05,134,134,4782.0
100.0,135,4942.0,24.465346534653467,2.5953635940045747,39,1625.0,0.13626994885980773,34,1425.0,0.18583248505952912,27,894.0,0.1978965771457096,35,1356.0,0.18520367608391936,-10.125,135,135,5300.0
105.0,147,5627.0,27.44878048780488,2.3704779774774734,41,1825.0,0.10641629041377,39,1605.0,0.12266855210977586,31,1030.0,0.19888783333318158,36,1514.0,0.166546178156082,-11.025,147,147,5974.0
110.0,162,6401.0,31.224390243902437,1.6515071244030288,44,2040.0,0.08331853210176521,42,1809.0,0.09161556582048554,36,1200.0,0.11476519686591916,40,1702.0,0.10123073898698268,-12.15,162,162,6751.0
115.0,181,7264.0,35.43414634146342,1.0122215849190719,47,2270.0,0.04175288057590938,46,2030.0,0.062479914342632926,44,1400.0,0.02295286292920888,44,1914.0,0.01899415776571878,-13.575,181,181,7614.0
120.0,190,8199.0,40.58910891089109,0.5072644159470052,50,2515.0,0.051456850813433236,48,2267.0,0.01561629461272558,46,1625.0,0.002347887773564443,46,2140.0,3.014103164760927e-06,-14.25,190,190,8547.0
125.0,188,8655.0,43.059701492537314,0.4389470253481153,46,2593.0,0.04663512872441947,49,2416.0,0.0007981918364975056,47,1857.0,1.2041855985163183e-05,46,2370.0,3.7701333701574374e-07,-14.1,188,188,9236.0
130.0,186,9183.0,46.14572864321608,0.49272126930165483,43,2582.0,0.02776614712015076,50,2670.0,0.05410193418848659,47,2092.0,0.010048720589533681,46,2600.0,0.0,-13.95,186,186,9944.0
135.0,185,9850.0,49.74747474747475,0.3607078648637265,40,2781.0,0.02871546411716898,51,2921.0,0.03806902045433393,48,2329.0,2.9072422378045637e-05,46,2830.0,0.0,-13.875,185,185,10861.0
140.0,187,10672.0,53.898989898989896,0.24406018019719294,40,2976.0,0.0308047988909146,53,3179.0,0.004593810914275272,48,2571.0,0.0005125396184112509,46,3060.0,0.0,-14.025,187,187,11786.0
145.0,192,11620.0,58.686868686868685,0.15490345594112426,43,3182.0,0.00781908857747135,54,3447.0,1.860319193386711e-05,49,2815.0,1.85419390755995e-06,46,3290.0,0.0,-14.4,192,192,12734.0
150.0,188,12156.0,61.70558375634518,0.21403948342533416,46,3405.0,0.0005950666639310089,52,3702.0,0.004458307019563902,49,3060.0,0.0,41,3300.0,0.015332086935091542,-14.1,188,188,13467.0
155.0,188,12859.0,66.28350515463917,0.16012559700184212,47,3640.0,1.2182760933231052e-05,53,3959.0,0.0001324031231151764,49,3305.0,0.0,39,3458.0,0.00790154645975421,-14.1,188,188,14362.0
160.0,190,13805.0,71.15979381443299,0.13980564883951063,47,3875.0,2.025122357615329e-07,53,4224.0,0.0,49,3550.0,0.0,41,3659.0,0.0008003651228658382,-14.25,190,190,15308.0
165.0,192,14764.0,76.10309278350516,0.13614141322970325,47,4110.0,1.5618025960605263e-07,53,4489.0,0.0,49,3795.0,0.0,43,3873.0,7.313566860121386e-06,-14.4,192,192,16267.0
170.0,192,15724.0,81.47150259067358,0.05987047591863195,47,4345.0,0.0,53,4754.0,0.0,49,4040.0,0.0,43,4088.0,0.0,-14.4,192,192,17227.0
175.0,192,16684.0,86.89583333333333,6.064153758858596e-07,47,4580.0,2.3818011124184745e-07,53,5019.0,0.0,49,4285.0,0.0,43,4303.0,0.0,-14.4,192,192,18187.0
180.0,192,17644.0,91.89583333333333,0.0,47,4815.0,0.0,53,5284.0,0.0,49,4530.0,0.0,43,4518.0,0.0,-14.4,192,192,19147.0
185.0,192,18604.0,96.89583333333333,0.0,47,5050.0,0.0,53,5549.0,0.0,49,4775.0,0.0,43,4733.0,0.0,-14.4,192,192,20107.0
190.0,192,19564.0,101.89583333333333,6.429459645575566e-07,47,5285.0,0.0,53,5814.0,0.0,49,5020.0,1.74147844535878e-07,43,4948.0,0.0,-14.4,192,192,21067.0
195.0,192,20524.0,106.89583333333333,1.1436418552987143e-06,47,5520.0,0.0,53,6079.0,0.0,49,5265.0,3.4701649056032634e-07,43,5163.0,0.0,-14.4,192,192,22027.0
200.0,192,21484.0,111.89583333333333,5.862948477760628e-07,47,5755.0,0.0,53,6344.0,0.0,49,5510.0,1.7790008258810075e-07,43,5378.0,0.0,-14.4,192,192,22987.0
205.0,192,22444.0,116.89583333333333,0.0,47,5990.0,0.0,53,6609.0,0.0,49,5755.0,0.0,43,5593.0,0.0,-14.4,192,192,23947.0
210.0,192,23404.0,121.89583333333333,0.0,47,6225.0,0.0,53,6874.0,0.0,49,6000.0,0.0,43,5808.0,0.0,-14.4,192,192,24907.0
215.0,192,24364.0,126.89583333333333,0.0,47,6460.0,0.0,53,7139.0,0.0,49,6245.0,0.0,43,6023.0,0.0,-14.4,192,192,25867.0
220.0,192,25324.0,131.89583333333334,0.0,47,6695.0,0.0,53,7404.0,0.0,49,6490.0,0.0,43,6238.0,0.0,-14.4,192,192,26827.0
225.0,192,26284.0,136.89583333333334,0.0,47,6930.0,0.0,53,7669.0,0.0,49,6735.0,0.0,43,6453.0,0.0,-14.4,192,192,27787.0
230.0,186,26134.0,136.11458333333334,0.10989324300290364,47,7165.0,0.0,47,7547.0,0.012602159111364912,49,6980.0,0.0,43,6668.0,0.0,-13.95,186,186,28360.0
235.0,176,25546.0,133.05208333333334,0.523145564558774,47,7402.0,0.0360129235626876,37,7029.0,0.05169709155716064,49,7225.0,0.0,43,6883.0,0.0,-13.2,176,176,28539.0
240.0,173,25627.0,133.47395833333334,0.687560944277556,47,7637.0,0.06714993240579543,34,7012.0,0.06268715644366457,49,7470.0,0.0,43,7098.0,0.0,-12.975,173,173,29217.0
245.0,168,24875.0,129.55729166666666,0.5315307628054211,41,7486.0,0.0372779401333833,35,7184.0,0.04802441795150324,49,7715.0,0.0,43,7313.0,0.0,-12.6,168,168,29698.0
250.0,168,24085.0,126.76315789473684,0.6421339404914781,35,6956.0,0.045046650865360485,41,7373.0,0.06362386426168218,49,7960.0,0.0,43,7528.0,0.0,-12.6,168,168,29817.0
255.0,166,23993.0,126.94708994708995,0.44145440590978,30,6909.0,0.05124928142279373,44,7582.0,0.017743050014208207,49,8207.0,0.00809183104767653,43,7743.0,0.0,-12.45,166,166,30441.0
260.0,159,21768.0,115.7872340425532,0.6284854754722902,30,6655.0,0.04803742009159461,49,7818.0,0.00018758503596675994,43,8030.0,0.0601104964495028,37,7504.0,0.01306338835886436,-11.925,159,159,30007.0
265.0,142,18925.0,101.74731182795699,1.3178782368793944,28,6770.0,0.03891494172541405,49,8063.0,1.1629610952099783e-06,37,7458.0,0.12576711045831848,28,6633.0,0.07797975842326213,-10.65,142,142,28924.0
270.0,148,18039.0,98.57377049180327,1.0518411026953227,35,6920.0,0.01466681635968896,49,8308.0,2.775195414289462e-07,35,7479.0,0.09431362278393843,29,6586.0,0.06060798970942103,-11.1,148,148,29293.0
275.0,155,17398.0,95.07103825136612,0.7253415418371023,37,7100.0,0.01665277499544421,49,8553.0,1.6105466436393023e-07,37,7659.0,0.04128167442751095,32,6728.0,0.008095368766292656,-11.625,155,155,30040.0
280.0,153,17105.0,95.55865921787709,0.49771615909848704,38,7265.0,0.02797078600528017,49,8798.0,2.516087181870498e-07,38,7843.0,0.01660825976651019,28,6550.0,0.0219622855401753,-11.475,153,153,30456.0
285.0,158,16975.0,95.90395480225989,0.2792539846113079,39,7458.0,0.012152119446060771,49,9043.0,0.0,42,8045.0,0.004529119588480115,28,6449.0,0.023348444787759742,-11.85,158,158,30995.0
290.0,165,17588.0,99.36723163841808,0.3338313201846853,40,7656.0,6.025301635669375e-07,49,9292.0,0.03915062911275566,46,8265.0,0.015511020720530594,30,6164.0,0.02298034014004155,-12.375,165,165,31377.0
295.0,170,18388.0,103.88700564971751,0.13193114284202717,40,7856.0,0.0,50,9541.0,0.006553721918653349,47,8499.0,0.020783486988893225,33,6312.0,0.009942982417225707,-12.75,170,170,32208.0
300.0,174,19213.0,108.54802259887006,0.061743236299882445,40,8056.0,2.0997834874843767e-07,53,9803.0,4.368560191967657e-06,47,8734.0,5.267588248779774e-07,34,6485.0,0.0046784285164283785,-13.05,174,174,33078.0
305.0,172,19982.0,112.89265536723164,0.0801271290459057,40,8256.0,0.0,53,10068.0,0.0,47,8969.0,0.0,32,6646.0,0.0038947968099261993,-12.9,172,172,33939.0
310.0,171,20773.0,117.36158192090396,0.08485172192305022,40,8456.0,0.0,53,10333.0,0.0,47,9204.0,0.0,31,6806.0,0.004345749867196851,-12.825,171,171,34799.0
315.0,175,21639.0,122.2542372881356,0.0720233714717734,40,8656.0,0.0,53,10598.0,0.0,47,9439.0,0.0,35,6972.0,0.0007429980565624053,-13.125,175,175,35665.0
320.0,176,22519.0,127.22598870056497,0.06681161401467095,40,8856.0,0.0,53,10863.0,0.0,47,9674.0,0.0,36,7152.0,1.91417357767184e-05,-13.2,176,176,36545.0
325.0,176,23399.0,132.94886363636363,6.740522962494486e-07,40,9056.0,0.0,53,11128.0,0.0,47,9909.0,0.0,36,7332.0,2.0180965335618158e-07,-13.2,176,176,37425.0
330.0,176,24279.0,137.94886363636363,0.0,40,9256.0,0.0,53,11393.0,0.0,47,10144.0,0.0,36,7512.0,0.0,-13.2,176,176,38305.0
335.0,173,25035.0,142.2443181818182,0.05994306794562993,40,9456.0,0.0,53,11658.0,0.0,47,10379.0,0.0,33,7478.0,0.008238812756278854,-12.975,173,173,38971.0
340.0,172,25816.0,146.6818181818182,0.17408770651020292,40,9656.0,0.0,54,11926.0,5.437154593333562e-05,47,10614.0,0.015522582123715973,31,7193.0,0.026530135934665376,-12.9,172,172,39389.0
345.0,173,26678.0,151.57954545454547,0.14952744930819958,40,9856.0,0.0,54,12196.0,2.913098021908161e-07,47,10849.0,0.038333988913239,32,7350.0,0.0004329380385611901,-12.975,173,173,40251.0
350.0,174,27547.0,157.41142857142856,0.07246889488611676,40,10056.0,0.0,54,12466.0,0.0,47,11084.0,0.018588626610825474,33,7514.0,2.0703609621195826e-06,-13.05,174,174,41120.0
355.0,174,28417.0,163.316091954023,5.764509235213023e-07,40,10256.0,1.7824840723531207e-07,54,12736.0,0.0,47,11319.0,0.0,33,7679.0,0.0,-13.05,174,174,41990.0
360.0,174,29287.0,168.316091954023,0.0,40,10456.0,0.0,54,13006.0,0.0,47,11554.0,0.0,33,7844.0,0.0,-13.05,174,174,42860.0
365.0,174,30157.0,173.316091954023,0.0,40,10656.0,0.0,54,13276.0,0.0,47,11789.0,0.0,33,8009.0,0.0,-13.05,174,174,43730.0
370.0,174,31027.0,178.316091954023,0.0,40,10856.0,0.0,54,13546.0,0.0,47,12024.0,0.0,33,8174.0,0.0,-13.05,174,174,44600.0
375.0,174,31897.0,183.316091954023,0.0,40,11056.0,0.0,54,13816.0,0.0,47,12259.0,0.0,33,8339.0,0.0,-13.05,174,174,45470.0
380.0,174,32767.0,188.316091954023,0.0,40,11256.0,0.0,54,14086.0,0.0,47,12494.0,0.0,33,8504.0,0.0,-13.05,174,174,46340.0
385.0,174,33637.0,193.316091954023,0.0,40,11456.0,0.0,54,14356.0,0.0,47,12729.0,0.0,33,8669.0,0.0,-13.05,174,174,47210.0
390.0,174,34507.0,198.316091954023,0.0,40,11656.0,0.0,54,14626.0,0.0,47,12964.0,0.0,33,8834.0,0.0,-13.05,174,174,48080.0
395.0,174,35377.0,203.316091954023,0.0,40,11856.0,0.0,54,14896.0,0.0,47,13199.0,0.0,33,8999.0,0.0,-13.05,174,174,48950.0
400.0,174,36247.0,208.316091954023,0.0,40,12056.0,0.0,54,15166.0,0.0,47,13434.0,0.0,33,9164.0,0.0,-13.05,174,174,49820.0
405.0,174,37117.0,213.316091954023,0.0,40,12256.0,0.0,54,15436.0,0.0,47,13669.0,0.0,33,9329.0,0.0,-13.05,174,174,50690.0
410.0,174,37987.0,218.316091954023,0.0,40,12456.0,0.0,54,15706.0,0.0,47,13904.0,0.0,33,9494.0,0.0,-13.05,174,174,51560.0
415.0,174,38857.0,223.316091954023,0.0,40,12656.0,0.0,54,15976.0,0.0,47,14139.0,0.0,33,9659.0,0.0,-13.05,174,174,52430.0
420.0,168,38645.0,222.0977011494253,0.1235057991831988,40,12856.0,0.0,48,15558.0,0.012570896688561902,47,14374.0,0.0,33,9824.0,0.0,-12.6,168,168,52612.0
425.0,158,37747.0,218.1907514450867,0.5138347595887385,40,13058.0,0.03945410246349722,38,14475.0,0.0517918621204967,47,14609.0,0.0,33,9989.0,0.0,-11.85,158,158,52131.0
430.0,153,37532.0,220.7764705882353,0.626343296529136,40,13258.0,0.06666004879888399,33,13766.0,0.06319655986715207,47,14844.0,0.0,33,10154.0,0.0,-11.475,153,153,52022.0
435.0,155,37932.0,225.78571428571428,0.35534028720040295,40,13456.0,0.022250502483040533,35,13935.0,0.03068548470586888,47,15079.0,0.0,33,10319.0,0.0,-11.625,155,155,52789.0
440.0,160,38723.0,231.874251497006,0.1591302101714499,40,13656.0,0.0,40,14126.0,0.012686254912792556,47,15314.0,0.008356908742530235,33,10484.0,0.0,-12.0,160,160,53580.0
445.0,163,39435.0,237.56024096385542,0.00983272412508126,40,13856.0,0.0,43,14334.0,0.001259297473869349,48,15552.0,1.3505105938577301e-06,32,10350.0,0.00151065772012258,-12.225,163,163,54092.0
450.0,166,40263.0,242.54819277108433,0.0001203253652363954,40,14056.0,0.0,45,14558.0,3.0381257206924598e-05,48,15792.0,0.0,33,10514.0,2.354576845157647e-07,-12.45,166,166,54920.0
455.0,166,41093.0,247.54819277108433,1.3192209748911804e-06,40,14256.0,0.0,45,14783.0,3.4939004383912577e-07,48,16032.0,0.0,33,10679.0,0.0,-12.45,166,166,55750.0
460.0,166,41923.0,252.54819277108433,0.0,40,14456.0,0.0,45,15008.0,0.0,48,16272.0,0.0,33,10844.0,0.0,-12.45,166,166,56580.0
465.0,166,42753.0,257.54819277108436,0.0,40,14656.0,0.0,45,15233.0,0.0,48,16512.0,0.0,33,11009.0,0.0,-12.45,166,166,57410.0
470.0,166,43583.0,262.54819277108436,0.0,40,14856.0,0.0,45,15458.0,0.0,48,16752.0,0.0,33,11174.0,0.0,-12.45,166,166,58240.0
475.0,166,44413.0,267.54819277108436,0.0,40,15056.0,0.0,45,15683.0,0.0,48,16992.0,0.0,33,11339.0,0.0,-12.45,166,166,59070.0
480.0,166,45243.0,272.54819277108436,0.0,40,15256.0,0.0,45,15908.0,0.0,48,17232.0,0.0,33,11504.0,0.0,-12.45,166,166,59900.0
485.0,166,46073.0,277.54819277108436,0.0,40,15456.0,0.0,45,16133.0,0.0,48,17472.0,0.0,33,11669.0,0.0,-12.45,166,166,60730.0
490.0,166,46903.0,282.54819277108436,0.0,40,15656.0,0.0,45,16358.0,0.0,48,17712.0,0.0,33,11834.0,0.0,-12.45,166,166,61560.0
495.0,166,47733.0,287.54819277108436,0.0,40,15856.0,0.0,45,16583.0,0.0,48,17952.0,0.0,33,11999.0,0.0,-12.45,166,166,62390.0
500.0,166,48563.0,292.54819277108436,0.0,40,16056.0,0.0,45,16808.0,0.0,48,18192.0,0.0,33,12164.0,0.0,-12.45,166,166,63220.0
505.0,166,49393.0,297.54819277108436,0.0,40,16256.0,0.0,45,17033.0,0.0,48,18432.0,0.0,33,12329.0,0.0,-12.45,166,166,64050.0
510.0,166,50223.0,302.54819277108436,0.0,40,16456.0,0.0,45,17258.0,0.0,48,18672.0,0.0,33,12494.0,0.0,-12.45,166,166,64880.0
515.0,160,50558.0,304.56626506024094,0.11898631817675712,40,16656.0,0.0,39,16681.0,0.01370116861130155,48,18912.0,0.0,33,12659.0,0.0,-12.0,160,160,64908.0
520.0,156,51017.0,309.1939393939394,0.43867728677126494,40,16858.0,0.03998916667269467,35,15645.0,0.035718886811469126,48,19152.0,0.0,33,12824.0,0.0,-11.7,156,156,64479.0
525.0,149,50364.0,305.23636363636365,0.6178125635537712,40,17058.0,0.06283738209216277,32,15810.0,0.03176500107992956,48,19394.0,0.0085739847511112,29,12294.0,0.010360087018258279,-11.175,149,149,64556.0
530.0,144,49331.0,298.9757575757576,0.7172455613014496,40,17256.0,0.01847086865117282,34,15973.0,0.020572449263382645,48,19634.0,0.05221466799531887,22,11501.0,0.031986942044556876,-10.8,144,144,64364.0
535.0,148,48686.0,296.8658536585366,0.577729373075818,41,17460.0,1.678774142262226e-06,37,16151.0,0.0021288442745977573,49,19876.0,0.05272408869312425,21,11602.0,0.01969637430664424,-11.1,148,148,65089.0
540.0,147,48296.0,296.29447852760734,0.4469875354040823,41,17665.0,0.019553673399542854,39,16344.0,4.2541820376465516e-05,49,20119.0,0.0,18,11702.0,0.024840718619868495,-11.025,147,147,65830.0
545.0,149,49034.0,302.679012345679,0.3002637592256703,41,17870.0,0.016420535084077318,39,16539.0,1.8197890730446668e-07,49,20364.0,0.0,20,11797.0,0.018914568582887047,-11.175,149,149,66570.0
550.0,151,49752.0,309.01863354037266,0.1222217664058774,43,18082.0,2.02729725705305e-06,39,16734.0,0.0,49,20609.0,0.0,20,11894.0,0.013335682542133888,-11.325,151,151,67319.0
555.0,153,50507.0,313.7080745341615,0.10463983472336859,43,18297.0,0.0,39,16929.0,0.0,49,20854.0,0.0,22,12001.0,0.005660421459906812,-11.475,153,153,68081.0
560.0,153,51222.0,320.1375,0.013586552588963529,43,18512.0,0.0,39,17124.0,0.0,49,21099.0,0.0,22,12107.0,0.005487373403141085,-11.475,153,153,68842.0
565.0,157,51981.0,324.88125,0.005507187585533693,43,18727.0,0.0,39,17319.0,0.0,49,21344.0,0.0,26,12226.0,0.0022964735037490857,-11.775,157,157,69616.0
570.0,159,52758.0,329.7375,0.0020364074769203223,43,18942.0,0.0,39,17514.0,0.0,49,21589.0,0.0,28,12358.0,0.000849846005387165,-11.925,159,159,70403.0
575.0,157,52627.0,328.91875,0.06257806156215442,40,18647.0,0.008752978311912633,39,17709.0,0.0,49,21836.0,0.008187424975543239,29,12501.0,5.249140438777317e-05,-11.775,157,157,70693.0
580.0,152,51869.0,324.18125,0.3122680358560784,35,17841.0,0.036866543205271954,39,17904.0,0.017160982571367354,49,22081.0,0.01946287057409218,29,12646.0,4.448755828481143e-07,-11.4,152,152,70472.0
585.0,147,50437.0,315.23125,0.32946392277805225,34,17523.0,0.04148767724826515,41,18103.0,0.00010651689335426346,43,21492.0,0.03659574152734409,29,12791.0,0.0,-11.025,147,147,69909.0
590.0,146,49624.0,310.15,0.5590546934059069,37,17702.0,0.0020163952616595836,41,18308.0,0.0,39,20092.0,0.043861834684396125,29,12938.0,0.05634042048812042,-10.95,146,146,69040.0
595.0,146,49120.0,307.0,0.4265364578999816,39,17894.0,9.059443649440909e-05,41,18513.0,0.0,36,20276.0,0.012170381470553328,30,13084.0,0.043274515238360296,-10.95,146,146,69767.0
600.0,145,48774.0,304.8375,0.36161304743946154,39,18089.0,0.0,41,18718.0,0.0,34,20452.0,0.013543289387971079,31,13238.0,0.018655729246395178,-10.875,145,145,70497.0
605.0,145,49349.0,310.37106918238993,0.2600000325321084,38,18210.0,0.0,41,18923.0,0.0,34,20623.0,0.010224739859396561,32,13397.0,5.985506523261212e-07,-10.875,145,145,71153.0
610.0,149,50073.0,318.9363057324841,0.04102577092631923,38,18400.0,0.0,41,19128.0,0.0,38,20808.0,0.009820289486822124,32,13557.0,2.1958034059291764e-07,-11.175,149,149,71893.0
615.0,147,49405.0,314.68152866242036,0.1347949320973544,38,18590.0,0.0,41,19333.0,0.0,40,21002.0,0.005168558199569603,28,13157.0,0.01615090703240379,-11.025,147,147,72082.0
620.0,143,48051.0,306.05732484076435,0.3874611156292494,38,18780.0,0.0,41,19540.0,0.036658011887238454,41,21202.0,0.003628114102719304,23,12225.0,0.040892657157412145,-10.725,143,143,71747.0
625.0,143,48362.0,308.03821656050957,0.3294136099063389,38,18970.0,0.0,42,19747.0,0.026859698306934007,43,21413.0,0.001412083086747873,20,11811.0,0.056819306540916256,-10.725,143,143,71941.0
630.0,152,49109.0,312.79617834394907,0.11640850464877317,38,19160.0,0.0,45,19966.0,4.727190790940132e-05,46,21640.0,3.4828264586527844e-05,23,11922.0,0.016027342989967414,-11.4,152,152,72688.0
635.0,155,49879.0,317.70063694267515,0.0757673650462328,38,19350.0,0.0,45,20191.0,0.0,46,21870.0,0.0,26,12047.0,0.0006770168513700723,-11.625,155,155,73458.0
640.0,156,50658.0,324.7307692307692,5.89976098036705e-06,38,19540.0,0.0,45,20416.0,0.0,46,22100.0,1.69386651263774e-07,27,12181.0,1.8827082468581209e-06,-11.7,156,156,74237.0
645.0,156,51438.0,329.7307692307692,8.966363352616214e-07,38,19730.0,0.0,45,20641.0,0.0,46,22330.0,2.22567801080381e-07,27,12316.0,0.0,-11.7,156,156,75017.0
650.0,156,52218.0,334.7307692307692,0.0,38,19920.0,0.0,45,20866.0,0.0,46,22560.0,0.0,27,12451.0,0.0,-11.7,156,156,75797.0
655.0,156,52998.0,339.7307692307692,0.0,38,20110.0,0.0,45,21091.0,0.0,46,22790.0,0.0,27,12586.0,0.0,-11.7,156,156,76577.0
660.0,156,53778.0,344.7307692307692,0.0,38,20300.0,0.0,45,21316.0,0.0,46,23020.0,0.0,27,12721.0,0.0,-11.7,156,156,77357.0
665.0,156,54558.0,349.7307692307692,0.0,38,20490.0,0.0,45,21541.0,0.0,46,23250.0,0.0,27,12856.0,0.0,-11.7,156,156,78137.0
670.0,156,55338.0,354.7307692307692,0.0,38,20680.0,0.0,45,21766.0,0.0,46,23480.0,0.0,27,12991.0,0.0,-11.7,156,156,78917.0
675.0,156,56118.0,359.7307692307692,0.0,38,20870.0,0.0,45,21991.0,0.0,46,23710.0,0.0,27,13126.0,0.0,-11.7,156,156,79697.0
680.0,156,56898.0,364.7307692307692,0.0,38,21060.0,0.0,45,22216.0,0.0,46,23940.0,0.0,27,13261.0,0.0,-11.7,156,156,80477.0
685.0,156,57678.0,369.7307692307692,0.0,38,21250.0,0.0,45,22441.0,0.0,46,24170.0,0.0,27,13396.0,0.0,-11.7,156,156,81257.0
690.0,156,58458.0,374.7307692307692,0.0,38,21440.0,0.0,45,22666.0,0.0,46,24400.0,0.0,27,13531.0,0.0,-11.7,156,156,82037.0
695.0,156,59238.0,379.7307692307692,0.0,38,21630.0,0.0,45,22891.0,0.0,46,24630.0,0.0,27,13666.0,0.0,-11.7,156,156,82817.0
700.0,156,60018.0,384.7307692307692,0.0,38,21820.0,0.0,45,23116.0,0.0,46,24860.0,0.0,27,13801.0,0.0,-11.7,156,156,83597.0
705.0,156,60798.0,389.7307692307692,0.0,38,22010.0,0.0,45,23341.0,0.0,46,25090.0,0.0,27,13936.0,0.0,-11.7,156,156,84377.0
710.0,151,60715.0,389.19871794871796,0.1324000927423189,38,22200.0,0.0,45,23566.0,0.0,46,25322.0,0.009063126347358194,22,13038.0,0.019505118794126735,-11.325,151,151,84126.0
715.0,146,60534.0,388.03846153846155,0.3383355372503118,38,22390.0,0.0,45,23791.0,0.0,46,25552.0,0.04157549442646451,17,11871.0,0.027559294752467548,-10.95,146,146,83604.0
720.0,142,60645.0,391.258064516129,0.31600967312542305,38,22580.0,0.0,45,24016.0,0.0,46,25780.0,0.04067490570558171,13,11363.0,0.020463159804921523,-10.65,142,142,83739.0
725.0,140,60489.0,390.2516129032258,0.31656110351777894,35,22142.0,0.009801489823612449,45,24241.0,0.0,46,26010.0,0.01541843024661136,14,11430.0,0.016120598778239573,-10.5,140,140,83823.0
730.0,145,60927.0,395.62987012987014,0.18468318624355914,35,22311.0,0.020154398894355247,46,24469.0,0.00011433782571868247,46,26240.0,0.0,18,11511.0,0.01202745553101913,-10.875,145,145,84531.0
735.0,148,60983.0,395.9935064935065,0.1690099136723401,38,22495.0,7.58313986285498e-05,46,24699.0,2.1985210525643834e-07,46,26470.0,0.0,18,10719.0,0.002213994546180562,-11.1,148,148,84383.0
740.0,151,61734.0,400.87012987012986,0.19129499633711394,38,22685.0,4.168862976193037e-07,46,24931.0,0.0009971089727969708,46,26702.0,0.019965298451145048,21,10821.0,0.00011162023400403265,-11.325,151,151,85139.0
745.0,152,62494.0,411.14473684210526,4.7684984309794265e-06,38,22875.0,0.0,47,25166.0,7.125772464866962e-07,46,26930.0,0.0,21,10926.0,1.1380107139888372e-06,-11.4,152,152,85897.0
750.0,149,62574.0,411.67105263157896,0.07504783283087785,38,23065.0,0.0,44,24775.0,0.00946679974369838,46,27160.0,0.0,21,11031.0,0.0,-11.175,149,149,86031.0
755.0,144,62198.0,409.19736842105266,0.32334448798529075,38,23257.0,0.04121583130608931,39,23755.0,0.03138672908263317,46,27390.0,0.0,21,11136.0,0.0,-10.8,144,144,85538.0
760.0,140,62198.0,409.19736842105266,0.4612064623598669,38,23447.0,0.08703214513559197,35,23334.0,0.036940088833870295,46,27620.0,0.0,21,11241.0,0.0,-10.5,140,140,85642.0
765.0,141,62612.0,411.92105263157896,0.36000384594649015,38,23635.0,0.0519868601678514,36,23510.0,0.04094460776471005,46,27850.0,0.004972308457338402,21,11346.0,0.0,-10.575,141,141,86341.0
770.0,144,63327.0,416.625,0.19075525521224665,38,23825.0,0.010631315059169467,39,23700.0,0.013104439620489499,46,28080.0,0.024579492022112088,21,11451.0,0.0,-10.8,144,144,87056.0
775.0,151,64066.0,421.4868421052632,0.08600070280019306,40,24021.0,4.430584292179221e-05,43,23907.0,0.00015525130532850312,47,28311.0,0.019514973580121286,21,11556.0,0.0,-11.325,151,151,87795.0
780.0,152,64822.0,426.4605263157895,0.00011083097654973467,40,24221.0,0.0,43,24122.0,4.66546922564773e-06,48,28547.0,2.13686337671278e-05,21,11661.0,0.0,-11.4,152,152,88551.0
785.0,152,65582.0,431.4605263157895,6.923046622995273e-07,40,24421.0,0.0,43,24337.0,1.5243596796167233e-07,48,28787.0,0.0,21,11766.0,0.0,-11.4,152,152,89311.0
790.0,152,66342.0,436.4605263157895,0.0,40,24621.0,0.0,43,24552.0,0.0,48,29027.0,0.0,21,11871.0,0.0,-11.4,152,152,90071.0
795.0,152,67102.0,441.4605263157895,0.0,40,24821.0,0.0,43,24767.0,0.0,48,29267.0,0.0,21,11976.0,0.0,-11.4,152,152,90831.0
800.0,152,67862.0,446.4605263157895,0.0,40,25021.0,0.0,43,24982.0,0.0,48,29507.0,0.0,21,12081.0,0.0,-11.4,152,152,91591.0
805.0,152,68622.0,451.4605263157895,0.0,40,25221.0,0.0,43,25197.0,0.0,48,29747.0,0.0,21,12186.0,0.0,-11.4,152,152,92351.0
810.0,152,69382.0,456.4605263157895,0.0,40,25421.0,0.0,43,25412.0,0.0,48,29987.0,0.0,21,12291.0,0.0,-11.4,152,152,93111.0
815.0,152,70142.0,461.4605263157895,0.0,40,25621.0,0.0,43,25627.0,0.0,48,30227.0,0.0,21,12396.0,0.0,-11.4,152,152,93871.0
820.0,152,70902.0,466.4605263157895,0.0,40,25821.0,0.0,43,25842.0,0.0,48,30467.0,0.0,21,12501.0,0.0,-11.4,152,152,94631.0
825.0,152,71662.0,471.4605263157895,0.0,40,26021.0,0.0,43,26057.0,0.0,48,30707.0,0.0,21,12606.0,0.0,-11.4,152,152,95391.0
830.0,152,72422.0,476.4605263157895,0.0,40,26221.0,0.0,43,26272.0,0.0,48,30947.0,0.0,21,12711.0,0.0,-11.4,152,152,96151.0
835.0,152,73182.0,481.4605263157895,0.0,40,26421.0,0.0,43,26487.0,0.0,48,31187.0,0.0,21,12816.0,0.0,-11.4,152,152,96911.0
840.0,152,73942.0,486.4605263157895,0.0,40,26621.0,0.0,43,26702.0,0.0,48,31427.0,0.0,21,12921.0,0.0,-11.4,152,152,97671.0
845.0,152,74702.0,491.4605263157895,0.0,40,26821.0,0.0,43,26917.0,0.0,48,31667.0,0.0,21,13026.0,0.0,-11.4,152,152,98431.0
850.0,152,75462.0,496.4605263157895,0.0,40,27021.0,0.0,43,27132.0,0.0,48,31907.0,0.0,21,13131.0,0.0,-11.4,152,152,99191.0
855.0,143,69106.0,454.64473684210526,0.20544614233182035,40,27223.0,0.008667898246151787,34,24943.0,0.037167987385232706,48,32147.0,0.0,21,13236.0,0.0,-10.725,143,143,97549.0
860.0,138,66002.0,434.2236842105263,0.6556972242462156,40,27423.0,0.023037860523530934,29,21901.0,0.034013900810345304,48,32387.0,0.0,21,13341.0,0.07050175879884336,-10.35,138,138,95052.0
865.0,139,66694.0,438.7763157894737,0.5574837593176873,40,27623.0,0.026073891417581138,29,21257.0,0.03498764566450887,48,32627.0,0.0,22,13448.0,0.09947704327115617,-10.425,139,139,94955.0
870.0,144,67405.0,443.45394736842104,0.3362280909954259,41,27827.0,0.010267748119690341,32,21410.0,0.0061207111720824135,48,32867.0,0.0,23,13562.0,0.07032111975531609,-10.8,144,144,95666.0
875.0,150,68140.0,451.2582781456954,0.004165971618823865,42,28033.0,4.379083452960425e-05,35,21580.0,3.1457168436293905e-05,48,33107.0,0.0,25,13681.0,0.0016598241315486154,-11.25,150,150,96401.0
880.0,151,68893.0,456.2450331125828,2.253250651559853e-06,42,28243.0,0.0,35,21755.0,1.9186567809130822e-07,48,33347.0,0.0,26,13809.0,6.763508515462112e-07,-11.325,151,151,97154.0
885.0,151,69648.0,461.2450331125828,0.0,42,28453.0,0.0,35,21930.0,0.0,48,33587.0,0.0,26,13939.0,0.0,-11.325,151,151,97909.0
890.0,151,70403.0,466.2450331125828,0.0,42,28663.0,0.0,35,22105.0,0.0,48,33827.0,0.0,26,14069.0,0.0,-11.325,151,151,98664.0
895.0,148,70352.0,465.9072847682119,0.055654633296113504,42,28873.0,0.0,35,22280.0,0.0,48,34067.0,0.0,23,13413.0,0.008615464001349465,-11.1,148,148,98633.0
900.0,144,70023.0,463.72847682119203,0.27693832053684597,42,29083.0,0.0,35,22457.0,0.03543906524563246,48,34307.0,0.0,19,12119.0,0.04064104810263427,-10.8,144,144,97966.0
905.0,146,70746.0,468.5165562913907,0.05112139538229249,42,29293.0,0.0,36,22634.0,0.007286651725676539,48,34547.0,0.0,20,12215.0,0.01018297087730364,-10.95,146,146,98689.0
910.0,150,71491.0,473.4503311258278,0.08617889300102569,42,29503.0,0.0,37,22819.0,0.02300672171263716,48,34787.0,0.0,23,12325.0,0.0002040226054210309,-11.25,150,150,99434.0
915.0,150,72241.0,481.6066666666667,0.0,42,29713.0,0.0,37,23004.0,0.0,48,35027.0,0.0,23,12440.0,0.0,-11.25,150,150,100184.0
920.0,150,72991.0,486.6066666666667,0.0,42,29923.0,0.0,37,23189.0,0.0,48,35267.0,0.0,23,12555.0,0.0,-11.25,150,150,100934.0
925.0,150,73741.0,491.6066666666667,0.0,42,30133.0,0.0,37,23374.0,0.0,48,35507.0,0.0,23,12670.0,0.0,-11.25,150,150,101684.0
930.0,150,74491.0,496.6066666666667,0.0,42,30343.0,0.0,37,23559.0,0.0,48,35747.0,0.0,23,12785.0,0.0,-11.25,150,150,102434.0
935.0,150,75241.0,501.6066666666667,0.0,42,30553.0,0.0,37,23744.0,0.0,48,35987.0,0.0,23,12900.0,0.0,-11.25,150,150,103184.0
940.0,150,75991.0,506.6066666666667,0.0,42,30763.0,0.0,37,23929.0,0.0,48,36227.0,0.0,23,13015.0,0.0,-11.25,150,150,103934.0
945.0,150,76741.0,511.6066666666667,0.0,42,30973.0,0.0,37,24114.0,0.0,48,36467.0,0.0,23,13130.0,0.0,-11.25,150,150,104684.0
950.0,150,77491.0,516.6066666666667,0.0,42,31183.0,0.0,37,24299.0,0.0,48,36707.0,0.0,23,13245.0,0.0,-11.25,150,150,105434.0
955.0,150,78241.0,521.6066666666667,0.0,42,31393.0,0.0,37,24484.0,0.0,48,36947.0,0.0,23,13360.0,0.0,-11.25,150,150,106184.0
960.0,150,78991.0,526.6066666666667,0.0,42,31603.0,0.0,37,24669.0,0.0,48,37187.0,0.0,23,13475.0,0.0,-11.25,150,150,106934.0
965.0,150,79741.0,531.6066666666667,0.0,42,31813.0,0.0,37,24854.0,0.0,48,37427.0,0.0,23,13590.0,0.0,-11.25,150,150,107684.0
970.0,150,80491.0,536.6066666666667,0.0,42,32023.0,0.0,37,25039.0,0.0,48,37667.0,0.0,23,13705.0,0.0,-11.25,150,150,108434.0
975.0,150,81241.0,541.6066666666667,0.0,42,32233.0,0.0,37,25224.0,0.0,48,37907.0,0.0,23,13820.0,0.0,-11.25,150,150,109184.0
980.0,150,81991.0,546.6066666666667,0.0,42,32443.0,0.0,37,25409.0,0.0,48,38147.0,0.0,23,13935.0,0.0,-11.25,150,150,109934.0
985.0,150,82741.0,551.6066666666667,0.0,42,32653.0,0.0,37,25594.0,0.0,48,38387.0,0.0,23,14050.0,0.0,-11.25,150,150,110684.0
990.0,150,83491.0,556.6066666666667,0.0,42,32863.0,0.0,37,25779.0,0.0,48,38627.0,0.0,23,14165.0,0.0,-11.25,150,150,111434.0
995.0,150,84241.0,561.6066666666667,0.0,42,33073.0,0.0,37,25964.0,0.0,48,38867.0,0.0,23,14280.0,0.0,-11.25,150,150,112184.0
1000.0,150,84991.0,566.6066666666667,0.0,42,33283.0,0.0,37,26149.0,0.0,48,39107.0,0.0,23,14395.0,0.0,-11.25,150,150,112934.0
1005.0,150,85741.0,571.6066666666667,0.0,42,33493.0,0.0,37,26334.0,0.0,48,39347.0,0.0,23,14510.0,0.0,-11.25,150,150,113684.0
1010.0,150,86491.0,576.6066666666667,0.0,42,33703.0,0.0,37,26519.0,0.0,48,39587.0,0.0,23,14625.0,0.0,-11.25,150,150,114434.0
1015.0,150,87241.0,581.6066666666667,0.0,42,33913.0,0.0,37,26704.0,0.0,48,39827.0,0.0,23,14740.0,0.0,-11.25,150,150,115184.0
1020.0,150,87991.0,586.6066666666667,0.0,42,34118.0,0.0,37,26889.0,0.0,48,40067.0,0.0,23,14855.0,0.0,-11.25,150,150,115929.0
1025.0,150,88741.0,591.6066666666667,0.0,42,34318.0,0.0,37,27069.0,0.0,48,40307.0,0.0,23,14970.0,0.0,-11.25,150,150,116664.0
1030.0,146,87762.0,585.08,0.07173384671521008,42,34511.0,0.0,37,27244.0,0.0,44,39624.0,0.007938378538362385,23,15085.0,0.0,-10.95,146,146,116464.0
1035.0,141,86122.0,574.1466666666666,0.3113190794436895,42,34692.0,0.0,37,27410.0,0.0,39,38946.0,0.02554710628428006,23,15201.0,0.06748656046620706,-10.575,141,141,116249.0
1040.0,137,85139.0,571.4026845637584,0.24593799213698492,42,34858.0,0.0,37,27567.0,0.0,35,38850.0,0.018017580584688345,23,15301.0,0.0776008441409835,-10.275,137,137,116576.0
1045.0,138,84159.0,564.8255033557047,0.08335465885145295,42,35011.0,0.0,37,27718.0,0.0,35,38997.0,0.019451310785072343,24,15396.0,0.0034161100795054447,-10.35,138,138,117122.0
1050.0,137,83671.0,561.5503355704698,0.1721622755140753,38,34602.0,0.006144292279827104,37,27855.0,0.0,36,39139.0,0.016600850653341777,26,15499.0,0.00013008651351597062,-10.275,137,137,117095.0
1055.0,141,84367.0,566.2214765100671,0.06854231163529291,38,34732.0,0.001488090420586749,37,27985.0,0.0,40,39297.0,0.015022477444804998,26,15599.0,0.0,-10.575,141,141,117613.0
1060.0,145,85081.0,571.0134228187919,0.111377700037852,38,34709.0,0.0005299263192592601,37,28108.0,0.0,44,39453.0,0.025928661497913067,26,15691.0,0.0,-10.875,145,145,117961.0
1065.0,148,85814.0,575.9328859060403,0.08378974720243025,39,34826.0,0.0,37,28216.0,0.0,46,39624.0,0.02073913708505027,26,15769.0,0.0,-11.1,148,148,118435.0
1070.0,142,80368.0,539.3825503355705,0.14215553127331004,33,32922.0,0.01849114060275926,37,28315.0,0.0,46,39798.0,0.00033750621503561844,26,15827.0,0.0,-10.65,142,142,116862.0
1075.0,133,73556.0,493.66442953020135,0.6727736739669135,26,28999.0,0.055002391519863005,37,28387.0,0.045724800366420064,47,39964.0,0.0,23,15102.0,0.00860835276884568,-9.975,133,133,112452.0
1080.0,130,72005.0,483.255033557047,0.9086812993151493,27,29044.0,0.03045479920441715,37,28430.0,0.09628990195618096,47,40102.0,0.019173714910506765,19,13910.0,0.04977182597477922,-9.75,130,130,111486.0
1085.0,134,72526.0,486.751677852349,0.5996273154318269,31,29105.0,0.004905518596282881,39,28475.0,0.04507294795693958,43,39247.0,0.026930842740709237,21,13926.0,0.011335752490913875,-10.05,134,134,110753.0
1090.0,135,72992.0,496.5442176870748,0.6006971897129669,33,29173.0,2.9829643249565313e-05,41,28527.0,0.022975695327024263,38,37459.0,0.02615295241559663,23,13952.0,0.06461996300919581,-10.125,135,135,109111.0
1095.0,133,73508.0,503.47945205479454,0.5379553192148793,33,29243.0,0.0,43,28581.0,1.336491132383896e-05,34,36581.0,0.04171605995894846,23,13972.0,0.10215398533654686,-9.975,133,133,108377.0
1100.0,128,72987.0,499.9109589041096,0.44757919460118556,33,29307.0,0.0,38,27702.0,0.01011206925540526,33,36641.0,0.03635223766165461,24,13980.0,0.03291135554461317,-9.6,128,128,107630.0
1105.0,127,71870.0,492.26027397260276,0.7710728192791276,32,29183.0,0.04957667457535526,33,25948.0,0.030855441039618056,36,36696.0,0.04033264689110772,26,13993.0,0.0023466656470916255,-9.525,127,127,105820.0
1110.0,128,71298.0,491.7103448275862,0.6537594407703288,32,29218.0,0.07894368983047215,30,25931.0,0.03535168199995942,39,36743.0,0.015194274520795376,27,14011.0,2.7846372329153986e-06,-9.6,128,128,105903.0
1115.0,132,71716.0,494.5931034482759,0.6247017576996213,32,29249.0,0.02772289353074147,31,25899.0,0.029041841795354194,42,36770.0,0.03581907735882491,27,14024.0,0.0,-9.9,132,132,105942.0
1120.0,136,72387.0,506.2027972027972,0.2967660416776229,32,29279.0,0.0,35,25875.0,0.00537772417412338,42,36783.0,0.015056707942215235,27,14034.0,0.0,-10.2,136,136,105971.0
1125.0,140,73081.0,514.6549295774648,0.19844720439621805,32,29285.0,0.0,38,25873.0,0.00015252045509725744,43,36788.0,0.02067305665369313,27,14039.0,0.0,-10.5,140,140,105985.0
1130.0,140,73781.0,519.5845070422536,0.16091960501699376,32,29285.0,0.0,38,25884.0,2.9617661832765563e-06,43,36791.0,0.012693157352210266,27,14046.0,0.0,-10.5,140,140,106006.0
1135.0,141,74484.0,528.2553191489362,0.0,32,29286.0,0.0,38,25906.0,0.0,44,36795.0,0.0,27,14060.0,0.0,-10.575,141,141,106047.0
1140.0,141,75189.0,533.2553191489362,0.0,32,29303.0,0.0,38,25923.0,0.0,44,36800.0,0.0,27,14073.0,0.0,-10.575,141,141,106099.0
1145.0,141,75894.0,538.2553191489362,0.0,32,29323.0,0.0,38,25929.0,0.0,44,36801.0,0.0,27,14081.0,0.0,-10.575,141,141,106134.0
1150.0,132,69171.0,490.5744680851064,0.24209734321613263,32,29335.0,0.0,35,24938.0,0.011100048121000225,38,34808.0,0.018068485531684043,27,14086.0,0.0,-9.9,132,132,103167.0
1155.0,125,61547.0,436.50354609929076,0.6912263295818385,32,29322.0,0.030570061226398042,34,24939.0,0.008611590038879763,31,30794.0,0.06526247907789587,28,14071.0,0.06220196443349015,-9.375,125,125,99126.0
1160.0,129,59033.0,418.6737588652482,0.6441596298895493,33,29311.0,0.043597995839502704,37,24945.0,6.673472200968549e-05,30,28770.0,0.045659679082347485,29,14042.0,0.10752214651844516,-9.675,129,129,97068.0
1165.0,134,59689.0,423.3262411347518,0.16681807711949473,34,29303.0,0.013380568393670616,37,24946.0,1.3761109156084476e-06,33,28747.0,0.014237230367112889,30,14029.0,0.02359510966137671,-10.05,134,134,97025.0
1170.0,135,59921.0,424.97163120567376,0.1445410220438021,30,27311.0,0.017404392398559676,37,24946.0,0.0,35,28738.0,0.00035631021008338676,33,14028.0,0.0001670869477300528,-10.125,135,135,95023.0
1175.0,132,60244.0,427.26241134751774,0.5717368296078211,26,24328.0,0.0422752935311981,37,24933.0,0.04476757159067805,36,28725.0,0.05120588042456679,33,14033.0,0.0,-9.9,132,132,92019.0
1180.0,135,60910.0,431.98581560283685,0.2309843580770491,28,24313.0,0.004609312030791888,37,24923.0,0.020880655960398068,37,28706.0,0.03538550118826559,33,14038.0,0.0,-10.125,135,135,91980.0
1185.0,140,61598.0,436.86524822695037,0.00174623240495516,30,24309.0,5.199641687893817e-06,39,24919.0,0.0,38,28699.0,0.00048114363687919685,33,14043.0,0.0,-10.5,140,140,91970.0
1190.0,141,62303.0,441.86524822695037,2.7111228392271528e-05,30,24309.0,0.0,39,24919.0,6.810907670394477e-06,39,28699.0,4.4127897833959503e-07,33,14048.0,0.0,-10.575,141,141,91975.0
1195.0,138,60187.0,426.8581560283688,0.06467925052762746,27,23314.0,0.010544371216437913,39,24919.0,0.0,39,28699.0,0.0,33,14053.0,0.0,-10.35,138,138,90985.0
1200.0,133,58013.0,411.43971631205676,0.3896036303826706,22,21353.0,0.05008939768850834,39,24919.0,0.0,39,28699.0,0.0,33,14058.0,0.0,-9.975,133,133,89029.0
1205.0,133,58678.0,419.12857142857143,0.374584733918691,22,20348.0,0.034221430896373355,39,24919.0,0.0,39,28699.0,0.0,33,14063.0,0.0,-9.975,133,133,88029.0
1210.0,137,59355.0,423.9642857142857,0.2873607179699586,26,20340.0,0.00020369172327554326,39,24919.0,0.0,39,28699.0,0.0,33,14068.0,0.0,-10.275,137,137,88026.0
1215.0,137,60040.0,431.9424460431655,0.18117560690480636,26,20340.0,2.6646992165073297e-06,39,24919.0,0.0,39,28699.0,0.0,33,14073.0,0.0,-10.275,137,137,88031.0
1220.0,137,60725.0,443.24817518248176,0.0,26,20340.0,0.0,39,24919.0,0.0,39,28699.0,0.0,33,14078.0,0.0,-10.275,137,137,88036.0
1225.0,137,61410.0,448.24817518248176,0.0,26,20340.0,0.0,39,24919.0,0.0,39,28699.0,0.0,33,14083.0,0.0,-10.275,137,137,88041.0
1230.0,137,62095.0,453.24817518248176,0.0,26,20340.0,0.0,39,24919.0,0.0,39,28704.0,0.0,33,14088.0,0.0,-10.275,137,137,88051.0
1235.0,137,62780.0,458.24817518248176,0.0,26,20340.0,0.0,39,24919.0,0.0,39,28717.0,0.0,33,14093.0,0.0,-10.275,137,137,88069.0
1240.0,137,63465.0,463.24817518248176,0.0,26,20340.0,0.0,39,24919.0,0.0,39,28743.0,0.0,33,14098.0,0.0,-10.275,137,137,88100.0
1245.0,137,64150.0,468.24817518248176,0.0,26,20340.0,0.0,39,24925.0,0.0,39,28775.0,0.0,33,14103.0,0.0,-10.275,137,137,88143.0
1250.0,137,64835.0,473.24817518248176,0.0,26,20356.0,0.0,39,24940.0,0.0,39,28795.0,0.0,33,14108.0,0.0,-10.275,137,137,88199.0
1255.0,137,65520.0,478.24817518248176,0.0,26,20394.0,0.0,39,24954.0,0.0,39,28810.0,0.0,33,14113.0,0.0,-10.275,137,137,88271.0
1260.0,137,66205.0,483.24817518248176,0.0,26,20437.0,0.0,39,24966.0,0.0,39,28813.0,0.0,33,14125.0,0.0,-10.275,137,137,88341.0
1265.0,137,66890.0,488.24817518248176,0.0,26,20484.0,0.0,39,24986.0,0.0,39,28818.0,0.0,33,14150.0,0.0,-10.275,137,137,88438.0
1270.0,137,67575.0,493.24817518248176,0.0,26,20527.0,0.0,39,24996.0,0.0,39,28825.0,0.0,33,14206.0,0.0,-10.275,137,137,88554.0
1275.0,137,68260.0,498.24817518248176,0.0,26,20556.0,0.0,39,24996.0,0.0,39,28844.0,0.0,33,14274.0,0.0,-10.275,137,137,88670.0
1280.0,137,68945.0,503.24817518248176,0.0,26,20567.0,0.0,39,24998.0,0.0,39,28878.0,0.0,33,14342.0,0.0,-10.275,137,137,88785.0
1285.0,137,69630.0,508.24817518248176,0.0,26,20578.0,0.0,39,25008.0,0.0,39,28910.0,0.0,33,14383.0,0.0,-10.275,137,137,88879.0
1290.0,137,70315.0,513.2481751824818,0.0,26,20580.0,0.0,39,25024.0,0.0,39,28925.0,0.0,33,14402.0,0.0,-10.275,137,137,88931.0
1295.0,137,71000.0,518.2481751824818,0.0,26,20584.0,0.0,39,25037.0,0.0,39,28926.0,0.0,33,14409.0,0.0,-10.275,137,137,88956.0
1300.0,137,71685.0,523.2481751824818,0.0,26,20584.0,0.0,39,25040.0,0.0,39,28926.0,0.0,33,14411.0,0.0,-10.275,137,137,88961.0
1305.0,137,72370.0,528.2481751824818,0.0,26,20584.0,0.0,39,25040.0,0.0,39,28926.0,0.0,33,14430.0,0.0,-10.275,137,137,88980.0
1310.0,137,73055.0,533.2481751824818,0.0,26,20584.0,0.0,39,25040.0,0.0,39,28926.0,0.0,33,14450.0,0.0,-10.275,137,137,89000.0
1315.0,137,73740.0,538.2481751824818,0.0,26,20584.0,0.0,39,25040.0,0.0,39,28926.0,0.0,33,14464.0,0.0,-10.275,137,137,89014.0
1320.0,137,74425.0,543.2481751824818,0.0,26,20584.0,0.0,39,25040.0,0.0,39,28926.0,0.0,33,14464.0,0.0,-10.275,137,137,89014.0
1325.0,137,75110.0,548.2481751824818,0.0,26,20584.0,0.0,39,25040.0,0.0,39,28926.0,0.0,33,14464.0,0.0,-10.275,137,137,89014.0
1330.0,137,75795.0,553.2481751824818,0.0,26,20584.0,0.0,39,25040.0,0.0,39,28926.0,0.0,33,14464.0,0.0,-10.275,137,137,89014.0
1335.0,137,76480.0,558.2481751824818,0.0,26,20584.0,0.0,39,25043.0,0.0,39,28926.0,0.0,33,14464.0,0.0,-10.275,137,137,89017.0
1340.0,134,76764.0,560.3211678832117,0.08225086340938817,23,19644.0,0.01418421677507338,39,25052.0,0.0,39,28926.0,0.0,33,14464.0,0.0,-10.05,134,134,88086.0
1345.0,133,77298.0,568.3676470588235,0.22907501278066364,22,18914.0,0.025604254900396327,39,25055.0,0.0,39,28926.0,0.0,33,14464.0,0.0,-9.975,133,133,87359.0
1350.0,133,77963.0,573.2573529411765,0.26572615796061344,22,18942.0,0.0,39,25055.0,0.0,39,28926.0,0.0,33,14464.0,0.0,-9.975,133,133,87387.0
1355.0,133,78628.0,578.1470588235294,0.27704380843913157,22,18942.0,0.0,39,25055.0,0.0,39,28926.0,0.0,33,14464.0,0.0,-9.975,133,133,87387.0
1360.0,133,79293.0,587.3555555555556,0.17858630660066374,22,18942.0,0.0,39,25055.0,0.0,39,28926.0,0.0,33,14464.0,0.0,-9.975,133,133,87387.0
1365.0,133,79958.0,596.7014925373135,0.08960206834928815,22,18942.0,0.0,39,25055.0,0.0,39,28926.0,0.0,33,14464.0,0.0,-9.975,133,133,87387.0
1370.0,133,80623.0,606.187969924812,0.0,22,18942.0,0.0,39,25055.0,0.0,39,28926.0,0.0,33,14464.0,0.0,-9.975,133,133,87387.0
1375.0,133,81288.0,611.187969924812,0.0,22,18942.0,0.0,39,25055.0,0.0,39,28926.0,0.0,33,14464.0,0.0,-9.975,133,133,87387.0
1380.0,133,81953.0,616.187969924812,0.0,22,18942.0,0.0,39,25055.0,0.0,39,28926.0,0.0,33,14464.0,0.0,-9.975,133,133,87387.0
1385.0,133,82618.0,621.187969924812,0.0,22,18942.0,0.0,39,25055.0,0.0,39,28926.0,0.0,33,14464.0,0.0,-9.975,133,133,87387.0
1390.0,133,83283.0,626.187969924812,0.0,22,18942.0,0.0,39,25055.0,0.0,39,28926.0,0.0,33,14464.0,0.0,-9.975,133,133,87387.0
1395.0,133,83948.0,631.187969924812,0.0,22,18942.0,0.0,39,25055.0,0.0,39,28926.0,0.0,33,14464.0,0.0,-9.975,133,133,87387.0
1400.0,133,84613.0,636.187969924812,0.0,22,18942.0,0.0,39,25055.0,0.0,39,28926.0,0.0,33,14464.0,0.0,-9.975,133,133,87387.0
1405.0,133,85278.0,641.187969924812,0.0,22,18942.0,0.0,39,25055.0,0.0,39,28926.0,0.0,33,14464.0,0.0,-9.975,133,133,87387.0
1410.0,133,85943.0,646.187969924812,0.0,22,18942.0,0.0,39,25055.0,0.0,39,28926.0,0.0,33,14464.0,0.0,-9.975,133,133,87387.0
1415.0,133,86608.0,651.187969924812,0.0,22,18942.0,0.0,39,25055.0,0.0,39,28926.0,0.0,33,14464.0,0.0,-9.975,133,133,87387.0
1420.0,130,86548.0,650.7368421052631,0.0776572972810301,19,17955.0,0.016684869958846982,39,25055.0,0.0,39,28927.0,0.0,33,14464.0,0.0,-9.75,130,130,86401.0
1425.0,129,86957.0,653.812030075188,0.29733916076021305,18,15991.0,0.027382341038617936,39,25042.0,0.04125966704752387,39,28942.0,0.0,33,14464.0,0.0,-9.675,129,129,84439.0
1430.0,131,87607.0,658.6992481203008,0.06257865592325584,19,15989.0,1.626897620919167e-05,39,25032.0,0.01518099604989969,40,28960.0,0.00013120857952924887,33,14464.0,0.0,-9.825,131,131,84445.0
1435.0,133,88268.0,663.6691729323309,0.0,19,15989.0,0.0,41,25039.0,0.0,40,28984.0,0.0,33,14464.0,0.0,-9.975,133,133,84476.0
1440.0,133,88933.0,668.6691729323309,2.2424729748451997e-06,19,15989.0,0.0,41,25054.0,5.393535312060276e-07,40,29000.0,0.0,33,14464.0,0.0,-9.975,133,133,84507.0
1445.0,133,89598.0,673.6691729323309,0.0,19,15989.0,0.0,41,25068.0,0.0,40,29004.0,0.0,33,14464.0,0.0,-9.975,133,133,84525.0
1450.0,133,90263.0,678.6691729323309,0.0,19,15989.0,0.0,41,25069.0,0.0,40,29004.0,0.0,33,14464.0,0.0,-9.975,133,133,84526.0
1455.0,133,90928.0,683.6691729323309,0.0,19,15989.0,0.0,41,25069.0,0.0,40,29004.0,0.0,33,14464.0,0.0,-9.975,133,133,84526.0
1460.0,133,91593.0,688.6691729323309,0.0,19,15989.0,0.0,41,25069.0,0.0,40,29004.0,0.0,33,14464.0,0.0,-9.975,133,133,84526.0
1465.0,133,92258.0,693.6691729323309,0.0,19,15989.0,0.0,41,25069.0,0.0,40,29004.0,0.0,33,14464.0,0.0,-9.975,133,133,84526.0
1470.0,133,92923.0,698.6691729323309,0.0,19,15989.0,0.0,41,25069.0,0.0,40,29004.0,0.0,33,14464.0,0.0,-9.975,133,133,84526.0
1475.0,133,93588.0,703.6691729323309,0.0,19,15989.0,0.0,41,25069.0,0.0,40,29004.0,0.0,33,14464.0,0.0,-9.975,133,133,84526.0
1480.0,133,94253.0,708.6691729323309,0.0,19,15989.0,0.0,41,25069.0,0.0,40,29004.0,0.0,33,14464.0,0.0,-9.975,133,133,84526.0
1485.0,133,94918.0,713.6691729323309,0.0,19,15989.0,0.0,41,25069.0,0.0,40,29004.0,0.0,33,14464.0,0.0,-9.975,133,133,84526.0
1490.0,133,95583.0,718.6691729323309,0.0,19,15989.0,0.0,41,25069.0,0.0,40,29004.0,0.0,33,14464.0,0.0,-9.975,133,133,84526.0
1495.0,127,93899.0,706.0075187969925,0.15649695879009223,19,15989.0,0.0,41,25069.0,0.0,40,29004.0,0.0,27,13981.0,0.019776747317615716,-9.525,127,127,84043.0
1500.0,120,91981.0,691.5864661654135,0.7521273082156648,19,15989.0,0.0,41,25056.0,0.02955040429286402,40,29004.0,0.0,20,13901.0,0.09624025378744816,-9.0,120,120,83950.0
1505.0,122,92585.0,701.4015151515151,0.5529369118698553,19,15989.0,0.0,42,25034.0,0.016069654256806565,40,29004.0,0.0,21,13896.0,0.03571544359339089,-9.15,122,122,83923.0
1510.0,127,93208.0,706.1212121212121,0.4918606469710407,19,15989.0,0.0,44,25025.0,0.018808696435470083,40,29004.0,0.0,24,13888.0,0.00021133819271590708,-9.525,127,127,83906.0
1515.0,126,93837.0,721.8230769230769,0.3538548556691175,19,15989.0,0.0,43,25046.0,0.010658716238816736,40,29009.0,0.0,24,13888.0,0.0,-9.45,126,126,83932.0
1520.0,126,94467.0,738.0234375,0.1847356093639757,19,15989.0,0.0,43,25041.0,0.020351500964082534,40,29024.0,0.0,24,13888.0,0.0,-9.45,126,126,83942.0
1525.0,126,95097.0,754.7380952380952,0.0,19,15992.0,0.0,43,25052.0,0.0,40,29051.0,0.0,24,13888.0,0.0,-9.45,126,126,83983.0
1530.0,123,95655.0,759.1666666666666,0.08102555563596911,19,16002.0,0.0,43,25067.0,0.0,40,29073.0,0.0,21,13890.0,0.01237072922043656,-9.225,123,123,84032.0
1535.0,122,96244.0,763.8412698412699,0.2148053042552185,19,16015.0,0.0,43,25068.0,0.018597948305095487,40,29079.0,0.0,20,13930.0,0.021449764062037698,-9.15,122,122,84092.0
1540.0,124,96859.0,768.7222222222222,0.05580186368237498,19,16025.0,0.0,44,25058.0,0.009782341417484105,40,29079.0,0.0,21,13972.0,3.496283463112667e-06,-9.3,124,124,84134.0
1545.0,125,97484.0,773.6825396825396,0.11735034854027418,19,16035.0,0.0,45,25053.0,0.020399927956194438,40,29079.0,0.0,21,14022.0,0.0,-9.375,125,125,84189.0
1550.0,124,98099.0,784.792,0.04533672105707228,19,16039.0,0.0,44,25070.0,0.009820861007261593,40,29079.0,0.0,21,14069.0,0.0,-9.3,124,124,84257.0
1555.0,124,98719.0,789.752,0.09548544389511908,19,16039.0,0.0,44,25065.0,0.0206841000153088,40,29079.0,0.0,21,14107.0,0.0,-9.3,124,124,84290.0
1560.0,124,99339.0,794.712,0.008639344746524103,19,16039.0,0.0,44,25060.0,0.0018714587639150266,40,29079.0,0.0,21,14146.0,0.0,-9.3,124,124,84324.0
1565.0,125,99962.0,799.696,2.399784890228913e-05,19,16039.0,0.0,45,25058.0,5.198424876072549e-06,40,29079.0,0.0,21,14172.0,0.0,-9.375,125,125,84348.0
1570.0,124,100555.0,804.44,0.04487420958280564,19,16039.0,0.0,45,25058.0,0.0,40,29079.0,0.0,20,14216.0,0.0,-9.3,124,124,84392.0
1575.0,124,101175.0,809.4,0.011692086209006107,19,16039.0,0.0,45,25053.0,0.002062950119447479,40,29079.0,0.0,20,14218.0,0.0,-9.3,124,124,84389.0
1580.0,125,101799.0,814.392,3.843975943436032e-05,19,16045.0,0.0,46,25066.0,6.7823059887775885e-06,40,29079.0,0.0,20,14218.0,0.0,-9.375,125,125,84408.0
1585.0,125,102424.0,819.392,0.0,19,16065.0,0.0,46,25081.0,0.0,40,29079.0,0.0,20,14218.0,0.0,-9.375,125,125,84443.0
1590.0,125,103049.0,824.392,0.0,19,16081.0,0.0,46,25099.0,0.0,40,29079.0,0.0,20,14218.0,0.0,-9.375,125,125,84477.0
1595.0,121,101935.0,815.48,0.13948779156110902,19,16084.0,0.0,46,25116.0,0.0,36,27101.0,0.008200997522792353,20,14218.0,0.0,-9.075,121,121,82519.0
1600.0,117,100809.0,806.472,0.42988315576439323,19,16076.0,0.0021439362600651946,46,25122.0,0.0,32,25143.0,0.03770328309510971,20,14205.0,0.08214336049121727,-8.775,117,117,80546.0
1605.0,118,101398.0,811.184,0.4594165005768774,20,16060.0,0.08620941284345912,46,25124.0,0.0,32,24192.0,0.009876048788604501,20,14195.0,0.08353116728895571,-8.85,118,118,79571.0
1610.0,123,101998.0,815.984,0.19326342007562847,20,16050.0,0.08346908973728005,46,25128.0,0.0,35,24220.0,0.00015407302894536644,22,14187.0,0.00033139552602114814,-9.225,123,123,79585.0
1615.0,123,102613.0,827.5241935483871,0.01928537561316787,20,16060.0,0.008893448098834496,46,25134.0,0.0,35,24254.0,2.2743785973916144e-07,22,14187.0,0.0,-9.225,123,123,79635.0
1620.0,121,98668.0,795.7096774193549,0.07412074737093972,21,16058.0,5.043384230063434e-06,46,25161.0,0.0,32,23281.0,0.007394437631437427,22,14187.0,0.0,-9.075,121,121,78687.0
1625.0,116,91829.0,740.5564516129032,0.3105682855952436,21,16050.0,0.0026837696348184785,45,24402.0,0.0,28,21290.0,0.03588782963129772,22,14182.0,0.02990487425984582,-8.7,116,116,75924.0
1630.0,114,84831.0,684.1209677419355,0.4652156505409469,22,16049.0,4.9344337669183595e-06,45,24419.0,0.0,25,21262.0,0.04055976220071992,22,14167.0,0.0791695135593405,-8.55,114,114,75897.0
1635.0,116,83890.0,676.5322580645161,0.32334824690079417,22,16049.0,0.0,45,24427.0,0.0,26,21227.0,0.033852255381234486,23,14158.0,0.03945888006825727,-8.7,116,116,75861.0
1640.0,121,84485.0,681.3306451612904,0.12253008937448205,22,16049.0,0.0,45,24428.0,0.0,30,21210.0,0.0025887751735938235,24,14155.0,5.327772805321256e-05,-9.075,121,121,75842.0
1645.0,123,85097.0,691.8455284552846,0.00019595018691824726,22,16049.0,0.0,45,24428.0,0.0,32,21207.0,6.579594374116051e-05,24,14155.0,0.0,-9.225,123,123,75839.0
1650.0,123,85712.0,696.8455284552846,1.262372713472651e-06,22,16049.0,0.0,45,24428.0,0.0,32,21207.0,4.347109280206764e-07,24,14155.0,0.0,-9.225,123,123,75839.0
1655.0,123,86327.0,701.8455284552846,0.0,22,16049.0,0.0,45,24428.0,0.0,32,21207.0,0.0,24,14155.0,0.0,-9.225,123,123,75839.0
1660.0,123,86942.0,706.8455284552846,0.0,22,16049.0,0.0,45,24428.0,0.0,32,21207.0,0.0,24,14155.0,0.0,-9.225,123,123,75839.0
1665.0,123,87557.0,711.8455284552846,0.0,22,16049.0,0.0,45,24428.0,0.0,32,21207.0,0.0,24,14155.0,0.0,-9.225,123,123,75839.0
1670.0,123,88172.0,716.8455284552846,0.0,22,16049.0,0.0,45,24428.0,0.0,32,21207.0,0.0,24,14155.0,0.0,-9.225,123,123,75839.0
1675.0,123,88787.0,721.8455284552846,0.0,22,16049.0,0.0,45,24428.0,0.0,32,21207.0,0.0,24,14155.0,0.0,-9.225,123,123,75839.0
1680.0,123,89402.0,726.8455284552846,0.0,22,16049.0,0.0,45,24428.0,0.0,32,21207.0,0.0,24,14155.0,0.0,-9.225,123,123,75839.0
1685.0,123,90017.0,731.8455284552846,0.0,22,16049.0,0.0,45,24428.0,0.0,32,21207.0,0.0,24,14155.0,0.0,-9.225,123,123,75839.0
1690.0,123,90632.0,736.8455284552846,0.0,22,16049.0,0.0,45,24428.0,0.0,32,21207.0,0.0,24,14155.0,0.0,-9.225,123,123,75839.0
1695.0,123,91247.0,741.8455284552846,0.0,22,16049.0,0.0,45,24428.0,0.0,32,21207.0,0.0,24,14155.0,0.0,-9.225,123,123,75839.0
1700.0,120,91584.0,744.5853658536586,0.08902519060877337,22,16049.0,0.0,45,24428.0,0.0,29,20224.0,0.007644578690252617,24,14155.0,0.0,-9.0,120,120,74856.0
1705.0,120,92184.0,749.4634146341464,0.26604709708048674,22,16036.0,0.07165088036303983,45,24428.0,0.0,29,18274.0,0.0,24,14155.0,0.0,-9.0,120,120,72893.0
1710.0,120,92784.0,754.3414634146342,0.319686100059364,22,16017.0,0.1091870882871087,45,24428.0,0.0,29,18274.0,0.0,24,14156.0,0.0,-9.0,120,120,72875.0
1715.0,121,93385.0,759.2276422764228,0.022788211574050955,23,16009.0,0.007523336168928602,45,24428.0,0.0,29,18274.0,0.0,24,14177.0,0.0,-9.075,121,121,72888.0
1720.0,123,93995.0,764.1869918699186,0.0006810644880518468,25,16010.0,0.00022670894179935034,45,24428.0,0.0,29,18274.0,0.0,24,14218.0,0.0,-9.225,123,123,72930.0
1725.0,123,94610.0,769.1869918699186,2.6176917787075503e-06,25,16018.0,8.631087999854233e-07,45,24431.0,0.0,29,18274.0,0.0,24,14266.0,0.0,-9.225,123,123,72989.0
1730.0,123,95225.0,774.1869918699186,0.0,25,16039.0,0.0,45,24435.0,0.0,29,18274.0,0.0,24,14300.0,0.0,-9.225,123,123,73048.0
1735.0,123,95840.0,779.1869918699186,0.0,25,16045.0,0.0,45,24438.0,0.0,29,18274.0,0.0,24,14320.0,0.0,-9.225,123,123,73077.0
1740.0,123,96455.0,784.1869918699186,0.0,25,16045.0,0.0,45,24443.0,0.0,29,18274.0,0.0,24,14323.0,0.0,-9.225,123,123,73085.0
1745.0,123,97070.0,789.1869918699186,0.0,25,16045.0,0.0,45,24443.0,0.0,29,18274.0,0.0,24,14323.0,0.0,-9.225,123,123,73085.0
1750.0,123,97685.0,794.1869918699186,0.0,25,16045.0,0.0,45,24443.0,0.0,29,18276.0,0.0,24,14323.0,0.0,-9.225,123,123,73087.0
1755.0,123,98300.0,799.1869918699186,0.0,25,16045.0,0.0,45,24444.0,0.0,29,18292.0,0.0,24,14323.0,0.0,-9.225,123,123,73104.0
1760.0,123,98915.0,804.1869918699186,0.0,25,16045.0,0.0,45,24460.0,0.0,29,18312.0,0.0,24,14323.0,0.0,-9.225,123,123,73140.0
1765.0,123,99530.0,809.1869918699186,0.0,25,16045.0,0.0,45,24496.0,0.0,29,18324.0,0.0,24,14323.0,0.0,-9.225,123,123,73188.0
1770.0,123,100145.0,814.1869918699186,0.0,25,16045.0,0.0,45,24521.0,0.0,29,18334.0,0.0,24,14323.0,0.0,-9.225,123,123,73223.0
1775.0,123,100760.0,819.1869918699186,0.0,25,16045.0,0.0,45,24529.0,0.0,29,18341.0,0.0,24,14323.0,0.0,-9.225,123,123,73238.0
1780.0,123,101375.0,824.1869918699186,0.0,25,16045.0,0.0,45,24529.0,0.0,29,18341.0,0.0,24,14323.0,0.0,-9.225,123,123,73238.0
1785.0,120,101522.0,825.3821138211382,0.08450102568781725,25,16045.0,0.0,45,24529.0,0.0,26,17345.0,0.010453897190576069,24,14323.0,0.0,-9.0,120,120,72242.0
1790.0,117,101356.0,824.0325203252032,0.049268335003571744,25,16037.0,0.00045887120293347625,45,24529.0,0.0,23,17323.0,0.016643368757523903,24,14323.0,0.0,-8.775,117,117,72212.0
1795.0,119,101647.0,826.3983739837398,0.04227575442056652,26,16037.0,8.889543901850714e-07,45,24529.0,0.0,24,17298.0,0.015118919875453968,24,14323.0,0.0,-8.925,119,119,72187.0
1800.0,122,101882.0,828.3089430894308,0.04728319516011148,25,15068.0,0.0,45,24529.0,0.0,28,17292.0,0.00039161245006439504,24,14323.0,0.0,-9.15,122,122,71212.0
1805.0,122,102492.0,833.2682926829268,0.001005803443185454,25,15068.0,0.0,45,24529.0,0.0,28,17284.0,0.0002953001053426691,24,14323.0,0.0,-9.15,122,122,71204.0
1810.0,123,103107.0,838.2682926829268,1.4994689991860234e-06,25,15068.0,0.0,45,24529.0,0.0,29,17284.0,4.3911976526377424e-07,24,14323.0,0.0,-9.225,123,123,71204.0
1815.0,123,103722.0,843.2682926829268,0.0,25,15068.0,0.0,45,24529.0,0.0,29,17284.0,0.0,24,14323.0,0.0,-9.225,123,123,71204.0
1820.0,123,104337.0,848.2682926829268,0.0,25,15068.0,0.0,45,24529.0,0.0,29,17284.0,0.0,24,14323.0,0.0,-9.225,123,123,71204.0
1825.0,123,104952.0,853.2682926829268,0.0,25,15068.0,0.0,45,24529.0,0.0,29,17284.0,0.0,24,14323.0,0.0,-9.225,123,123,71204.0
1830.0,123,105567.0,858.2682926829268,0.0,25,15068.0,0.0,45,24529.0,0.0,29,17284.0,0.0,24,14323.0,0.0,-9.225,123,123,71204.0
1835.0,123,106182.0,863.2682926829268,0.0,25,15068.0,0.0,45,24529.0,0.0,29,17284.0,0.0,24,14323.0,0.0,-9.225,123,123,71204.0
1840.0,123,106797.0,868.2682926829268,0.0,25,15068.0,0.0,45,24529.0,0.0,29,17284.0,0.0,24,14323.0,0.0,-9.225,123,123,71204.0
1845.0,123,107412.0,873.2682926829268,0.0,25,15068.0,0.0,45,24529.0,0.0,29,17284.0,0.0,24,14323.0,0.0,-9.225,123,123,71204.0
1850.0,123,108027.0,878.2682926829268,0.0,25,15068.0,0.0,45,24529.0,0.0,29,17284.0,0.0,24,14323.0,0.0,-9.225,123,123,71204.0
1855.0,123,108642.0,883.2682926829268,0.0,25,15068.0,0.0,45,24534.0,0.0,29,17287.0,0.0,24,14329.0,0.0,-9.225,123,123,71218.0
1860.0,123,109257.0,888.2682926829268,0.0,25,15068.0,0.0,45,24556.0,0.0,29,17292.0,0.0,24,14358.0,0.0,-9.225,123,123,71274.0
1865.0,123,109872.0,893.2682926829268,0.0,25,15068.0,0.0,45,24581.0,0.0,29,17297.0,0.0,24,14386.0,0.0,-9.225,123,123,71332.0
1870.0,123,110487.0,898.2682926829268,0.0,25,15068.0,0.0,45,24603.0,0.0,29,17298.0,0.0,24,14402.0,0.0,-9.225,123,123,71371.0
1875.0,123,111102.0,903.2682926829268,0.0,25,15068.0,0.0,45,24608.0,0.0,29,17298.0,0.0,24,14413.0,0.0,-9.225,123,123,71387.0
1880.0,123,111717.0,908.2682926829268,0.0,25,15068.0,0.0,45,24608.0,0.0,29,17298.0,0.0,24,14415.0,0.0,-9.225,123,123,71389.0
1885.0,123,112332.0,913.2682926829268,0.0,25,15068.0,0.0,45,24608.0,0.0,29,17298.0,0.0,24,14415.0,0.0,-9.225,123,123,71389.0
1890.0,123,112947.0,918.2682926829268,0.0,25,15068.0,0.0,45,24608.0,0.0,29,17298.0,0.0,24,14415.0,0.0,-9.225,123,123,71389.0
1895.0,123,113562.0,923.2682926829268,0.0,25,15068.0,0.0,45,24613.0,0.0,29,17298.0,0.0,24,14415.0,0.0,-9.225,123,123,71394.0
1900.0,123,114177.0,928.2682926829268,0.0,25,15068.0,0.0,45,24628.0,0.0,29,17298.0,0.0,24,14415.0,0.0,-9.225,123,123,71409.0
1905.0,123,114792.0,933.2682926829268,0.0,25,15068.0,0.0,45,24646.0,0.0,29,17298.0,0.0,24,14415.0,0.0,-9.225,123,123,71427.0
1910.0,123,115407.0,938.2682926829268,0.0,25,15068.0,0.0,45,24651.0,0.0,29,17298.0,0.0,24,14415.0,0.0,-9.225,123,123,71432.0
1915.0,123,116022.0,943.2682926829268,0.0,25,15068.0,0.0,45,24651.0,0.0,29,17298.0,0.0,24,14415.0,0.0,-9.225,123,123,71432.0
1920.0,123,116637.0,948.2682926829268,0.0,25,15068.0,0.0,45,24651.0,0.0,29,17298.0,0.0,24,14415.0,0.0,-9.225,123,123,71432.0
1925.0,123,117252.0,953.2682926829268,0.0,25,15068.0,0.0,45,24651.0,0.0,29,17298.0,0.0,24,14415.0,0.0,-9.225,123,123,71432.0
1930.0,123,117867.0,958.2682926829268,0.0,25,15068.0,0.0,45,24651.0,0.0,29,17298.0,0.0,24,14415.0,0.0,-9.225,123,123,71432.0
1935.0,123,118482.0,963.2682926829268,0.0,25,15068.0,0.0,45,24651.0,0.0,29,17298.0,0.0,24,14415.0,0.0,-9.225,123,123,71432.0
1940.0,123,119097.0,968.2682926829268,0.0,25,15068.0,0.0,45,24651.0,0.0,29,17298.0,0.0,24,14415.0,0.0,-9.225,123,123,71432.0
1945.0,123,119712.0,973.2682926829268,0.0,25,15068.0,0.0,45,24651.0,0.0,29,17298.0,0.0,24,14415.0,0.0,-9.225,123,123,71432.0
1950.0,123,120327.0,978.2682926829268,0.0,25,15068.0,0.0,45,24651.0,0.0,29,17298.0,0.0,24,14415.0,0.0,-9.225,123,123,71432.0
1955.0,123,120942.0,983.2682926829268,0.0,25,15068.0,0.0,45,24651.0,0.0,29,17298.0,0.0,24,14415.0,0.0,-9.225,123,123,71432.0
1960.0,123,121557.0,988.2682926829268,0.0,25,15068.0,0.0,45,24651.0,0.0,29,17298.0,0.0,24,14415.0,0.0,-9.225,123,123,71432.0
1965.0,123,122172.0,993.2682926829268,0.0,25,15068.0,0.0,45,24651.0,0.0,29,17298.0,0.0,24,14415.0,0.0,-9.225,123,123,71432.0
1970.0,123,122787.0,998.2682926829268,0.0,25,15068.0,0.0,45,24651.0,0.0,29,17298.0,0.0,24,14415.0,0.0,-9.225,123,123,71432.0
1975.0,123,123402.0,1003.2682926829268,0.0,25,15068.0,0.0,45,24651.0,0.0,29,17298.0,0.0,24,14415.0,0.0,-9.225,123,123,71432.0
1980.0,123,124017.0,1008.2682926829268,0.0,25,15068.0,0.0,45,24651.0,0.0,29,17298.0,0.0,24,14415.0,0.0,-9.225,123,123,71432.0
1985.0,123,124632.0,1013.2682926829268,0.0,25,15068.0,0.0,45,24651.0,0.0,29,17298.0,0.0,24,14415.0,0.0,-9.225,123,123,71432.0
1990.0,123,125247.0,1018.2682926829268,0.0,25,15068.0,0.0,45,24651.0,0.0,29,17298.0,0.0,24,14415.0,0.0,-9.225,123,123,71432.0
1995.0,123,125862.0,1023.2682926829268,0.0,25,15068.0,0.0,45,24651.0,0.0,29,17298.0,0.0,24,14415.0,0.0,-9.225,123,123,71432.0
2000.0,123,126477.0,1028.2682926829268,0.0,25,15068.0,0.0,45,24651.0,0.0,29,17298.0,0.0,24,14415.0,0.0,-9.225,123,123,71432.0
