step,system_total_stopped,system_total_waiting_time,system_mean_waiting_time,system_mean_speed,A0_stopped,A0_accumulated_waiting_time,A0_average_speed,A1_stopped,A1_accumulated_waiting_time,A1_average_speed,A2_stopped,A2_accumulated_waiting_time,A2_average_speed,B0_stopped,B0_accumulated_waiting_time,B0_average_speed,B1_stopped,B1_accumulated_waiting_time,B1_average_speed,B2_stopped,B2_accumulated_waiting_time,B2_average_speed,C0_stopped,C0_accumulated_waiting_time,C0_average_speed,C1_stopped,C1_accumulated_waiting_time,C1_average_speed,C2_stopped,C2_accumulated_waiting_time,C2_average_speed,average_rewards,total_queued,agents_total_stopped,agents_total_accumulated_waiting_time
0.0,0,0.0,0.0,0.0,0,0.0,1.0,0,0.0,1.0,0,0.0,1.0,0,0.0,1.0,0,0.0,1.0,0,0.0,1.0,0,0.0,1.0,0,0.0,1.0,0,0.0,1.0,0.0,0,0,0.0
5.0,4,0.0,0.0,2.5128307473889437,0,0.0,0.1101643424213127,1,0.0,0.152010403301288,1,0.0,0.22666530209486724,0,0.0,0.12026212475816454,0,0.0,0.33266339980827997,0,0.0,1.0,0,0.0,0.25698108341585746,1,0.0,0.0588676388753852,1,0.0,0.16974347924176048,-0.133,4,4,0.0
10.0,7,0.0,0.0,6.147127833680354,1,0.0,0.31661781995731264,2,0.0,0.47720093066475444,0,0.0,0.7684679645812406,1,0.0,0.3072604987265751,0,0.0,0.6234444049302453,2,0.0,0.20724256034893776,0,0.0,0.6542988102166566,0,0.0,0.41254899229222375,1,0.0,0.4498995492601346,-0.233,7,7,0.0
15.0,6,0.0,0.0,9.029592691957884,1,0.0,0.5552137362499707,1,0.0,0.6347198942264867,0,0.0,0.7462644522881153,0,0.0,0.5542897367835377,1,0.0,0.6869971629856,2,0.0,0.5160774567840645,0,0.0,0.8984367451209834,0,0.0,0.9261564109925082,1,0.0,0.7049119772194343,-0.2,6,6,0.0
20.0,12,12.0,0.13636363636363635,8.32596739691724,2,1.0,0.6420618389220236,1,2.0,0.5997632064644383,2,0.0,0.5924255149125236,0,0.0,0.8027663148094777,4,6.0,0.40184357806649706,0,0.0,0.6781317744502683,1,2.0,0.17174830569129454,0,0.0,0.5636129924191211,2,1.0,0.608943071278814,-0.4,12,12,12.0
25.0,19,72.0,0.6545454545454545,7.255034627207591,0,0.0,0.6304675650081109,3,14.0,0.6032093151583822,2,3.0,0.5369617531829258,1,1.0,0.48067706366789614,3,18.0,0.3788141619874107,2,5.0,0.5948597529427161,2,12.0,0.29677789184279424,4,13.0,0.3907899733256649,2,9.0,0.5939361362349229,-0.633,19,19,75.0
30.0,37,161.0,1.1751824817518248,6.485926507491161,2,4.0,0.6598240939486667,3,20.0,0.40019397738743046,5,17.0,0.48491947545950564,5,19.0,0.4122159821173466,4,36.0,0.5738091442442564,5,24.0,0.49225877409446167,0,9.0,0.4143303315503766,7,36.0,0.1434001980582741,6,28.0,0.4286125131088739,-1.233,37,37,193.0
35.0,41,297.0,1.822085889570552,6.327649000051437,1,3.0,0.5871754327767797,5,25.0,0.39112378172143747,6,43.0,0.4691062416757501,4,34.0,0.5216575330706081,6,60.0,0.5386859120295157,9,60.0,0.37667635530886995,0,1.0,0.5812376271059012,5,55.0,0.38387625729171765,5,42.0,0.37058205795100885,-1.367,41,41,323.0
40.0,66,480.0,2.5806451612903225,5.685191295779194,6,27.0,0.4317988602862089,7,53.0,0.36660551682974785,9,80.0,0.4547616980521291,8,57.0,0.4325104021584734,9,76.0,0.33155681109300633,10,95.0,0.3683712796195718,2,3.0,0.6140606847689839,8,79.0,0.35309097658568983,7,70.0,0.4575761453358895,-2.2,66,66,540.0
45.0,84,724.0,3.464114832535885,4.596691896946126,7,46.0,0.2257892831844799,11,102.0,0.28268290598866164,7,102.0,0.3374012468245711,11,103.0,0.3035402428966757,13,105.0,0.27544356542017795,14,148.0,0.29651887124045706,3,6.0,0.49340058799352793,7,62.0,0.44534199442652567,11,113.0,0.3786687348734506,-2.8,84,84,787.0
50.0,100,955.0,4.116379310344827,4.630069107033936,13,102.0,0.22916865223169752,12,130.0,0.3321547113329349,9,120.0,0.3256066470273054,14,150.0,0.3102312898096934,12,143.0,0.26642073340337363,16,181.0,0.24573469063638095,4,23.0,0.5067192635445636,9,98.0,0.3441655692815144,11,158.0,0.42281913847646385,-3.333,100,100,1105.0
55.0,114,1304.0,5.09375,4.472834369018096,11,147.0,0.22886816510780397,15,168.0,0.3039482267957385,8,116.0,0.3120056384767267,13,206.0,0.2631891714000325,16,212.0,0.2643797162608061,17,221.0,0.29009151652215664,8,58.0,0.48637936201679693,14,155.0,0.28396673279976364,12,183.0,0.3695136897510365,-3.8,114,114,1466.0
60.0,139,1824.0,6.681318681318682,3.9638802290439283,13,204.0,0.3087750476880658,17,223.0,0.2733177703443017,14,157.0,0.27874002719867597,18,281.0,0.1833926614760806,20,289.0,0.17087290847359465,15,254.0,0.32754447873068043,11,97.0,0.3627052264808038,16,224.0,0.19949172131911355,15,248.0,0.3693014112139891,-4.633,139,139,1977.0
65.0,165,2443.0,8.366438356164384,3.224320447325888,14,267.0,0.28895856197630265,17,261.0,0.279485548516871,19,233.0,0.1665664846804526,19,366.0,0.15631724776523548,26,407.0,0.11962919224433559,16,294.0,0.23562406427160804,15,163.0,0.2981129681846184,21,321.0,0.23231835715035765,18,333.0,0.267136498429153,-5.5,165,165,2645.0
70.0,185,2863.0,9.060126582278482,2.846976109001854,16,312.0,0.24114952074946505,16,286.0,0.2403556441772651,21,327.0,0.1555660847627258,19,452.0,0.23379540175942756,22,481.0,0.23439211306934363,26,395.0,0.12124812223364201,20,250.0,0.0933021404661236,20,391.0,0.21435678526228358,25,424.0,0.18684411914224847,-6.167,185,185,3318.0
75.0,195,3159.0,9.077586206896552,2.882428406442778,21,367.0,0.23693112567504215,17,287.0,0.20585299366560877,20,364.0,0.16526976206653013,20,554.0,0.263627102913673,23,542.0,0.23857497223720925,21,442.0,0.19682102495361103,21,336.0,0.1083293992547594,22,491.0,0.1413325878097389,30,539.0,0.18394337160816027,-6.5,195,195,3922.0
80.0,202,3638.0,9.675531914893616,3.1118639198202995,23,448.0,0.25939257178654473,19,341.0,0.23209309783995183,17,390.0,0.29239040186602694,17,574.0,0.28696600636114633,27,629.0,0.18831250661764243,18,402.0,0.19642836907036587,21,417.0,0.20904697968899794,25,605.0,0.12240426448320345,35,678.0,0.14740981114088408,-6.733,202,202,4484.0
85.0,223,4331.0,10.854636591478696,3.0366163065689027,28,576.0,0.28911096940336267,22,413.0,0.16453441884735087,16,468.0,0.3080215871635519,25,620.0,0.2112602365200989,25,696.0,0.22516080026446827,19,427.0,0.17407591404478825,22,499.0,0.23325293237880337,31,746.0,0.09843597970667171,35,834.0,0.17045937239838674,-7.433,223,223,5279.0
90.0,254,5317.0,12.540094339622641,2.743933769347,32,718.0,0.23836112889244984,28,489.0,0.17540103094621798,20,558.0,0.26931244113059116,31,748.0,0.16563814772964106,27,789.0,0.1778694114724308,19,483.0,0.19918536528712294,21,563.0,0.23016492789287882,37,894.0,0.09058489512274524,39,1000.0,0.14472286146593927,-8.467,254,254,6242.0
95.0,283,6249.0,14.011210762331839,2.3773254864388624,36,869.0,0.19888171916380332,31,618.0,0.20300288454940518,22,629.0,0.23325765372823393,29,868.0,0.17940339765277533,34,898.0,0.0970439112151606,23,476.0,0.09056605901235593,26,663.0,0.185584933424925,40,1088.0,0.10727841290045396,42,1203.0,0.15981576140947482,-9.433,283,283,7312.0
100.0,302,7184.0,15.617391304347827,2.1626449671610843,44,1074.0,0.20417097144339766,35,788.0,0.1399534865800017,23,687.0,0.22151027319871622,31,1013.0,0.19188136212866194,38,1010.0,0.07214047202282303,22,448.0,0.09196991318965063,27,791.0,0.14061017047640859,41,1276.0,0.10168119172019044,41,1314.0,0.1212522077279389,-10.067,302,302,8401.0
105.0,328,8156.0,17.464668094218414,1.882975350195813,45,1259.0,0.152018655380862,43,986.0,0.08678493436308937,21,705.0,0.16295812317777697,35,1170.0,0.17560966766732616,45,1207.0,0.029653983416006655,19,480.0,0.16880888381252387,30,934.0,0.1353000865196663,46,1497.0,0.05839714217063767,44,1339.0,0.12462975706374217,-10.933,328,328,9577.0
110.0,336,8888.0,19.155172413793103,1.730282716857462,48,1439.0,0.11476204235363657,50,1178.0,0.0732547443386075,21,642.0,0.22136156403936605,36,1204.0,0.1351129048030669,44,1383.0,0.03178484224571892,20,533.0,0.1124536332191631,30,1079.0,0.13270089730872264,42,1687.0,0.05467029114303679,45,1532.0,0.1029544762383014,-11.2,336,336,10677.0
115.0,351,10134.0,21.982646420824295,1.529526713884356,48,1655.0,0.08370949598637449,52,1380.0,0.06483026502152532,23,649.0,0.14859200616813562,38,1130.0,0.058497522133270696,39,1508.0,0.11657251164837652,25,604.0,0.1195521516031497,32,1238.0,0.13265384480554518,43,1867.0,0.08719450292042234,51,1770.0,0.02311937848405948,-11.7,351,351,11801.0
120.0,364,10976.0,23.965065502183407,1.152681490103301,51,1856.0,0.018739499345556326,57,1651.0,0.02963511972186673,25,746.0,0.09631444625296352,34,1257.0,0.07278081026313933,33,1512.0,0.14298757836811385,33,751.0,0.10716568562045864,34,1404.0,0.07663642565717624,45,2089.0,0.04188656779074462,52,2010.0,0.009535559624052692,-12.133,364,364,13276.0
125.0,372,11847.0,26.1523178807947,0.9292134148329643,48,2073.0,0.05105840225429437,56,1879.0,0.02809317575814588,27,857.0,0.11383137554704686,34,1403.0,0.05178453948704064,33,1415.0,0.12165400002474734,40,934.0,0.006849929951286308,38,1586.0,0.0003818585430722943,48,2322.0,0.0011085778924351621,48,2240.0,0.044350808393250396,-12.4,372,372,14709.0
130.0,380,12909.0,28.750556792873052,0.7385368948190661,51,2316.0,0.02640809828198454,55,2074.0,0.030663735078122877,29,977.0,0.062104971280919005,38,1585.0,0.046303677651860144,30,1568.0,0.10329525759277688,45,1156.0,0.018665012608610535,33,1685.0,0.019295165193591056,48,2554.0,0.018145959426794686,51,2486.0,0.008685369938818896,-12.667,380,380,16401.0
135.0,372,13934.0,31.102678571428573,0.8247301100375755,53,2580.0,0.003514329383403644,53,2339.0,0.04816319304569521,26,1081.0,0.09237414484916125,43,1793.0,0.047978099881861414,33,1724.0,0.06891697335510585,39,1279.0,0.0683845882425635,28,1796.0,0.012008586181588421,48,2794.0,0.016625743253546175,49,2673.0,0.014163758458615193,-12.4,372,372,18059.0
140.0,359,14905.0,33.645598194130926,0.8940421147322672,51,2781.0,0.004960272931130176,54,2602.0,0.01876834387882097,26,1199.0,0.10496039431250506,47,2023.0,0.02081750810053312,32,1734.0,0.05886270037509279,29,1294.0,0.11662023332655012,26,1845.0,0.018983493545081814,49,3038.0,0.03464609056543353,45,2780.0,0.059335785140993955,-11.967,359,359,19296.0
145.0,366,16272.0,36.981818181818184,0.8631349629254508,50,3004.0,0.003914534723378085,55,2814.0,0.044160006450137367,29,1334.0,0.03848291020334117,51,2276.0,0.04413442427930932,30,1620.0,0.06523294864472381,32,1443.0,0.09199679980367065,25,1861.0,0.03222361188439702,47,3248.0,0.05834910244009625,47,2946.0,0.05302347827787242,-12.2,366,366,20546.0
150.0,384,17890.0,40.93821510297483,0.5679659182278124,52,3263.0,1.6705986154580848e-07,51,2978.0,0.03525270644014246,31,1483.0,3.80273947067944e-05,52,2534.0,0.02730135742336091,30,1761.0,0.07740314185748158,40,1624.0,0.02161975517343899,30,2004.0,0.05594716529856214,49,3451.0,0.02122460688312008,49,3185.0,0.018602189065347514,-12.8,384,384,22283.0
155.0,388,18845.0,43.32183908045977,0.40683727450407026,52,3523.0,0.0,48,3171.0,0.021288470921216916,31,1638.0,0.0,54,2802.0,0.0172904020291846,34,1923.0,0.07025829991632074,45,1840.0,6.682203963573602e-05,32,2160.0,0.010190164129788142,45,3467.0,0.011250969074991242,47,3316.0,0.0047545161859715,-12.933,388,388,23840.0
160.0,374,19768.0,45.54838709677419,0.6101147525918282,52,3783.0,0.0,46,3304.0,0.032982652806924466,31,1793.0,0.032196340984274326,55,3077.0,0.000844034440258477,37,1980.0,0.04949447050436786,39,1957.0,0.041271450423366614,34,2328.0,0.05233563828913887,37,3287.0,0.03309602264530133,43,3448.0,0.019780558604518248,-12.467,374,374,24957.0
165.0,349,20657.0,47.817129629629626,0.9068134933476154,52,4043.0,0.0,43,3427.0,0.047756217217539754,28,1921.0,0.11795341376499928,55,3352.0,0.03163675448303329,31,1915.0,0.08631259327738967,32,1963.0,0.0834629145233095,35,2499.0,0.026133491286130083,35,3467.0,0.05946495415988562,38,3456.0,0.027522633921277923,-11.633,349,349,26043.0
170.0,347,21172.0,49.35198135198135,0.8440664925136091,51,4235.0,0.0,42,3636.0,0.046587277079248195,28,2018.0,0.09547086134442292,56,3632.0,0.03555820685837314,29,1806.0,0.11411655867745907,35,2033.0,0.06222229988462679,35,2672.0,0.0,38,3650.0,0.07619991461712891,33,3531.0,0.037663188044584205,-11.567,347,347,27213.0
175.0,343,20400.0,47.7751756440281,0.7609253693503486,51,4490.0,0.0,50,3863.0,0.018038015317064702,27,1906.0,0.062124481893037826,55,3843.0,0.02436331256437042,21,1628.0,0.13321004858823532,34,2076.0,0.04445162003488553,35,2849.0,0.0100723395612136,40,3742.0,0.07631762606807027,30,3539.0,0.03394201545975099,-11.433,343,343,27936.0
180.0,342,20053.0,47.1835294117647,0.8854060756274729,48,4655.0,0.024655974244269643,55,4092.0,0.016031248396479025,25,1693.0,0.053252166459546016,57,3995.0,0.0007923736828300381,20,1541.0,0.1417883273056682,34,2061.0,0.14490820553557462,35,3024.0,0.000275473313472744,36,3836.0,0.048441739147904325,32,3596.0,0.030113521537384787,-11.4,342,342,28493.0
185.0,345,20066.0,47.43735224586288,0.792688302870747,44,4797.0,0.03507973054873669,58,4319.0,0.0052431408119185145,26,1821.0,0.04503686288882844,58,4287.0,0.02153330980850513,24,1485.0,0.08452164922481054,30,2011.0,0.1400925267276401,36,3204.0,8.205335857813529e-07,40,3956.0,0.06110324412298152,29,3553.0,0.05519038386364771,-11.5,345,345,29433.0
190.0,353,20506.0,48.59241706161137,0.836537816910498,47,4957.0,0.0012494313175128644,54,4491.0,0.01754840211149486,30,1960.0,0.061304288311537884,55,4494.0,0.018836883320038054,27,1512.0,0.06047970649897922,26,1830.0,0.15701272273868627,36,3384.0,0.0,47,4175.0,0.04083278815128066,31,3518.0,0.08752284648792501,-11.767,353,353,30321.0
195.0,351,21310.0,50.859188544152744,0.9038178908502604,49,5201.0,3.0847171523492015e-06,52,4752.0,0.01992663306344332,31,2098.0,0.07961718076751874,54,4634.0,0.04291345024998207,24,1479.0,0.06977831935647039,22,1869.0,0.15634889538893923,36,3566.0,0.02540461519279964,47,4261.0,0.041258954522982415,36,3684.0,0.07317302366946538,-11.7,351,351,31544.0
200.0,366,22169.0,53.16306954436451,0.5160410481491108,49,5446.0,0.0,53,4952.0,0.014916626590699719,33,2257.0,0.0014379956864523917,55,4844.0,0.0016312381726299955,27,1466.0,0.08655653337210079,30,2009.0,0.047440626720907715,36,3746.0,0.023973770078031226,42,4190.0,0.0537231247082062,41,3880.0,0.04238224262542216,-12.2,366,366,32790.0
205.0,383,23465.0,56.270983213429254,0.41467099882848163,49,5691.0,0.0,58,5235.0,0.0006472074036533326,34,2427.0,2.7518117359590903e-06,57,5127.0,0.013695984344753121,26,1561.0,0.08628704946107864,38,2188.0,0.030593836645098356,37,3930.0,0.0001762760154671831,42,4400.0,0.05367062476593635,42,4090.0,1.1652241385086397e-06,-12.767,383,383,34649.0
210.0,384,24667.0,59.29567307692308,0.35359191998863493,49,5936.0,0.0,59,5530.0,3.1414959061773895e-06,34,2597.0,0.0,59,5419.0,2.1449911444924606e-06,29,1671.0,0.032412089846949405,38,2287.0,0.04573560730877288,38,4120.0,0.0,41,4604.0,0.025099909706138065,37,4182.0,0.01610123921894804,-12.8,384,384,36346.0
215.0,373,25889.0,62.68523002421308,0.519968270779506,49,6181.0,0.0,59,5825.0,0.0,30,2689.0,0.05982373243961425,59,5714.0,0.0,30,1823.0,0.028860952734653746,38,2382.0,0.08661144382885219,38,4310.0,0.0,38,4631.0,0.02936729145918784,32,4158.0,0.03464081755850028,-12.433,373,373,37713.0
220.0,360,26861.0,65.19660194174757,0.6503974435747866,49,6426.0,0.0,59,6120.0,0.0,27,2751.0,0.06532349729865428,59,6009.0,0.0,30,1975.0,0.029671955482179473,35,2494.0,0.08773015413871801,37,4399.0,0.032151853367424967,37,4275.0,0.03023919822719003,27,4193.0,0.04453737971090069,-12.0,360,360,38642.0
225.0,350,27594.0,67.46699266503667,0.6352981875207392,49,6671.0,0.0,55,6178.0,0.005338282938757366,28,2890.0,0.03769879485605523,59,6304.0,0.0,27,1915.0,0.058423390943820416,34,2574.0,0.04757598551868552,39,4590.0,0.08161421814743877,34,4180.0,0.05216185810022747,25,4318.0,0.03939247365134437,-11.667,350,350,39620.0
230.0,351,28097.0,69.37530864197531,0.6934386028536551,49,6916.0,0.0,50,6167.0,0.018485999504281682,31,3039.0,0.05714349594502485,59,6599.0,0.0,24,1730.0,0.145967047830329,40,2761.0,0.03779728966022909,37,4596.0,0.03294808546936999,34,4309.0,0.05116526564169233,27,4361.0,0.039066016485683794,-11.7,351,351,40478.0
235.0,335,27801.0,68.98511166253101,0.6157564232320719,49,7161.0,0.0,47,6404.0,0.026281184671939767,28,3042.0,0.05894935287233505,59,6894.0,0.0,21,1654.0,0.11925336743581905,46,2979.0,0.04958012748292261,29,4440.0,0.034460796432923484,31,4471.0,0.025329207128325093,25,4170.0,0.0340748711375668,-11.167,335,335,41215.0
240.0,336,28055.0,70.1375,0.48156559330051507,49,7406.0,0.0,48,6641.0,0.014497343869304787,26,3178.0,0.03450281346931577,59,7189.0,0.011646714448397606,21,1614.0,0.08554925961623024,47,3179.0,0.01205971842343891,28,4578.0,0.030650420513723596,34,4569.0,0.04252898888294242,24,4193.0,0.04013824475708633,-11.2,336,336,42547.0
245.0,341,28615.0,71.71679197994987,0.3681140130690319,49,7651.0,0.0,45,6772.0,0.0193116047544051,31,3320.0,0.0027664040374888042,59,7484.0,0.00024189819044681998,22,1620.0,0.08504300970806375,48,3386.0,0.01598181763036368,29,4725.0,0.03323518199106931,33,4681.0,0.04449710303850546,25,4314.0,0.03934767148403214,-11.367,341,341,43953.0
250.0,347,29222.0,73.23809523809524,0.36470195819028595,46,7748.0,0.009804079712712969,43,6815.0,0.04337468861308612,33,3482.0,0.045876780577938,55,7617.0,0.007898843804285158,25,1648.0,0.06565007774671737,52,3637.0,0.00093104605056349,30,4759.0,0.049169265274988,35,4853.0,0.014100009586961776,28,4447.0,0.005663097816482645,-11.567,347,347,45006.0
255.0,350,30024.0,75.43718592964824,0.3909652974064485,44,7693.0,0.016441790127689454,44,6884.0,0.0291971695735624,33,3647.0,0.05237458674400416,52,7582.0,0.020645114251011832,26,1777.0,0.014818043027726508,53,3902.0,3.9312070841138033e-07,32,4691.0,0.031848956106212786,35,4842.0,0.01935810423610763,31,4598.0,0.0005117976027832181,-11.667,350,350,45616.0
260.0,349,30439.0,76.47989949748744,0.5584683024028827,46,7917.0,7.887024705988805e-05,45,6824.0,0.024604905775775284,35,3818.0,0.03810185348146911,46,7626.0,0.026997436305014888,27,1914.0,0.10908568576441156,50,4066.0,0.007886826082474315,35,4779.0,0.02460082483006314,33,4631.0,0.03351966398126025,32,4758.0,6.600365045969976e-06,-11.633,349,349,46333.0
265.0,336,30910.0,77.66331658291458,0.858254175706353,46,8147.0,0.0,44,6780.0,0.04189798073388776,35,3993.0,0.03097589693445914,44,7852.0,0.033394946594276505,23,1951.0,0.1880044858352628,46,4160.0,0.022984046691820748,35,4960.0,0.039354059761238784,34,4613.0,0.037030178932508886,29,4736.0,0.0858116105940325,-11.2,336,336,47192.0
270.0,335,31724.0,80.11111111111111,0.7792406500094333,46,8377.0,0.0,41,6864.0,0.04928113599082362,36,4172.0,0.046159062842748205,46,8080.0,0.014640902186509513,23,1977.0,0.14233622138620358,46,4326.0,0.00829206325687006,37,5141.0,0.04825476062743548,34,4785.0,0.09601958676717344,26,4869.0,0.0847885637590539,-11.167,335,335,48591.0
275.0,339,31949.0,81.08883248730965,0.5291902192873131,41,8201.0,0.013387209709828611,43,7075.0,0.0544781948011369,38,4358.0,0.0003489698299391598,46,8306.0,0.03923711700544277,26,2077.0,0.0007689125211556713,50,4569.0,7.16842512571603e-05,33,5275.0,0.055161264591628276,37,4963.0,0.05958922319495396,25,4995.0,0.04495781869287511,-11.3,339,339,49819.0
280.0,343,32039.0,81.73214285714286,0.3963147132651213,34,8003.0,0.016591881465825242,43,7165.0,0.05256373653087732,39,4553.0,3.6347797406998766e-07,50,8548.0,0.006813503176481658,27,2214.0,0.014915424380212735,47,4742.0,0.00550965624836878,28,4984.0,0.06073035930850392,43,5170.0,0.03869705477652466,32,5138.0,0.00170390401220166,-11.433,343,343,50517.0
285.0,338,31274.0,79.78061224489795,0.4881138417016594,29,7738.0,0.02036221348472454,41,7112.0,0.04378380677580769,39,4748.0,0.0,55,8816.0,0.0049673665025185155,21,2039.0,0.0850965731216834,47,4862.0,0.0,25,4897.0,0.05350570744961356,47,5399.0,0.004906979285474263,34,5306.0,5.8332406042237685e-05,-11.267,338,338,50917.0
290.0,325,29635.0,75.59948979591837,0.6910286177574142,30,7878.0,0.01621630730988851,38,7206.0,0.03091876672561447,39,4945.0,0.019307270604819734,58,8926.0,0.034097208581251336,11,1557.0,0.1841210835560007,45,5014.0,0.004254708184536957,22,5014.0,0.053336146458833174,48,5472.0,0.007446417776037188,34,5476.0,5.301762913758164e-07,-10.833,325,325,51488.0
295.0,318,28404.0,72.83076923076923,0.8312172006547901,30,7863.0,0.03465387211248559,39,7200.0,0.0383546235030591,40,5144.0,0.06332329561806488,51,8641.0,0.025641951346608197,8,1472.0,0.11631340386010929,45,5179.0,0.0,25,5136.0,0.05404363881452676,46,5459.0,0.04150474589577441,34,5648.0,0.039767089343525325,-10.6,318,318,51742.0
300.0,335,28084.0,72.56847545219638,0.5697477111633574,33,7865.0,0.032382767605813136,42,7401.0,0.04955629198214681,41,5347.0,0.07271240620329178,47,8883.0,0.02837208491690373,15,1531.0,0.03884673033625133,45,5406.0,0.02165712095001366,29,5273.0,0.017027518576194483,49,5696.0,0.013298216413349617,34,5816.0,0.04563279668802459,-11.167,335,335,53218.0
305.0,346,28547.0,74.34114583333333,0.2026297145389149,36,8039.0,0.025607721979186645,44,7375.0,0.004177337480179424,40,5482.0,0.02472547674097657,45,9115.0,0.02749276453426284,19,1617.0,0.0007029298121285282,45,5631.0,0.005923210328556431,31,5424.0,0.0013045906712522105,51,5948.0,3.294383622840407e-05,35,5989.0,0.00030544263396649113,-11.533,346,346,54620.0
310.0,347,28638.0,74.96858638743456,0.24566707944491079,39,8231.0,0.002923006938419028,44,7593.0,0.006088614467076984,41,5617.0,0.01196621612434536,45,9173.0,0.025679914740047532,19,1712.0,1.2199369405733917e-06,46,5860.0,1.2757138841012733e-06,34,5591.0,7.431150864991319e-05,48,6081.0,0.00507103805731811,31,6119.0,0.03207688442147819,-11.567,347,347,55977.0
315.0,346,29106.0,77.20424403183024,0.35868928731171335,38,8277.0,0.0123492897106939,42,7811.0,0.012946416443940753,40,5815.0,0.005739497260206874,48,9101.0,0.023679814941582715,19,1807.0,0.0,46,6090.0,0.0,35,5764.0,0.00022275028874631824,46,6219.0,0.021196718002878062,32,6218.0,0.052208898531963574,-11.533,346,346,57102.0
320.0,337,29528.0,78.74133333333333,0.5031241850438884,33,7991.0,0.029600727640599657,39,7827.0,0.041427260316505066,40,6011.0,0.0,50,9348.0,0.025500380773591857,19,1902.0,0.0,46,6320.0,0.0,35,5939.0,0.010377075226512189,43,6293.0,0.015789624366756648,32,6378.0,0.045045935801592954,-11.233,337,337,58009.0
325.0,334,30068.0,80.82795698924731,0.5210933447875362,31,8148.0,0.03541962820441373,36,7710.0,0.06655339506122906,40,6211.0,0.01995031088043619,53,9591.0,0.015760283364970096,19,1999.0,0.046701780093072645,46,6550.0,0.0,35,6114.0,0.026261353916566216,40,6494.0,0.009353658448634974,34,6545.0,0.009319986467850145,-11.133,334,334,59362.0
330.0,324,30758.0,82.90566037735849,0.5839588312670594,30,8299.0,0.028841660334510702,35,7635.0,0.07269411998943401,39,6391.0,0.023232482246550994,52,9578.0,0.007650990651943687,13,1938.0,0.12363275741975924,46,6782.0,0.008814567855759932,35,6289.0,0.0,40,6692.0,0.006614426846517622,34,6715.0,0.027376357285405512,-10.8,324,324,60319.0
335.0,332,31912.0,86.01617250673854,0.5942770091222608,32,8452.0,0.021924098274774855,35,7693.0,0.07214126517602983,41,6596.0,0.05266422346864113,51,9835.0,0.007338224321227724,13,1739.0,0.14543790461485864,46,7012.0,0.029311430228454186,35,6466.0,0.00023640178521901797,44,6903.0,0.000693288184071144,35,6886.0,0.00014483905139484846,-11.067,332,332,61582.0
340.0,335,33208.0,89.99457994579946,0.41656219623118124,34,8618.0,0.00905883770962781,36,7636.0,0.051834304702342446,42,6802.0,0.02217373929240488,48,9863.0,0.015558732910973275,13,1800.0,0.07307020125609161,46,7240.0,0.03025767623932696,36,6646.0,0.0,45,7127.0,1.2242522100739892e-05,35,7061.0,0.0,-11.167,335,335,62793.0
345.0,342,34489.0,93.97547683923706,0.26836087926652713,38,8802.0,0.002070859544880961,40,7830.0,0.018860094037641374,44,7018.0,4.190345805012107e-05,43,9882.0,0.021031854593230256,13,1865.0,0.0,48,7476.0,0.032809905869624116,36,6826.0,0.0,45,7352.0,3.0763988263534275e-07,35,7236.0,0.0,-11.4,342,342,64287.0
350.0,348,35614.0,97.30601092896175,0.18082790622280104,39,8770.0,0.006357325894513402,43,8038.0,7.489659881385063e-05,44,7238.0,0.0,45,10098.0,0.025808228574599124,13,1930.0,0.0,48,7716.0,0.012080059319742077,36,7006.0,0.0,45,7577.0,0.0,35,7411.0,0.0,-11.6,348,348,65784.0
355.0,350,37262.0,101.80874316939891,0.15313625826054775,40,8969.0,4.61293382722235e-06,40,8162.0,0.007783174096709351,44,7460.0,0.006935808695421234,48,10332.0,0.016900024424584378,12,1910.0,0.0,50,7962.0,0.006684913711193162,36,7186.0,0.0,45,7802.0,0.0,35,7586.0,0.0,-11.667,350,350,67369.0
360.0,353,38740.0,106.72176308539945,0.13063729871430144,40,9169.0,4.192451495530293e-07,39,8282.0,0.0073566046498785165,44,7680.0,0.019391814546302313,55,10593.0,0.001933472568656305,12,1970.0,0.0,50,8212.0,0.015174821894763029,36,7366.0,1.9343787006943494e-07,42,7743.0,0.005349810217292542,35,7761.0,0.0,-11.767,353,353,68776.0
365.0,346,39649.0,109.22589531680441,0.24622154344160252,40,9369.0,0.0,39,8470.0,0.0,44,7900.0,0.005795206671174607,58,10878.0,0.00015998906977709342,6,1641.0,0.2075178985306755,51,8463.0,8.03593021318389e-05,36,7546.0,0.0,37,7396.0,0.028328455805536647,35,7936.0,0.0,-11.533,346,346,69599.0
370.0,333,40426.0,111.366391184573,0.4593603478869192,37,9295.0,0.008005232156005153,39,8667.0,0.02186332955019851,43,8095.0,0.006174101229899389,58,11172.0,0.022234168647805724,0,756.0,0.560090149784646,51,8718.0,0.0,36,7726.0,0.0,34,7573.0,0.04878976457536359,35,8111.0,0.0,-11.1,333,333,70113.0
375.0,328,41320.0,113.82920110192838,0.5203170412538127,32,8936.0,0.032671937279117005,37,8298.0,0.048168002732904905,43,8282.0,0.0,61,11469.0,3.322550245452171e-05,1,755.0,0.21725080755602902,51,8973.0,0.007595308696914633,36,7906.0,0.0,32,7740.0,0.08667634576096103,35,8286.0,0.0,-10.933,328,328,70645.0
380.0,322,42283.0,117.12742382271468,0.543019366746229,27,8566.0,0.047422175123544894,31,7905.0,0.05994795692306483,43,8497.0,0.0,61,11774.0,0.0012223080881571655,5,778.0,0.23710218196450902,51,9228.0,0.0110993174117733,36,8086.0,0.0,33,7640.0,0.05041123336567706,35,8461.0,0.0,-10.733,322,322,70935.0
385.0,318,43380.0,120.5,0.6153798792261169,24,8690.0,0.058685706716796,28,7903.0,0.09682393139715392,43,8712.0,0.0,62,12083.0,1.4049775450607193e-07,5,807.0,0.4195667342633045,52,9487.0,0.0,36,8266.0,0.0,33,7291.0,0.028293971877436996,35,8636.0,0.02207132222956664,-10.6,318,318,71875.0
390.0,310,43988.0,122.87150837988827,0.5858800588283838,27,8818.0,0.0616394802910329,23,7848.0,0.08370891996361603,43,8927.0,0.020911108724503136,57,11921.0,0.01008890281273273,5,832.0,0.40664988386085305,52,9747.0,0.0,33,8121.0,0.01041417696853258,34,7463.0,0.03483001960078046,36,8812.0,0.00011171323298461983,-10.333,310,310,72489.0
395.0,305,43914.0,124.05084745762711,0.5840452752478261,30,8963.0,0.044310774084948414,23,7815.0,0.07283324586362758,40,8857.0,0.02642979752754452,52,11783.0,0.03506862956921088,8,862.0,0.276455484403506,52,10007.0,0.0,28,7649.0,0.04193490474241223,36,7637.0,0.04016557811799791,36,8992.0,0.0,-10.167,305,305,72565.0
400.0,306,44784.0,126.86685552407933,0.4505998084599072,34,9126.0,0.02722251585712462,23,7619.0,0.04279011466476219,40,8504.0,0.0,51,12040.0,0.02961782209853305,10,906.0,0.161131502266291,52,10267.0,0.014113534772762917,24,7466.0,0.052800822945346666,36,7562.0,0.03135023555229642,36,9172.0,0.0,-10.2,306,306,72662.0
405.0,305,45681.0,129.7755681818182,0.624928301400052,36,9302.0,0.00014136079756874956,26,7129.0,0.03476388853392998,40,8704.0,0.0,53,12301.0,0.0200183753217353,6,576.0,0.27052268957534314,52,10527.0,0.03605473995380954,23,7582.0,0.05405848275022454,35,7235.0,0.05124304995206612,34,9266.0,0.028489078155156666,-10.167,305,305,72622.0
410.0,309,46961.0,134.1742857142857,0.5240371450242335,36,9482.0,1.334696502757471e-06,24,7257.0,0.04168664048211477,40,8904.0,0.0,54,12530.0,0.017020553278985256,9,101.0,0.2331674708769998,53,10788.0,0.007237968083730339,25,7700.0,0.04249547963189261,32,7381.0,0.09648795814686618,36,9370.0,6.6383202777365e-05,-10.3,309,309,73513.0
415.0,311,47334.0,135.62750716332377,0.3406974035494557,33,9372.0,0.00837276070252831,25,7379.0,0.04699271838245023,40,9104.0,0.0,55,12480.0,0.012295015340841903,6,95.0,0.0701882296062403,54,11057.0,0.0,29,7838.0,0.006698630043281173,33,7520.0,0.06876747049003633,36,9552.0,0.001120744543023932,-10.367,311,311,74397.0
420.0,302,47021.0,135.50720461095102,0.6090959111624172,28,8961.0,0.062364000442583264,24,7419.0,0.08025504528364052,40,9304.0,0.0,53,12094.0,0.031150412611788865,2,67.0,0.1720293112517028,54,11329.0,0.018175728373344607,32,7994.0,0.00011274913961381418,33,7439.0,0.03478278925460009,36,9732.0,0.027339044933503143,-10.067,302,302,74339.0
425.0,302,46802.0,135.26589595375722,0.514743060228349,27,9099.0,0.03501311264584838,25,7439.0,0.06601036713112024,41,9508.0,0.00013260786410150826,50,12027.0,0.02889055805771822,3,80.0,0.2993453379858143,55,11600.0,0.010318145378990387,32,8154.0,3.3039818008147602e-06,33,7319.0,0.031147002190869334,36,9921.0,0.05696318277408574,-10.067,302,302,75147.0
430.0,309,47067.0,136.42608695652174,0.4420350410664314,27,9236.0,0.0330583025194475,28,7575.0,0.024001282626613243,41,9713.0,0.0,50,12277.0,0.027961934877521848,7,107.0,0.38812005761126467,56,11877.0,4.166842232868649e-05,32,8314.0,3.3061180389404925e-07,31,7478.0,0.030692076073994788,37,10101.0,0.043299293384837165,-10.3,309,309,76678.0
435.0,311,46748.0,135.8953488372093,0.30510795691135384,30,9380.0,0.0126999427682916,31,7724.0,0.0008708912930751431,41,9918.0,0.0,49,12194.0,0.03287334839008806,7,144.0,0.18817635748627323,56,12157.0,0.016089095457911203,26,7781.0,0.021563100481312825,34,7643.0,0.007359544222265659,37,10284.0,0.02580931384445302,-10.367,311,311,77225.0
440.0,314,47010.0,137.85923753665688,0.2397168133038582,34,9542.0,0.026702132015524127,32,7883.0,2.3863833008732314e-06,41,10123.0,0.0,47,11774.0,0.03786083140578269,10,189.0,0.11730844124141598,56,12437.0,0.0010349146285295757,19,7173.0,0.029558912048987727,38,7825.0,0.00015977587807202562,37,10465.0,0.0,-10.467,314,314,77411.0
445.0,308,46935.0,137.63929618768327,0.446193697017339,34,9417.0,0.02456020088274247,32,8045.0,0.01089321222752588,41,10328.0,0.0,47,11364.0,0.05690381220498549,10,239.0,0.12830317174013553,57,12721.0,1.3164790212934305e-06,12,6574.0,0.0610909506026435,38,8017.0,0.04693695729582688,37,10650.0,0.0,-10.267,308,308,77355.0
450.0,300,47567.0,139.4926686217009,0.42346155704430466,30,8992.0,0.026880086942401824,32,8205.0,0.05849563352330459,41,10533.0,0.0,47,11276.0,0.04634484677916041,11,290.0,0.09921946715643683,57,13006.0,0.0,7,6287.0,0.07919857243108636,38,8207.0,0.03894753624445021,37,10835.0,0.0,-10.0,300,300,77631.0
455.0,307,49002.0,143.70087976539588,0.37064427019214924,27,8571.0,0.052811618743796106,32,8365.0,0.07224551075723276,41,10738.0,0.0,50,11521.0,0.018004764039990254,10,337.0,0.08605633534047732,57,13291.0,0.0,12,6335.0,0.0629227936045915,41,8409.0,0.012348067591495258,37,11020.0,0.0,-10.233,307,307,78587.0
460.0,312,50151.0,147.07038123167155,0.40096260633894715,23,8514.0,0.09297926875964668,34,8533.0,0.070801056944154,41,10943.0,0.0,50,11456.0,0.005706324631487368,10,387.0,1.3952746741870537e-06,57,13576.0,0.026079618052828032,18,6416.0,0.008533115963334108,42,8615.0,0.022833659657475913,37,11205.0,0.0,-10.4,312,312,79645.0
465.0,314,50370.0,147.7126099706745,0.38145475601719225,25,8632.0,0.07554864252538769,33,8350.0,0.034325219284527184,41,11148.0,0.0,47,10916.0,0.021833547957858832,10,437.0,0.06616668533951447,58,13864.0,0.0006603042349817194,25,6535.0,0.053473141754224164,38,8501.0,0.0216796354779653,37,11390.0,0.0,-10.467,314,314,79773.0
470.0,297,49270.0,144.4868035190616,0.4706748833945096,27,8763.0,0.017786288008850213,31,8512.0,0.025770658462836632,38,10960.0,0.006851143747806508,40,10778.0,0.03115147421116679,10,489.0,0.15538681645632071,59,14158.0,3.335168182395307e-06,22,6311.0,0.06942143143914545,33,8410.0,0.020946841804922352,37,11575.0,0.0,-9.9,297,297,79956.0
475.0,285,47615.0,139.63343108504398,0.6839875691102562,30,8910.0,0.030490672681991994,31,8671.0,0.03685735060204083,33,10373.0,0.028046882466408418,33,10291.0,0.04798608391287539,10,541.0,0.20481380502864355,59,14453.0,0.0,20,5751.0,0.0909657504177095,32,8572.0,0.052086103973413914,37,11760.0,0.0,-9.5,285,285,79322.0
480.0,289,47510.0,139.73529411764707,0.6694704389886738,29,8975.0,0.06729913464235421,34,8839.0,0.01866689198980275,30,10527.0,0.03575326048058097,35,9809.0,0.050711660418139036,12,597.0,0.1895149120074221,59,14748.0,0.0,17,5206.0,0.09298691949373622,36,8739.0,0.04780604033417097,37,11945.0,0.0,-9.633,289,289,79385.0
485.0,297,47730.0,141.2130177514793,0.4049795041595747,24,8965.0,0.04309093969926729,38,9022.0,0.040476318653822105,30,10674.0,0.03505523697653318,40,9999.0,0.002687520943534369,11,646.0,0.13866378827874698,59,15043.0,0.0,18,5293.0,0.050021927702013455,40,8930.0,0.026128536116610875,37,12130.0,0.0,-9.9,297,297,80702.0
490.0,310,48113.0,142.76854599406528,0.41872239597564215,25,9086.0,0.043102313679942834,42,9220.0,0.025943085310402084,32,10826.0,0.02407895345245989,46,10219.0,0.00017704759001570963,11,701.0,0.08247568100495335,56,15077.0,0.04006109201038009,21,5392.0,0.0015045663235560675,40,8942.0,0.05104388078988828,37,12315.0,0.0,-10.333,310,310,81778.0
495.0,303,48045.0,142.56676557863503,0.4586142143236517,28,9223.0,0.0034153883545468703,44,9435.0,1.758512152795895e-05,37,11001.0,0.008225233167985398,43,10113.0,0.008824436743252914,7,571.0,0.11303216208244199,53,14849.0,0.02844037083941083,19,5443.0,0.015733703016597513,35,8807.0,0.046678660005072765,37,12502.0,0.025006339486632327,-10.1,303,303,81944.0
500.0,302,48952.0,145.25816023738872,0.5797971987444973,30,9373.0,0.05919148916274083,44,9655.0,0.011457603733011528,39,11189.0,0.0052426822081745135,43,9990.0,0.03727950509051881,8,496.0,0.15908882845322017,53,15108.0,0.019707181071712918,14,4752.0,0.0568262961766933,33,8973.0,0.029925573766589844,38,12692.0,0.0483051791642088,-10.067,302,302,82228.0
505.0,298,49489.0,146.85163204747775,0.5873020371636611,29,9303.0,0.0353131221832673,45,9876.0,0.017114701634225227,39,11384.0,0.02402988420082878,43,10204.0,0.058271611789070296,4,411.0,0.24854561673669742,57,15383.0,0.007809230343316824,11,4810.0,0.05950640514383585,32,9132.0,0.028483300213084185,38,12882.0,0.0,-9.933,298,298,83385.0
510.0,295,49133.0,146.22916666666666,0.5813411409637406,25,8192.0,0.03592309398131799,42,10051.0,0.028913532825190495,39,11579.0,1.7779757833436093e-07,45,10428.0,0.04122380268975832,2,246.0,0.19141262127798306,59,15671.0,0.00033175529164005004,10,4863.0,0.06376380500384418,35,9304.0,0.07082115575612886,38,13072.0,0.0,-9.833,295,295,83406.0
515.0,299,49584.0,148.9009009009009,0.4189120479527033,19,7869.0,0.0402822789064607,42,10210.0,0.009169304233592579,39,11774.0,0.023336478030909425,49,10664.0,0.018409795208136574,3,244.0,0.01814612508536965,60,15970.0,9.506406543080987e-06,10,4747.0,0.06934603452755733,39,9492.0,0.01862310637781144,38,13262.0,0.0,-9.967,299,299,84232.0
520.0,291,48767.0,146.44744744744744,0.627829448330555,14,7851.0,0.05858712733706874,42,10418.0,0.04671785865144202,36,11549.0,0.030959955570667847,47,10471.0,0.027045187071360485,5,268.0,1.1995707156329177e-05,57,15887.0,0.004445808440368683,11,4489.0,0.0782875066610841,41,9394.0,0.03420417949078148,38,13452.0,0.0,-9.7,291,291,83779.0
525.0,274,46980.0,141.93353474320242,0.7926074525937453,12,7517.0,0.06216142498803045,42,10630.0,0.06681975276401379,32,10912.0,0.03837178013962485,42,9442.0,0.017612060922000235,5,295.0,0.24610521110672706,54,15790.0,0.016128161149892607,12,4156.0,0.11581793003070634,37,8984.0,0.04205870597496555,38,13642.0,0.0,-9.133,274,274,81368.0
530.0,252,43372.0,131.43030303030304,0.8989947264214956,15,7591.0,0.036764305127447966,42,10378.0,0.02570558803923473,30,11063.0,0.032624491417745156,32,8955.0,0.08286029258019302,3,297.0,0.3421360525373198,52,16052.0,0.01502439389455802,8,3427.0,0.2558561471295024,32,8876.0,0.06018948693478661,38,13832.0,0.0,-8.4,252,252,80471.0
535.0,239,37773.0,115.16158536585365,0.9747916292609544,20,7288.0,0.08802000539685143,41,10586.0,0.028803499376160335,28,11209.0,0.03384871965696684,22,7824.0,0.14178398774653814,3,295.0,0.18396146432008667,51,16306.0,0.01629479309766391,6,3462.0,0.16560916853497193,30,8142.0,0.04193320361741613,38,14022.0,0.0,-7.967,239,239,79134.0
540.0,232,33244.0,101.66360856269114,1.0166691471343727,18,6495.0,0.11179328730473967,39,10784.0,0.008602294344900539,28,10949.0,0.031420450405621005,18,7507.0,0.10812114386396497,5,317.0,0.2693369893258441,50,16175.0,0.02193474004715288,10,3507.0,0.12187600545529283,30,8288.0,0.031177464824310518,34,13333.0,0.006610537485683973,-7.733,232,232,77355.0
545.0,228,29930.0,91.80981595092024,1.0296925015301783,17,5614.0,0.07191005546652131,35,10959.0,0.021746159368282714,27,10684.0,0.02083788549325468,21,6804.0,0.10249844207801208,5,344.0,0.43714112636595315,48,15727.0,0.02810541219702423,14,3569.0,0.05603280021050448,31,8441.0,0.030925492407016558,30,13489.0,0.02281283460895788,-7.6,228,228,75631.0
550.0,228,27605.0,84.93846153846154,1.1046427701157482,14,5687.0,0.07032175884523319,38,11122.0,0.02893576520091149,27,10819.0,0.06797704483131327,22,6508.0,0.06668488628834464,6,370.0,0.4176947926235861,48,15624.0,0.03984630223730969,16,3646.0,0.0849097693846003,34,8603.0,0.03044419824016064,23,12634.0,0.045454726637805865,-7.6,228,228,75013.0
555.0,236,26251.0,81.5248447204969,0.8826654034410231,14,5753.0,0.07468679952970522,40,10836.0,0.02425884503729964,28,10954.0,0.0701759892442942,29,6641.0,0.059727362198386556,5,378.0,0.18139507095765325,47,15859.0,0.04387774523620916,20,3739.0,0.00022986289611070295,37,8782.0,0.044810753483732826,16,12293.0,0.058740988860705695,-7.867,236,236,75235.0
560.0,242,24681.0,77.85804416403785,0.7978308816360946,18,5838.0,0.05244792492140928,37,10069.0,0.023897875250056187,31,11101.0,0.016868105426617607,32,6160.0,0.05385725988871382,7,394.0,0.04804439083611085,48,15801.0,0.06593340182113544,20,3839.0,2.0421815279522545e-06,37,8758.0,0.040722247476977315,12,11493.0,0.08780660094334763,-8.067,242,242,73453.0
565.0,232,23085.0,73.51910828025478,0.9703877820020999,17,5438.0,0.05769181324905142,35,10247.0,0.04849315284855263,34,11265.0,0.026819519762712556,28,5265.0,0.06254753574848988,8,434.0,0.08495791924669194,44,15139.0,0.07288239127873869,20,3941.0,0.0754743249862264,35,8603.0,0.033298921096917566,11,10714.0,0.11324772384229956,-7.733,232,232,71046.0
570.0,218,20617.0,66.0801282051282,1.2389612615729768,17,4560.0,0.05629840725185258,34,10414.0,0.06764038517872371,37,11445.0,0.037353164950181865,21,4987.0,0.09466237522142934,8,476.0,0.2734196580696637,41,13951.0,0.07032854338248484,20,4039.0,0.05618551367992277,27,8170.0,0.058647043993058694,13,9904.0,0.1419202098872849,-7.267,218,218,67946.0
575.0,206,18366.0,59.43689320388349,1.4455547535020856,16,4162.0,0.06739917887910399,34,10104.0,0.038228055509835955,39,11638.0,0.008489607804855283,20,4351.0,0.10199616042525761,5,372.0,0.30191969202685165,37,13458.0,0.10169533080894626,18,4052.0,0.14742330303592907,21,7370.0,0.09329834291041121,16,9090.0,0.14036508779966575,-6.867,206,206,64597.0
580.0,209,16747.0,54.37337662337662,1.0627281688825916,15,4238.0,0.06620928714825959,33,9789.0,0.011020523266934446,40,11838.0,0.019481668101302887,20,3975.0,0.0831475455168564,7,133.0,0.2634961859433323,33,12992.0,0.06335875299121133,16,4019.0,0.09411032451820296,22,7358.0,0.08279620831786869,23,9191.0,0.038520907354715674,-6.967,209,209,63533.0
585.0,206,15991.0,52.25816993464052,1.384793859887752,17,4321.0,0.13373948525373677,32,9952.0,0.022348457561906503,40,12038.0,0.014635173559965088,15,3213.0,0.10140877560433949,9,176.0,0.31456191404718925,32,12772.0,0.06854597521000767,16,4026.0,0.1587667681899636,18,7240.0,0.14318926824241027,27,9321.0,0.00044843639281637695,-6.867,206,206,63059.0
590.0,199,14438.0,47.49342105263158,1.340688500908218,18,4260.0,0.11243859411405205,34,10118.0,0.011955606762654931,41,12244.0,0.022415741706394328,18,3294.0,0.08850929360843778,9,221.0,0.28341391142302425,28,11850.0,0.06257104226928228,13,3587.0,0.1727078844586735,15,6778.0,0.1467541202986815,23,8415.0,0.021497154829719582,-6.633,199,199,60767.0
595.0,204,12158.0,40.12541254125413,1.3554943525397347,17,4140.0,0.11680742130082823,34,9823.0,0.04235629169063381,38,11631.0,0.0232179772087633,27,3412.0,0.08248519272217203,12,278.0,0.2007583049316605,31,11996.0,0.05701260505287889,11,2810.0,0.10594455922810149,17,6470.0,0.1211764331131188,17,8172.0,0.08591988144353632,-6.8,204,204,58732.0
600.0,196,10095.0,33.65,1.3492295410815576,13,4053.0,0.09185148080781506,32,8587.0,0.08292631109578719,34,11423.0,0.02285052983247219,28,3300.0,0.0774248699079012,15,350.0,0.09159511288994424,34,12162.0,0.07708157641983887,9,2060.0,0.11194974510626937,21,6461.0,0.07407566860206921,10,7640.0,0.07451615534992131,-6.533,196,196,56036.0
605.0,195,8965.0,30.083892617449663,1.7136530009829147,14,3974.0,0.10298035450934413,31,8742.0,0.09794841214279976,31,11583.0,0.029491680522974108,30,2998.0,0.08725271983161262,18,439.0,0.2083626969511693,36,11796.0,0.0779449552879688,4,2072.0,0.2110259920545701,23,6406.0,0.041262047850998386,8,7227.0,0.18025062722239948,-6.5,195,195,55237.0
610.0,198,8271.0,28.422680412371133,1.5122854388101545,14,3941.0,0.06296775760130227,30,8895.0,0.09355522654448412,30,11739.0,0.03268838606276185,27,3084.0,0.07016922856226243,18,529.0,0.2088113948792019,37,11488.0,0.04055551798857231,4,2061.0,0.2648554968281946,23,6366.0,0.12331797677826731,15,7294.0,0.14134127748883432,-6.6,198,198,55397.0
615.0,211,8904.0,30.80968858131488,1.324056809102287,11,3493.0,0.0318679735611087,29,8510.0,0.10738761223301095,33,11901.0,0.07210562269141395,30,3227.0,0.03026551809559158,20,625.0,0.15229090762612113,36,10881.0,0.05897242750726369,8,2095.0,0.08934889726194031,24,6370.0,0.12674187261911596,20,7383.0,0.10287959955409799,-7.033,211,211,54485.0
620.0,218,9205.0,32.29824561403509,1.0918228769585567,9,2534.0,0.12846940600470005,26,7650.0,0.07507333243077512,37,12079.0,0.03139119914191724,27,2908.0,0.06700922574120315,19,612.0,0.06957168848439849,36,10352.0,0.04263103697720445,14,2151.0,0.001894669835323488,24,6487.0,0.07448302968605229,26,7503.0,0.1240211016087568,-7.267,218,218,52276.0
625.0,215,9539.0,34.06785714285714,1.1472736732274558,8,2576.0,0.14627303096986033,30,7326.0,0.06322405216531976,42,12279.0,0.000987651545420616,22,2179.0,0.1392806823274321,18,562.0,0.09155107370740985,34,9998.0,0.026320694767927432,12,2209.0,0.10834254788321153,22,6266.0,0.046967654685152724,27,7637.0,0.06203171323362774,-7.167,215,215,51032.0
630.0,215,10204.0,36.70503597122302,1.4275265582044463,7,2611.0,0.1729834564392074,32,7484.0,0.07967825250365261,44,12499.0,2.3593203510551e-05,20,1405.0,0.1472288215205959,20,620.0,0.08550619121793529,33,10162.0,0.0200517668212103,12,2255.0,0.22191927468189482,18,5744.0,0.16470395872067903,29,7780.0,0.03164995012903895,-7.167,215,215,50560.0
635.0,212,10312.0,37.49818181818182,1.2772255710023095,9,2142.0,0.12012017247585176,35,7653.0,0.035539132053082914,38,12163.0,0.013165155548761758,19,1300.0,0.11638740002303107,20,720.0,0.045005823704315356,35,10332.0,0.020599468952464277,10,1885.0,0.23826230418632713,17,5314.0,0.20766743638757162,29,7925.0,0.009878262746036126,-7.067,212,212,49434.0
640.0,192,9278.0,34.23616236162361,1.4806900661724507,7,1172.0,0.17980988684796226,34,7584.0,0.03500744227701408,32,11313.0,0.04561574587254507,18,1152.0,0.15089093162207584,21,823.0,0.0005198773205289756,30,10087.0,0.03532076873039162,5,1150.0,0.27963089058874535,15,4881.0,0.11155087189669434,30,8074.0,1.1451215287429644e-05,-6.4,192,192,46236.0
645.0,163,7750.0,29.13533834586466,1.7013272996562734,1,631.0,0.30896439096917366,31,7487.0,0.036756838467941325,26,10586.0,0.08649132182301243,15,1054.0,0.1623082360030249,16,768.0,0.14521551629773755,28,9850.0,0.04003887257186095,1,802.0,0.3046057484032619,15,3956.0,0.050501624967185604,30,8224.0,0.0,-5.433,163,163,43358.0
650.0,154,6324.0,23.954545454545453,2.1597354264674538,3,563.0,0.3274609247482195,31,7646.0,0.11167645368932008,20,9943.0,0.1248506007533234,19,1029.0,0.12170677616058202,7,535.0,0.25085192489032637,30,9994.0,0.0737851433865247,5,825.0,0.10871183271660975,13,4000.0,0.07514278661259119,26,7791.0,0.010405479841436567,-5.133,154,154,42326.0
655.0,157,6023.0,23.254826254826256,1.8033587377054103,8,593.0,0.16186102196349939,32,7802.0,0.11301283212433894,17,9563.0,0.11620521270409123,20,1023.0,0.08791969174428704,7,513.0,0.1786224868221336,35,10154.0,0.030860943000929855,5,495.0,0.07720128407640507,11,4055.0,0.069010502745623,22,7910.0,0.07459861307853712,-5.233,157,157,42108.0
660.0,169,6251.0,24.61023622047244,1.3722603890338898,14,655.0,0.015910279513124164,38,7976.0,0.012350209749026784,15,9641.0,0.08422175114208358,18,969.0,0.10947992349865453,15,571.0,0.08307306934219007,36,9955.0,0.016538062974567426,2,291.0,0.3047321121572868,13,4115.0,0.06764092565557835,18,6885.0,0.07421157348120581,-5.633,169,169,41058.0
665.0,166,6501.0,26.213709677419356,1.2473626618249316,16,735.0,0.011900554487846179,37,7710.0,0.017095895725072304,18,9726.0,0.0639806550098106,16,1053.0,0.14482775108730694,14,530.0,0.15756113015666043,33,9383.0,0.03382788178783227,1,164.0,0.4389598531574456,16,4191.0,0.01879520623045702,15,6959.0,0.061354303762409454,-5.533,166,166,40451.0
670.0,167,7008.0,28.48780487804878,1.3705026661029154,12,785.0,0.13968828761905097,33,6832.0,0.10211684156627963,25,9837.0,0.026546190193804473,17,1133.0,0.1432322638711381,8,403.0,0.23915994697596835,32,9539.0,0.0641752474602891,3,174.0,0.05524865917235588,20,4283.0,0.002961624078705752,17,7038.0,0.03912772472779995,-5.567,167,167,40024.0
675.0,176,7216.0,30.066666666666666,1.063329683769885,11,809.0,0.10197014511333398,32,6749.0,0.12632076038996168,32,9983.0,0.014468163135560985,17,1081.0,0.0746638386047612,6,231.0,0.21095143115715473,35,9707.0,0.02485807296864115,7,205.0,0.0017166896367710616,22,4390.0,7.829907955596471e-05,14,6747.0,0.05866180916347728,-5.867,176,176,39902.0
680.0,181,7141.0,30.130801687763714,1.2937705049066812,15,874.0,0.190232984233573,31,6674.0,0.07191194127164889,35,10157.0,0.03059983853087382,16,968.0,0.11261954288628034,11,215.0,0.09647796798102275,34,9487.0,0.05933744113901054,5,197.0,0.03332460223084932,22,4502.0,0.07914479757383507,12,6086.0,0.08064246692639267,-6.033,181,181,39160.0
685.0,174,7264.0,31.175965665236053,1.4706283431736935,12,629.0,0.22790784291742117,35,6839.0,0.020103371155157982,37,10342.0,0.00849799626751537,14,955.0,0.08363429191218064,8,220.0,0.19596785455962262,28,8912.0,0.11358822197875622,5,209.0,0.0,22,4614.0,0.11334779706483944,13,6145.0,0.12545039561865587,-5.8,174,174,38865.0
690.0,160,7491.0,32.56956521739131,1.375639096379646,8,496.0,0.12933142308887505,28,6735.0,0.039748913021293596,37,10525.0,0.01270729255566691,12,855.0,0.18139256380024218,9,238.0,0.21438141863319618,24,8414.0,0.08571422338287742,5,234.0,0.0,18,4628.0,0.08193592393285941,19,6232.0,0.05185469808831636,-5.333,160,160,38357.0
695.0,157,7779.0,34.11842105263158,1.829475670306126,9,540.0,0.1470222908160069,29,6731.0,0.04376240915682725,37,10710.0,0.045701564812363316,9,755.0,0.26584596182898207,6,235.0,0.4307219170799842,23,7982.0,0.0856138219350235,5,261.0,0.06982859621602179,16,4558.0,0.11801580927214482,23,6341.0,0.0006159096573696849,-5.233,157,157,38113.0
700.0,160,8331.0,37.026666666666664,1.9976504975697218,11,586.0,0.13544267877498398,33,6846.0,0.02862670109027938,37,10895.0,0.04118030588407985,8,695.0,0.22968896553229867,6,258.0,0.5104741756455775,23,7925.0,0.1500760468035031,5,286.0,0.2087177996674805,16,4409.0,0.04328453365520639,21,6234.0,0.08181556077215728,-5.333,160,160,38134.0
705.0,168,9104.0,41.009009009009006,1.5947802718282826,14,652.0,0.16317142760561415,34,7008.0,0.02749453200244262,37,11080.0,0.019792324334572387,12,686.0,0.15164217578863723,7,290.0,0.33748494526431483,26,8052.0,0.12248500860881888,5,309.0,0.24751485789839012,16,4481.0,0.044771311193795925,17,5996.0,0.0988919366463281,-5.6,168,168,38554.0
710.0,179,9699.0,44.49082568807339,1.2178610819365956,16,729.0,0.15024953782855657,34,7178.0,0.0002460052313794447,37,11265.0,0.0,17,733.0,0.0006172981154516421,12,335.0,0.14276987372415584,28,8193.0,0.14838349602569648,5,334.0,0.2193091963582388,12,3991.0,0.13055017599001983,18,6084.0,0.0876791129321396,-5.967,179,179,38842.0
715.0,180,9710.0,45.16279069767442,0.793846265815882,20,820.0,0.04273286158784427,35,7355.0,0.01088318451802959,37,11450.0,0.019245144245066726,17,818.0,1.1933732452947329e-06,7,242.0,0.21218771664996414,29,7748.0,0.06813966203940414,5,359.0,0.057671977458881626,8,3464.0,0.0631947010495437,22,6187.0,0.024739353556445104,-6.0,180,180,38443.0
720.0,168,9887.0,46.636792452830186,1.2271497858297369,20,920.0,0.03477689924002949,35,7530.0,0.026936492983611823,37,11635.0,0.009863225881667168,17,905.0,0.054370061667392465,2,73.0,0.4308933347713161,25,6728.0,0.05429859727502827,7,394.0,0.2063490749048034,5,2927.0,0.12645243507998755,20,5684.0,0.01065103132764686,-5.6,168,168,36796.0
725.0,160,9682.0,46.54807692307692,1.2046207834395566,20,1019.0,0.0,31,7055.0,0.021179631033074516,37,11820.0,0.02495951489298612,17,990.0,0.13439359447131946,5,86.0,0.294559131081407,22,6839.0,0.05968906810464519,7,429.0,0.24449757716927029,5,2956.0,0.21647534975630617,16,4591.0,0.04434184428253371,-5.333,160,160,35785.0
730.0,159,9112.0,44.23300970873787,0.8424086949974939,20,1121.0,0.045997638285698854,27,6055.0,0.04446163561466916,37,12007.0,0.0027796074695276302,12,937.0,0.10106292031019257,10,128.0,0.17336764487911877,22,6942.0,0.0473938309393847,10,471.0,0.012396108606383465,9,2992.0,0.11216054273705536,12,4659.0,0.06593509619420451,-5.3,159,159,35312.0
735.0,152,8980.0,44.01960784313726,1.072432163133334,20,1223.0,0.126843335413785,23,5589.0,0.06462195251969288,38,12195.0,6.996573938786405e-06,10,788.0,0.17489518014690145,5,133.0,0.2211741055556205,20,6926.0,0.050498286597125165,11,527.0,0.07693017349106668,13,3048.0,0.018942889029324367,12,4717.0,0.05777623668904337,-5.067,152,152,35146.0
740.0,155,9140.0,45.92964824120603,1.2823689358150474,22,1325.0,0.09668511212843874,21,5695.0,0.09424219939207787,38,12387.0,0.03966172124173929,10,742.0,0.19211245952703151,4,99.0,0.24981038539682499,21,6889.0,0.04837463968941323,11,582.0,0.07968331326306989,18,3130.0,0.025255429942160446,10,4181.0,0.06888173382853904,-5.167,155,155,35030.0
745.0,146,9460.0,47.77777777777778,1.4295564095793047,23,1438.0,0.0529036010133284,21,5249.0,0.08558411869132806,39,12579.0,0.024521044194746024,4,617.0,0.31311595466853065,5,114.0,0.3471076834203011,20,6378.0,0.01266847099437394,11,637.0,0.18587118718018042,14,2615.0,0.08939500517671954,9,3063.0,0.08774034683726273,-4.867,146,146,32690.0
750.0,130,7255.0,37.205128205128204,1.8732247810847866,25,1561.0,0.010189866702554297,20,4507.0,0.06735000399553494,34,12126.0,0.015112158974274452,1,331.0,0.333851881123089,5,141.0,0.4882270030079498,16,5310.0,0.044027604626841556,11,697.0,0.2538212288068918,9,2093.0,0.16431696690884276,9,3109.0,0.06860477715479857,-4.333,130,130,29875.0
755.0,129,7061.0,36.776041666666664,1.619852700840119,27,1692.0,0.0011631235812525017,19,4604.0,0.07306296655790304,35,11643.0,0.00238404523700375,1,82.0,0.20933472867759773,5,166.0,0.5676401056827503,10,5120.0,0.0691647116237072,13,759.0,0.14836558791269727,7,2129.0,0.10603949875423638,12,3162.0,0.08352118564348224,-4.3,129,129,29357.0
760.0,137,6890.0,36.455026455026456,1.2260048579301348,28,1832.0,0.0,23,4709.0,0.05887651809641065,32,11161.0,0.02450365283275925,3,93.0,0.001081751478510313,7,193.0,0.3169545988228642,7,4716.0,0.1414290213609012,15,834.0,0.059757975600078624,11,2178.0,0.10582835816037453,11,2667.0,0.11645413112220784,-4.567,137,137,28383.0
765.0,142,6890.0,37.043010752688176,0.8598101882489381,28,1972.0,0.0,24,4580.0,0.04794653922291152,31,10841.0,0.010268668824582047,3,110.0,0.10049383358022185,9,190.0,0.06699278508601413,9,4757.0,0.09971575677204114,16,914.0,0.0,11,2116.0,0.09589716038588647,11,1656.0,0.16672097064866875,-4.733,142,142,27136.0
770.0,130,6035.0,32.62162162162162,1.5089494952555358,22,1918.0,0.03778131827950673,21,4211.0,0.09246451631536642,28,10047.0,0.03015715035779194,1,102.0,0.41290168053069853,11,238.0,0.08246138011175612,16,4823.0,0.14934970384662663,10,783.0,0.1004318217502419,13,1956.0,0.14728309854806632,8,1699.0,0.08178491687666917,-4.333,130,130,25777.0
775.0,126,5366.0,29.483516483516482,2.0091374246361746,18,1682.0,0.12363836176758226,22,4314.0,0.10675955949382374,22,9621.0,0.04819566713395326,1,94.0,0.5921542823157235,10,280.0,0.1351479834397641,21,4919.0,0.14099482453094928,7,492.0,0.1814823185140895,15,1994.0,0.07635496847006176,10,1742.0,0.05234771982123504,-4.2,126,126,25138.0
780.0,110,4297.0,24.00558659217877,1.98048149380964,16,1632.0,0.15885351939445502,24,4430.0,0.12447982004699087,17,8675.0,0.08055005626208575,0,4.0,0.8987671009050652,11,331.0,0.04425020009368691,21,4966.0,0.015870659056336455,3,482.0,0.19477665560610774,10,1583.0,0.037437636211426574,8,1585.0,0.036370700397389204,-3.667,110,110,23688.0
785.0,112,4099.0,23.422857142857143,2.099302831813491,18,1715.0,0.05659556099564596,25,4342.0,0.10797768702668706,17,8759.0,0.06918671277883941,0,4.0,0.4651458213768382,10,383.0,0.18770034160614082,23,5081.0,0.06609501211382397,4,474.0,0.15422857036802787,5,701.0,0.22463556511208962,10,1307.0,0.05603609721477947,-3.733,112,112,22766.0
790.0,114,4305.0,24.884393063583815,1.9814750839512552,21,1816.0,0.040768926617077254,24,4061.0,0.06868072572311928,19,8851.0,0.04603336594843155,0,5.0,0.4821614709861124,10,436.0,0.2829260876689659,23,5196.0,0.10300362240822115,7,506.0,0.09545179733566499,2,718.0,0.26388150019039985,8,813.0,0.042633768896837766,-3.8,114,114,22402.0
795.0,109,4504.0,26.80952380952381,2.0206050962837283,19,1879.0,0.015003519427384024,25,4182.0,0.05549345585947683,23,8476.0,0.033547368976013556,1,11.0,0.5019454169070579,11,489.0,0.3137041529915249,17,4686.0,0.08272883778129268,7,421.0,0.03508551668045291,3,726.0,0.3171707060859801,3,545.0,0.16279100276856912,-3.633,109,109,21415.0
800.0,100,4549.0,27.9079754601227,2.1663545921169107,18,1897.0,0.01034497035834872,29,4320.0,0.05116498989260086,18,6991.0,0.06179994912286351,3,20.0,0.350466984782341,12,549.0,0.22228457390559303,12,3621.0,0.20162655360337634,3,275.0,0.1634523670284528,4,569.0,0.19931630738031292,1,477.0,0.2721567284133284,-3.333,100,100,18719.0
805.0,98,4371.0,26.98148148148148,2.537025386149247,19,1989.0,0.00027985862681928963,25,4092.0,0.06785792534615838,18,6228.0,0.07347569439546259,3,35.0,0.4832291403742476,15,580.0,0.17368586520284468,10,3675.0,0.25588548848032416,0,167.0,0.4858006276232782,3,304.0,0.14717044595877046,5,495.0,0.08937312647686269,-3.267,98,98,17565.0
810.0,94,4153.0,26.28481012658228,2.7381093749532908,19,2084.0,0.0,20,3510.0,0.1106477166754364,18,6318.0,0.08597195547354586,4,50.0,0.5407185211436494,15,653.0,0.17390474371820278,13,3732.0,0.19630167282318656,0,76.0,0.5487426816933881,1,166.0,0.3443836995114032,4,390.0,0.06023015652121839,-3.133,94,94,16979.0
815.0,89,3681.0,24.058823529411764,2.434715434275474,19,2179.0,0.0,16,3456.0,0.08925181850378966,21,6419.0,0.05164168781458335,4,70.0,0.49682330295103205,14,711.0,0.23116871248071016,14,3531.0,0.0656935654493045,0,24.0,0.4768677635118094,1,136.0,0.3984764189756792,0,197.0,0.2587644311617033,-2.967,89,89,16723.0
820.0,94,3343.0,22.286666666666665,2.096919149581224,19,2276.0,0.019167574934479164,15,3371.0,0.06527892248953539,21,6024.0,0.06521132714891939,2,35.0,0.46374403784468665,14,781.0,0.14678140782975171,16,3243.0,0.08307490534849936,2,27.0,0.11508012917030908,4,153.0,0.22918176650369285,1,199.0,0.3208566698408285,-3.133,94,94,16109.0
825.0,103,3633.0,24.22,2.0940559398152074,19,2371.0,0.09501584797678514,17,3398.0,0.1396157947327771,21,5398.0,0.11386948040587475,4,31.0,0.3151577725993972,12,801.0,0.03178153974979548,17,3326.0,0.03556284212504981,3,42.0,0.28313631299906866,6,180.0,0.12777873443356613,4,213.0,0.27375560222235357,-3.433,103,103,15760.0
830.0,116,4070.0,27.687074829931973,1.4381412460113017,19,2466.0,0.10203388462202408,20,3491.0,0.11640927659884862,19,5493.0,0.05823655846641521,7,57.0,0.12446492333131698,13,864.0,1.592329868395128e-06,21,3425.0,0.07160429163106521,4,62.0,0.402703655674372,8,216.0,0.005277660141124501,5,236.0,0.21096159496648234,-3.867,116,116,16310.0
835.0,122,4459.0,30.96527777777778,0.8883751457522346,20,2563.0,0.006047019909703846,26,3604.0,0.03671658355961215,22,5596.0,0.08102550993756039,7,92.0,0.0710261646325585,13,929.0,0.0,14,2898.0,0.11521303017768826,5,81.0,0.14561464743389652,9,249.0,1.6880385286650102e-05,6,262.0,0.0002912841292285337,-4.067,122,122,16274.0
840.0,103,3954.0,27.65034965034965,1.432716775234683,19,2601.0,0.015173557437971668,25,3727.0,0.0364427061627041,21,4960.0,0.0422275061998953,1,70.0,0.08916173001600564,7,774.0,0.12230017856639175,9,1800.0,0.14804832466621676,6,107.0,0.0005788024253604056,9,292.0,0.03611103243377327,6,294.0,0.29435155553393444,-3.433,103,103,14625.0
845.0,99,4006.0,28.411347517730498,2.6718829464073304,18,2682.0,0.1380608245255407,25,3848.0,0.08875109382115648,25,3719.0,0.00029936769716353164,1,18.0,0.0,1,414.0,0.371998750465338,8,1105.0,0.30055446340534553,6,137.0,1.256995805565095e-06,9,337.0,0.15124077475278358,6,324.0,0.5215069297082967,-3.3,99,99,12584.0
850.0,100,4396.0,32.08759124087591,2.3421785053275905,19,2774.0,0.17784317481369138,26,3974.0,0.14680865630685908,25,3844.0,1.8451418340841259e-06,1,23.0,0.0,3,344.0,0.3487903364682571,8,814.0,0.21810633728257517,4,149.0,0.03977615002516054,9,382.0,0.19132196704088242,5,245.0,0.24862904884390105,-3.333,100,100,12549.0
855.0,100,4746.0,35.15555555555556,1.704361318561825,20,2872.0,0.048432105246524804,27,4105.0,0.036876571745732875,22,3716.0,0.011557490365731964,1,28.0,0.0,5,365.0,0.3231577615043232,10,857.0,0.08532858388535436,4,160.0,0.0,9,429.0,0.35037646421084234,2,108.0,0.13677258417491575,-3.333,100,100,12640.0
860.0,92,4322.0,32.25373134328358,1.7223584705905781,20,2657.0,0.01823711366781999,29,4251.0,0.0626451714236181,17,3329.0,0.05422284818154348,1,33.0,0.0,3,296.0,0.27668488389208984,13,916.0,0.0034411465001751877,4,180.0,0.0,4,352.0,0.2910521134509767,1,111.0,0.1621741778768748,-3.067,92,92,12125.0
865.0,88,3770.0,28.778625954198475,2.152860025406688,15,2270.0,0.06054495338326108,29,4394.0,0.048749988869352306,16,3407.0,0.053923582052580125,0,2.0,0.7191855696995268,3,137.0,0.2540874090376014,14,940.0,0.10982615658084074,4,202.0,0.3395609340881562,3,163.0,0.25658187646023267,4,126.0,0.021213016806968747,-2.933,88,88,11641.0
870.0,86,3302.0,26.0,2.534336527906916,11,1902.0,0.17048745347177574,24,4097.0,0.09021454993048725,19,3498.0,0.0054488999763780115,0,2.0,0.831767086608617,4,74.0,0.3302651317630851,14,1010.0,0.12764812904531497,4,222.0,0.46849048068998617,3,90.0,0.36504965401200806,7,154.0,0.001110791606534978,-2.867,86,86,11049.0
875.0,69,2543.0,20.508064516129032,2.6787703515884074,2,1683.0,0.22446614341914226,18,3384.0,0.11478852148046316,19,3368.0,0.08794319551143483,1,3.0,0.7548316120845507,5,99.0,0.3896010408040684,7,860.0,0.12324729557611303,6,245.0,0.2028647347703026,4,106.0,0.00071373915298848,7,191.0,0.055767773859204964,-2.3,69,69,9939.0
880.0,59,2080.0,17.1900826446281,3.0481771919989464,3,1627.0,0.21964075225371973,15,3401.0,0.1403591925109939,15,3082.0,0.16063877340811308,2,11.0,0.2622641237171742,7,127.0,0.18866164881753714,6,535.0,0.18495938561204042,4,195.0,0.130931227019058,3,49.0,0.11525942349182995,4,151.0,0.2683117331059559,-1.967,59,59,9178.0
885.0,64,2118.0,17.949152542372882,3.1120017729127025,7,1652.0,0.10199831593646608,15,3472.0,0.17785133343943418,17,2902.0,0.17652011246350607,6,33.0,0.21224915201072997,7,162.0,0.12454890952546112,9,564.0,0.006104369902086114,0,74.0,0.1847273527959243,3,64.0,0.44031833009582133,0,78.0,0.35666792579890655,-2.133,64,64,9001.0
890.0,76,2190.0,18.879310344827587,2.5541339733430144,9,1694.0,0.006031707208693348,19,3354.0,0.128372082690163,19,2961.0,0.08489823014329037,6,63.0,0.2784890655731597,7,197.0,0.12393902011575691,10,613.0,3.5402432854776366e-06,1,75.0,0.1402769887050236,3,79.0,0.5220171495377068,2,81.0,0.1261019896409731,-2.533,76,76,9117.0
895.0,79,1788.0,16.10810810810811,1.6304738276565405,12,1751.0,0.1372840103788557,17,3046.0,0.08458388014791299,14,2478.0,0.036012991793638385,7,96.0,0.15130791736739846,7,230.0,0.0,10,665.0,0.04177778348663319,5,90.0,0.15631408863563992,3,92.0,0.2035461923446698,4,95.0,0.006343679046902474,-2.633,79,79,8543.0
900.0,71,1410.0,13.428571428571429,2.0351159587252603,14,1816.0,0.10414558950382859,16,2759.0,0.10919749468059807,9,1577.0,0.10295925281992062,7,131.0,0.0026308568825933686,4,189.0,0.20755468072658578,6,495.0,0.1961830413939047,5,115.0,0.10411840736189411,4,112.0,0.0,6,123.0,6.945025939075326e-05,-2.367,71,71,7317.0
905.0,67,1267.0,12.300970873786408,2.7034829794981436,17,1893.0,0.00349188957604029,15,2680.0,0.24300197664898507,7,1603.0,0.09633668131779938,4,108.0,0.04154857241017382,4,161.0,0.4208375324939872,4,308.0,0.38404831793498245,6,142.0,0.00010367868796809125,4,132.0,0.0,6,155.0,0.14161376331346923,-2.233,67,67,7182.0
910.0,60,1170.0,11.7,2.736880458667581,18,1983.0,1.1295483363377332e-05,11,2322.0,0.2193603037177613,7,1633.0,0.07554170808093119,2,73.0,0.21292006036680186,4,185.0,0.4847914015987799,2,180.0,0.27069968669453276,6,174.0,0.21617219148269667,4,152.0,0.0,6,187.0,0.05408068114961024,-2.0,60,60,6889.0
915.0,55,1168.0,12.695652173913043,2.599742262770899,14,1822.0,0.019972815331742617,7,1647.0,0.13743083315986349,6,1429.0,0.20287035255643526,2,39.0,0.0,6,211.0,0.45197281159919483,3,98.0,0.08100514766993733,6,204.0,0.2321728752316608,4,172.0,0.0,7,222.0,0.1793990833208901,-1.833,55,55,5844.0
920.0,50,1074.0,11.802197802197803,3.1709170901513524,9,1446.0,0.083381034355776,9,1684.0,0.1268197729235218,5,1024.0,0.23970742976547577,2,53.0,0.4419492684569448,7,242.0,0.408574147423011,3,113.0,0.4474039709987398,3,145.0,0.07477016262497564,4,192.0,0.0,8,258.0,0.10430133653018883,-1.667,50,50,5157.0
925.0,44,868.0,9.752808988764045,3.008216146491335,7,1486.0,0.10008066868743402,13,1738.0,0.01898247267284255,4,1041.0,0.11825268043542679,1,40.0,0.6172463628672873,7,275.0,0.1907442260204598,3,126.0,0.5370677786757522,1,88.0,0.27492357650088445,0,79.0,0.4762060141032836,8,298.0,0.021339219896371844,-1.467,44,44,5171.0
930.0,47,708.0,8.329411764705883,2.6272430673681595,6,1518.0,0.08981282484848326,14,1529.0,0.0002901699272793205,8,1074.0,0.04629397391156848,2,48.0,0.5357424381100139,2,171.0,0.20535320265252963,3,141.0,0.38124439674138016,3,98.0,0.2925902511897362,0,0.0,0.9816943910307069,9,344.0,0.16424106394732635,-1.567,47,47,4923.0
935.0,52,867.0,10.974683544303797,2.358297824928199,8,1552.0,0.05937278712267491,9,1316.0,0.06485141259185814,11,1126.0,0.1052680006310881,4,63.0,0.2981244174551347,2,30.0,0.48025477258949767,5,146.0,0.001031885889016215,4,117.0,0.2942187059582411,0,2.0,0.616086425798942,9,389.0,0.17370324330841802,-1.733,52,52,4741.0
940.0,51,960.0,12.467532467532468,1.9043789324177345,11,1602.0,0.007478707077895564,5,1053.0,0.12204106886903238,12,1185.0,0.0677238205229279,5,86.0,0.19985590748100715,2,25.0,0.41182913457505266,3,158.0,0.019633984402107202,3,94.0,0.20565826180274704,1,6.0,0.637087764095544,9,432.0,0.08930877099372928,-1.7,51,51,4641.0
945.0,57,1204.0,16.27027027027027,1.5217720028734025,14,1669.0,0.0001263940873100185,6,982.0,0.06530209181541863,13,1250.0,0.005202929323301785,5,109.0,0.2570114249947307,3,41.0,0.4815823383129178,5,182.0,1.7511633598232893e-05,1,36.0,0.23100746161500127,1,11.0,0.1409228075715822,9,477.0,0.0,-1.9,57,57,4757.0
950.0,64,1387.0,18.743243243243242,1.1716118374405715,14,1739.0,2.2331474560841994e-06,9,1023.0,5.300972061647962e-05,11,1261.0,0.022365642696412814,5,132.0,0.30414681554807976,4,58.0,0.37145601067720685,5,207.0,0.0,4,49.0,0.0014423344404065432,3,23.0,0.0004682400127441081,9,522.0,0.0,-2.133,64,64,5014.0
955.0,59,1559.0,21.65277777777778,1.2057268886897707,11,1563.0,0.018692727154084394,9,1070.0,0.1517487338144225,10,1235.0,0.04495997919192858,7,163.0,0.09533858517161121,1,38.0,0.3685003773660541,5,232.0,0.0,4,69.0,3.5406396819864943e-06,3,38.0,0.0,9,567.0,0.0,-1.967,59,59,4975.0
960.0,56,1700.0,23.943661971830984,1.804330645331733,6,1162.0,0.1142447428481935,8,1066.0,0.25740977761160927,11,1287.0,0.00013635222646196508,8,204.0,0.2693949429199896,2,41.0,4.473491791284652e-05,5,257.0,0.15187063042862375,4,89.0,0.0,3,53.0,0.0,9,612.0,0.0,-1.867,56,56,4771.0
965.0,54,1853.0,26.855072463768117,1.8033373660609073,4,1184.0,0.1231445697954122,8,1104.0,0.10641829306485436,11,1342.0,0.0,8,244.0,0.36625396157951184,2,53.0,0.32314230537981253,5,282.0,0.15743991323643816,4,109.0,0.0,3,68.0,0.0,9,657.0,0.0,-1.8,54,54,5043.0
970.0,49,1855.0,28.106060606060606,1.0328853587904614,5,1206.0,0.10228678003032922,5,1084.0,0.047346410049885906,10,1382.0,0.034394628043070724,8,280.0,0.030087979725033458,2,63.0,0.3025091837806558,5,307.0,0.0,2,53.0,0.2750505686126928,3,83.0,0.0,9,702.0,0.0,-1.633,49,49,5160.0
975.0,46,1775.0,27.307692307692307,1.6929577651895482,5,1030.0,0.05890262870376941,6,1014.0,0.13407686073617528,10,1432.0,0.13297881037066347,8,320.0,0.021140340424160242,2,71.0,0.0,5,332.0,0.0,2,63.0,0.3188636135655873,3,102.0,0.2745927518510503,5,586.0,0.03590659070169686,-1.533,46,46,4950.0
980.0,35,1399.0,21.859375,2.9073875601159296,3,660.0,0.14937824847651793,3,777.0,0.19863995532547193,11,1485.0,0.015571733104906211,8,364.0,0.2007545525929819,2,85.0,0.4335428802583955,5,357.0,0.0,0,31.0,0.19573529655510286,3,115.0,0.43314056655021144,0,392.0,0.1995017416223871,-1.167,35,35,4266.0
985.0,33,1396.0,22.516129032258064,3.5614090830039684,2,668.0,0.15066279660884596,1,292.0,0.23211963515242998,13,1548.0,8.192792730251089e-06,8,404.0,0.3477046547454544,0,4.0,0.7117135111654739,5,382.0,0.0,0,0.0,1.0,3,128.0,0.4827614138716257,1,393.0,0.13141964650500854,-1.1,33,33,3819.0
990.0,41,1446.0,24.1,2.340667602897859,6,689.0,0.0342928793898434,2,301.0,0.24957610153605572,13,1613.0,0.0,9,445.0,0.15353375596833949,0,2.0,0.8589352768776982,5,409.0,0.15267920175008423,0,0.0,1.0,1,43.0,0.30205739290256484,5,408.0,0.001580125978940051,-1.367,41,41,3910.0
995.0,46,1639.0,28.25862068965517,1.7657988135072276,5,540.0,0.06358301869400029,3,316.0,0.2269795239782368,13,1678.0,0.0,13,498.0,0.00042556834600746034,0,0.0,0.7194903608382912,5,434.0,0.15371812008141475,0,0.0,1.0,2,11.0,0.0056902544089323685,5,435.0,0.15681950852389157,-1.533,46,46,3912.0
1000.0,36,1398.0,24.964285714285715,2.5245471043398147,0,247.0,0.21326499870158436,3,329.0,0.0,13,1743.0,0.05641719252010811,7,373.0,0.23663414652911008,0,0.0,1.0,5,457.0,0.16502998080024744,0,0.0,1.0,3,26.0,0.0,5,460.0,0.15750521785589483,-1.2,36,36,3635.0
1005.0,32,1453.0,26.90740740740741,3.9189698219553257,0,249.0,0.5228987616956214,3,344.0,0.0,13,1808.0,0.06789398182644334,3,154.0,0.5364608897193153,0,2.0,0.9560149544426338,5,482.0,0.1551685388777741,0,0.0,1.0,3,41.0,0.0,5,483.0,0.0,-1.067,32,32,3563.0
1010.0,27,1469.0,30.604166666666668,2.78785063258133,3,258.0,0.485427591232979,1,183.0,0.13196068884612144,13,1873.0,0.0,0,35.0,0.25304771668585335,0,4.0,0.6967410895381044,5,507.0,0.0,0,0.0,1.0,0,13.0,0.32374735261530213,5,508.0,0.0,-0.9,27,27,3381.0
1015.0,30,1533.0,33.32608695652174,3.090396990647963,6,281.0,0.126751274891048,1,45.0,0.0,13,1938.0,0.0,3,28.0,0.20910440126571164,0,4.0,0.8415073161815595,5,532.0,0.0,0,4.0,0.946524614255726,0,2.0,0.4324818267700902,2,402.0,0.07017294961496165,-1.0,30,30,3236.0
1020.0,27,1606.0,36.5,3.677479231207603,7,315.0,0.0054851691937535365,1,50.0,0.0,13,2003.0,0.0,1,20.0,0.0930512001776108,0,4.0,0.936153621941329,5,557.0,0.0,0,4.0,0.8802854204527493,0,2.0,0.7193755197836946,0,186.0,0.40563830208500845,-0.9,27,27,3141.0
1025.0,33,1753.0,42.75609756097561,2.3054858531056848,8,356.0,0.1091042163562996,1,55.0,0.0,13,2068.0,0.0,1,11.0,0.0,1,4.0,0.32692520803497527,5,582.0,0.0,2,6.0,0.12405299029811473,0,2.0,0.9525252240468708,2,190.0,0.001715510755270944,-1.1,33,33,3274.0
1030.0,33,1915.0,49.1025641025641,1.3671586300821164,8,396.0,0.07250753612896291,1,60.0,0.0,13,2133.0,0.0,1,16.0,0.0,0,0.0,0.9708224861556544,5,607.0,0.0,3,20.0,0.0,0,0.0,0.42362194287316574,2,200.0,4.942169693905151e-06,-1.1,33,33,3432.0
1035.0,31,1751.0,48.638888888888886,0.7608438975880916,9,439.0,2.785087264618931e-05,1,67.0,0.4804430094402355,10,1880.0,0.020719992057998363,1,21.0,0.0,0,0.0,1.0,5,634.0,0.06563745298586596,3,35.0,0.0,0,0.0,1.0,2,210.0,5.163092546975497e-06,-1.033,31,31,3286.0
1040.0,25,1332.0,37.0,2.201167743411897,9,484.0,0.0,1,72.0,0.49976529346041454,5,1307.0,0.11586771980531266,0,0.0,1.0,0,0.0,1.0,5,659.0,0.25749490458668217,3,51.0,0.24705139241986868,0,0.0,1.0,2,220.0,0.0,-0.833,25,25,2793.0
1045.0,23,1114.0,31.82857142857143,1.856591833221105,9,529.0,0.0,1,75.0,0.0,3,1326.0,0.1024852293322723,0,0.0,1.0,0,0.0,1.0,5,684.0,0.22139633308341802,3,68.0,0.3255868372577754,0,0.0,1.0,2,230.0,0.0,-0.767,23,23,2912.0
1050.0,26,1171.0,33.457142857142856,1.038219737663076,9,574.0,0.0,1,80.0,0.0,5,1344.0,0.09016838865243734,0,0.0,1.0,0,0.0,1.0,5,709.0,0.10991780016846864,4,86.0,0.15115785949370775,0,0.0,1.0,2,240.0,0.0,-0.867,26,26,3033.0
1055.0,31,1314.0,37.542857142857144,0.02823413607368524,9,619.0,0.0,1,85.0,0.0,7,1377.0,0.00458489064485662,0,0.0,1.0,0,0.0,1.0,7,738.0,0.0029474819496892518,5,107.0,0.00023485819532149065,0,0.0,1.0,2,250.0,0.0,-1.033,31,31,3176.0
1060.0,28,1265.0,36.142857142857146,0.772685488422503,9,664.0,0.0,0,0.0,1.0,7,1210.0,0.035107167376253516,0,2.0,0.39038996839224316,0,0.0,1.0,8,780.0,0.04670153635939914,2,88.0,0.0862250688262434,0,0.0,1.0,2,260.0,0.0,-0.933,28,28,3004.0
1065.0,21,1250.0,35.714285714285715,2.6866826945556124,9,709.0,0.0,0,0.0,1.0,2,827.0,0.14226492948576824,0,2.0,0.876372497046857,0,2.0,0.9438970528389462,8,819.0,0.19044179661223107,2,48.0,0.0,0,0.0,1.0,0,128.0,0.17023196637320312,-0.7,21,21,2535.0
1070.0,21,1331.0,39.14705882352941,2.843104664007859,9,749.0,0.0,0,0.0,1.0,1,830.0,0.14472717759854725,0,0.0,0.9337539049006572,0,2.0,0.9636829585193709,9,855.0,0.14163914562559882,2,53.0,0.0,0,2.0,0.8484914947562028,0,0.0,1.0,-0.7,21,21,2491.0
1075.0,17,1093.0,33.121212121212125,2.516493804252182,4,652.0,0.07768572464130914,0,2.0,0.441144520599308,4,838.0,0.018520341327019133,0,0.0,0.9161935776661205,0,0.0,1.0,9,901.0,0.005594197698569152,0,0.0,1.0,0,2.0,0.9192534656026554,0,0.0,1.0,-0.567,17,17,2395.0
1080.0,22,1198.0,41.310344827586206,2.4484810783616133,4,525.0,0.0,0,2.0,0.8112873886008454,7,862.0,0.0007121578529855378,0,0.0,1.0,0,0.0,1.0,11,944.0,0.0,0,0.0,1.0,0,2.0,0.5387741425391948,0,0.0,1.0,-0.733,22,22,2335.0
1085.0,20,1079.0,37.206896551724135,3.0913623145989346,1,406.0,0.09723614174021072,0,-8.0,0.9623950192030533,7,891.0,2.0925098306114446e-05,0,0.0,1.0,0,0.0,1.0,11,984.0,0.0,0,0.0,1.0,1,7.0,0.49137120307940124,0,0.0,1.0,-0.667,20,20,2280.0
1090.0,16,1040.0,40.0,3.5294450729770306,0,133.0,0.5031400404230085,0,-15.0,0.9874788760902425,4,706.0,0.04130263893531106,0,-1.0,0.8747792603925171,0,0.0,1.0,11,1020.0,0.03657443678984836,0,0.0,1.0,1,10.0,0.0,0,0.0,1.0,-0.533,16,16,1853.0
1095.0,13,1045.0,43.541666666666664,3.924626400154647,1,134.0,0.0002514986989435463,0,0.0,1.0,0,373.0,0.2383945754911872,0,-6.0,0.9328157877151603,0,0.0,1.0,11,1052.0,0.14937446093522944,0,0.0,1.0,1,15.0,0.0,0,0.0,1.0,-0.433,13,13,1568.0
1100.0,14,1113.0,53.0,1.4504565354673755,1,136.0,0.0,0,0.0,1.0,1,363.0,0.053293707277687584,0,-4.0,0.9599763783326255,0,0.0,1.0,11,1074.0,0.07762863804655025,0,0.0,1.0,1,20.0,0.0,0,0.0,1.0,-0.467,14,14,1589.0
1105.0,19,1201.0,60.05,0.32650936645031614,1,136.0,0.0,0,0.0,1.0,4,369.0,0.0014194110686186617,0,0.0,1.0,0,0.0,1.0,13,1090.0,0.03297454940550378,0,0.0,1.0,1,22.0,0.0,0,0.0,1.0,-0.633,19,19,1617.0
1110.0,19,1283.0,64.15,0.29484866965243794,0,0.0,1.0,0,0.0,1.0,4,375.0,1.0902036018465654e-05,0,0.0,1.0,0,0.0,1.0,14,1108.0,3.688746064830087e-06,0,0.0,1.0,1,22.0,0.0,0,0.0,1.0,-0.633,19,19,1505.0
1115.0,19,1378.0,68.9,0.6215549664245918,0,0.0,1.0,0,0.0,1.0,4,377.0,0.0,0,-1.0,0.954632057863544,0,0.0,1.0,14,1120.0,0.0,0,0.0,1.0,1,22.0,0.0,0,0.0,1.0,-0.633,19,19,1518.0
1120.0,19,1473.0,73.65,0.5955957774037961,0,0.0,1.0,0,0.0,1.0,4,377.0,0.0,0,-4.0,0.9147619331375798,0,0.0,1.0,14,1128.0,0.0,0,0.0,1.0,1,22.0,0.0,0,0.0,1.0,-0.633,19,19,1523.0
1125.0,16,1491.0,78.47368421052632,0.454132449907501,0,0.0,1.0,0,0.0,1.0,1,247.0,0.08731200063968093,0,0.0,1.0,0,0.0,1.0,14,1133.0,0.0,0,0.0,1.0,1,22.0,0.0,0,0.0,1.0,-0.533,16,16,1402.0
1130.0,15,1544.0,81.26315789473684,1.9023471436991064,0,0.0,1.0,0,0.0,1.0,0,76.0,0.4097803314449005,0,0.0,1.0,0,0.0,1.0,14,1121.0,0.10815518728380272,0,0.0,1.0,1,22.0,0.0,0,0.0,1.0,-0.5,15,15,1219.0
1135.0,16,1621.0,85.3157894736842,0.8736402883244916,0,0.0,1.0,0,0.0,1.0,1,73.0,0.00012762887846495135,0,0.0,1.0,0,0.0,1.0,14,1109.0,0.07109533696392961,0,0.0,1.0,1,22.0,0.0,0,0.0,1.0,-0.533,16,16,1204.0
1140.0,18,1709.0,89.94736842105263,0.13170562899863159,0,0.0,1.0,0,0.0,1.0,1,77.0,0.0,0,0.0,1.0,0,0.0,1.0,16,1112.0,0.010770821107940025,0,0.0,1.0,1,22.0,0.0,0,0.0,1.0,-0.6,18,18,1211.0
1145.0,18,1789.0,94.15789473684211,0.2935602176264606,0,0.0,1.0,0,0.0,1.0,0,0.0,1.0,0,0.0,1.0,0,0.0,1.0,17,1110.0,0.022801158906022738,0,0.0,1.0,1,22.0,0.0,0,0.0,1.0,-0.6,18,18,1132.0
1150.0,12,780.0,41.05263157894737,1.5524116152688812,0,0.0,1.0,0,0.0,1.0,0,0.0,1.0,0,0.0,1.0,0,-3.0,0.44733792313469284,11,677.0,0.08699033469797839,0,0.0,1.0,1,22.0,0.0,0,0.0,1.0,-0.4,12,12,696.0
1155.0,2,94.0,5.222222222222222,4.529170987239443,0,0.0,1.0,0,0.0,1.0,0,0.0,1.0,0,0.0,1.0,0,-13.0,0.8503720876153384,1,151.0,0.16797683553571605,0,0.0,1.0,1,22.0,0.0,0,-13.0,0.8659217694764745,-0.067,2,2,147.0
1160.0,2,81.0,5.4,6.445398060165112,0,0.0,1.0,0,0.0,1.0,0,0.0,1.0,0,0.0,1.0,0,-33.0,0.8029423257808886,1,82.0,0.30114889060902184,0,0.0,1.0,1,22.0,0.0,0,-23.0,0.9417146172247515,-0.067,2,2,48.0
1165.0,4,97.0,8.083333333333334,3.2868053340988843,0,0.0,1.0,0,0.0,1.0,0,0.0,1.0,0,0.0,1.0,1,-46.0,0.46132203708015124,2,103.0,0.05412828685117,0,0.0,1.0,1,17.0,0.2632486372696735,0,0.0,1.0,-0.133,4,4,74.0
1170.0,2,101.0,9.181818181818182,4.330862085066875,0,0.0,1.0,0,0.0,1.0,0,0.0,1.0,0,0.0,1.0,0,-40.0,0.14392583849998264,1,80.0,0.16524742872295847,0,0.0,1.0,1,12.0,0.4823605451242222,0,0.0,1.0,-0.067,2,2,52.0
1175.0,5,118.0,10.727272727272727,3.9096129606853904,0,0.0,1.0,0,-13.0,0.7005817556541807,0,0.0,1.0,0,0.0,1.0,0,0.0,1.0,4,69.0,0.0023679911021716434,0,0.0,1.0,1,17.0,0.18885171170964674,0,0.0,1.0,-0.167,5,5,73.0
1180.0,2,105.0,10.5,6.754619580686798,0,0.0,1.0,0,-32.0,0.9325193088798763,0,0.0,1.0,0,0.0,1.0,0,-3.0,0.45349066231885393,1,-70.0,0.12209488271877474,0,0.0,1.0,1,22.0,0.0,0,0.0,1.0,-0.067,2,2,-83.0
1185.0,0,0.0,0.0,10.222082237434329,0,0.0,1.0,0,-27.0,0.9613245903213603,0,0.0,1.0,0,0.0,1.0,0,-16.0,0.5609971964854266,0,-36.0,0.5363541847053565,0,0.0,1.0,0,0.0,1.0,0,-8.0,0.9831984588726507,0.0,0,0,-87.0
1190.0,2,5.0,0.7142857142857143,9.27963782155802,0,0.0,1.0,1,-18.0,3.7238158460886046e-05,0,0.0,1.0,0,0.0,1.0,0,-31.0,0.9431086811920307,1,-38.0,0.0,0,0.0,1.0,0,0.0,1.0,0,-13.0,0.8691678043112621,-0.067,2,2,-100.0
1195.0,2,10.0,1.4285714285714286,4.628093615204946,0,0.0,1.0,0,-5.0,0.42131918281034847,0,0.0,1.0,0,0.0,1.0,0,-28.0,0.6583814236005949,1,-38.0,0.0,0,0.0,1.0,0,0.0,1.0,1,-18.0,0.040740914418351246,-0.067,2,2,-89.0
1200.0,2,11.0,1.8333333333333333,6.749676513640715,0,-8.0,0.9693518369321972,0,-10.0,0.8125840948267131,0,0.0,1.0,0,0.0,1.0,0,0.0,1.0,0,0.0,1.0,0,0.0,1.0,0,0.0,1.0,2,-19.0,1.2624493701236966e-05,-0.067,2,2,-37.0
1205.0,2,21.0,3.5,7.937875671289457,0,-13.0,0.9409925544379126,0,-20.0,0.8069310428505975,0,0.0,1.0,0,0.0,1.0,0,-8.0,0.9069060087710703,0,0.0,1.0,0,0.0,1.0,0,0.0,1.0,2,-19.0,0.0,-0.067,2,2,-60.0
1210.0,1,1.0,0.2,4.3231759062980135,0,0.0,1.0,1,-29.0,0.032633508546782646,0,0.0,1.0,0,0.0,1.0,0,-13.0,0.962998658519926,0,0.0,1.0,0,0.0,1.0,0,0.0,1.0,0,-5.0,0.21288165647444734,-0.033,1,1,-47.0
1215.0,2,11.0,2.75,6.30894691329362,0,0.0,1.0,2,-29.0,3.3188663044478196e-05,0,0.0,1.0,0,0.0,1.0,0,0.0,1.0,0,0.0,1.0,0,0.0,1.0,0,-13.0,0.8897424645518563,0,0.0,1.0,-0.067,2,2,-42.0
1220.0,2,21.0,5.25,6.566051081648611,0,0.0,1.0,2,-29.0,0.0,0,0.0,1.0,0,0.0,1.0,0,0.0,1.0,0,0.0,1.0,0,0.0,1.0,0,-23.0,0.9346925953558176,0,0.0,1.0,-0.067,2,2,-52.0
1225.0,2,31.0,15.5,0.0,0,0.0,1.0,2,-29.0,0.0,0,0.0,1.0,0,0.0,1.0,0,0.0,1.0,0,0.0,1.0,0,0.0,1.0,0,0.0,1.0,0,0.0,1.0,-0.067,2,2,-29.0
1230.0,2,41.0,20.5,0.0,0,0.0,1.0,2,-29.0,0.0,0,0.0,1.0,0,0.0,1.0,0,0.0,1.0,0,0.0,1.0,0,0.0,1.0,0,0.0,1.0,0,0.0,1.0,-0.067,2,2,-29.0
1235.0,2,51.0,25.5,0.0,0,0.0,1.0,2,-29.0,0.0,0,0.0,1.0,0,0.0,1.0,0,0.0,1.0,0,0.0,1.0,0,0.0,1.0,0,0.0,1.0,0,0.0,1.0,-0.067,2,2,-29.0
1240.0,2,61.0,30.5,0.0,0,0.0,1.0,2,-29.0,0.0,0,0.0,1.0,0,0.0,1.0,0,0.0,1.0,0,0.0,1.0,0,0.0,1.0,0,0.0,1.0,0,0.0,1.0,-0.067,2,2,-29.0
1245.0,0,0.0,0.0,4.11029307992005,0,0.0,1.0,0,-17.0,0.15204259959936456,0,0.0,1.0,0,0.0,1.0,0,0.0,1.0,0,0.0,1.0,0,0.0,1.0,0,0.0,1.0,0,0.0,1.0,0.0,0,0,-17.0
1250.0,0,0.0,0.0,11.678107032222279,0,-13.0,0.842787417667133,0,0.0,1.0,0,0.0,1.0,0,0.0,1.0,0,0.0,1.0,0,0.0,1.0,0,0.0,1.0,0,0.0,1.0,0,0.0,1.0,0.0,0,0,-13.0
1255.0,0,0.0,0.0,11.548201047219674,0,-23.0,0.8367765635172403,0,0.0,1.0,0,0.0,1.0,0,0.0,1.0,0,0.0,1.0,0,0.0,1.0,0,0.0,1.0,0,0.0,1.0,0,0.0,1.0,0.0,0,0,-23.0
1260.0,0,0.0,0.0,3.0769418568415685,0,-23.0,0.1867959783979526,0,0.0,1.0,0,0.0,1.0,0,0.0,1.0,0,0.0,1.0,0,0.0,1.0,0,0.0,1.0,0,0.0,1.0,0,0.0,1.0,0.0,0,0,-23.0
1265.0,1,5.0,5.0,0.0,1,-18.0,0.0,0,0.0,1.0,0,0.0,1.0,0,0.0,1.0,0,0.0,1.0,0,0.0,1.0,0,0.0,1.0,0,0.0,1.0,0,0.0,1.0,-0.033,1,1,-18.0
1270.0,1,10.0,10.0,0.0,1,-18.0,0.0,0,0.0,1.0,0,0.0,1.0,0,0.0,1.0,0,0.0,1.0,0,0.0,1.0,0,0.0,1.0,0,0.0,1.0,0,0.0,1.0,-0.033,1,1,-18.0
1275.0,1,15.0,15.0,0.0,1,-18.0,0.0,0,0.0,1.0,0,0.0,1.0,0,0.0,1.0,0,0.0,1.0,0,0.0,1.0,0,0.0,1.0,0,0.0,1.0,0,0.0,1.0,-0.033,1,1,-18.0
1280.0,1,20.0,20.0,0.0,1,-16.0,0.0,0,0.0,1.0,0,0.0,1.0,0,0.0,1.0,0,0.0,1.0,0,0.0,1.0,0,0.0,1.0,0,0.0,1.0,0,0.0,1.0,-0.033,1,1,-16.0
1285.0,1,25.0,25.0,0.0,1,-11.0,0.0,0,0.0,1.0,0,0.0,1.0,0,0.0,1.0,0,0.0,1.0,0,0.0,1.0,0,0.0,1.0,0,0.0,1.0,0,0.0,1.0,-0.033,1,1,-11.0
1290.0,1,30.0,30.0,0.0,1,-8.0,0.0,0,0.0,1.0,0,0.0,1.0,0,0.0,1.0,0,0.0,1.0,0,0.0,1.0,0,0.0,1.0,0,0.0,1.0,0,0.0,1.0,-0.033,1,1,-8.0
1295.0,1,35.0,35.0,0.0,1,-8.0,0.0,0,0.0,1.0,0,0.0,1.0,0,0.0,1.0,0,0.0,1.0,0,0.0,1.0,0,0.0,1.0,0,0.0,1.0,0,0.0,1.0,-0.033,1,1,-8.0
1300.0,1,40.0,40.0,0.0,1,-8.0,0.0,0,0.0,1.0,0,0.0,1.0,0,0.0,1.0,0,0.0,1.0,0,0.0,1.0,0,0.0,1.0,0,0.0,1.0,0,0.0,1.0,-0.033,1,1,-8.0
1305.0,1,45.0,45.0,0.0,1,-8.0,0.0,0,0.0,1.0,0,0.0,1.0,0,0.0,1.0,0,0.0,1.0,0,0.0,1.0,0,0.0,1.0,0,0.0,1.0,0,0.0,1.0,-0.033,1,1,-8.0
1310.0,1,50.0,50.0,0.0,1,-8.0,0.0,0,0.0,1.0,0,0.0,1.0,0,0.0,1.0,0,0.0,1.0,0,0.0,1.0,0,0.0,1.0,0,0.0,1.0,0,0.0,1.0,-0.033,1,1,-8.0
1315.0,0,0.0,0.0,6.3623054682975635,0,0.0,1.0,0,0.0,1.0,0,0.0,1.0,0,0.0,1.0,0,0.0,1.0,0,0.0,1.0,0,0.0,1.0,0,0.0,1.0,0,0.0,1.0,0.0,0,0,0.0
1320.0,0,0.0,0.0,10.963098421600357,0,0.0,1.0,0,0.0,1.0,0,0.0,1.0,0,-6.0,0.9387249571357146,0,0.0,1.0,0,0.0,1.0,0,0.0,1.0,0,0.0,1.0,0,0.0,1.0,0.0,0,0,-6.0
1325.0,0,0.0,0.0,11.359405088099361,0,0.0,1.0,0,0.0,1.0,0,0.0,1.0,0,-6.0,0.9726590644669858,0,0.0,1.0,0,0.0,1.0,0,0.0,1.0,0,0.0,1.0,0,0.0,1.0,0.0,0,0,-6.0
1330.0,0,0.0,0.0,0.0,0,0.0,1.0,0,0.0,1.0,0,0.0,1.0,0,0.0,1.0,0,0.0,1.0,0,0.0,1.0,0,0.0,1.0,0,0.0,1.0,0,0.0,1.0,0.0,0,0,0.0
1335.0,0,0.0,0.0,0.0,0,0.0,1.0,0,0.0,1.0,0,0.0,1.0,0,0.0,1.0,0,0.0,1.0,0,0.0,1.0,0,0.0,1.0,0,0.0,1.0,0,0.0,1.0,0.0,0,0,0.0
1340.0,0,0.0,0.0,0.0,0,0.0,1.0,0,0.0,1.0,0,0.0,1.0,0,0.0,1.0,0,0.0,1.0,0,0.0,1.0,0,0.0,1.0,0,0.0,1.0,0,0.0,1.0,0.0,0,0,0.0
1345.0,0,0.0,0.0,0.0,0,0.0,1.0,0,0.0,1.0,0,0.0,1.0,0,0.0,1.0,0,0.0,1.0,0,0.0,1.0,0,0.0,1.0,0,0.0,1.0,0,0.0,1.0,0.0,0,0,0.0
1350.0,0,0.0,0.0,0.0,0,0.0,1.0,0,0.0,1.0,0,0.0,1.0,0,0.0,1.0,0,0.0,1.0,0,0.0,1.0,0,0.0,1.0,0,0.0,1.0,0,0.0,1.0,0.0,0,0,0.0
1355.0,0,0.0,0.0,0.0,0,0.0,1.0,0,0.0,1.0,0,0.0,1.0,0,0.0,1.0,0,0.0,1.0,0,0.0,1.0,0,0.0,1.0,0,0.0,1.0,0,0.0,1.0,0.0,0,0,0.0
1360.0,0,0.0,0.0,0.0,0,0.0,1.0,0,0.0,1.0,0,0.0,1.0,0,0.0,1.0,0,0.0,1.0,0,0.0,1.0,0,0.0,1.0,0,0.0,1.0,0,0.0,1.0,0.0,0,0,0.0
1365.0,0,0.0,0.0,0.0,0,0.0,1.0,0,0.0,1.0,0,0.0,1.0,0,0.0,1.0,0,0.0,1.0,0,0.0,1.0,0,0.0,1.0,0,0.0,1.0,0,0.0,1.0,0.0,0,0,0.0
1370.0,0,0.0,0.0,0.0,0,0.0,1.0,0,0.0,1.0,0,0.0,1.0,0,0.0,1.0,0,0.0,1.0,0,0.0,1.0,0,0.0,1.0,0,0.0,1.0,0,0.0,1.0,0.0,0,0,0.0
1375.0,0,0.0,0.0,0.0,0,0.0,1.0,0,0.0,1.0,0,0.0,1.0,0,0.0,1.0,0,0.0,1.0,0,0.0,1.0,0,0.0,1.0,0,0.0,1.0,0,0.0,1.0,0.0,0,0,0.0
1380.0,0,0.0,0.0,0.0,0,0.0,1.0,0,0.0,1.0,0,0.0,1.0,0,0.0,1.0,0,0.0,1.0,0,0.0,1.0,0,0.0,1.0,0,0.0,1.0,0,0.0,1.0,0.0,0,0,0.0
1385.0,0,0.0,0.0,0.0,0,0.0,1.0,0,0.0,1.0,0,0.0,1.0,0,0.0,1.0,0,0.0,1.0,0,0.0,1.0,0,0.0,1.0,0,0.0,1.0,0,0.0,1.0,0.0,0,0,0.0
1390.0,0,0.0,0.0,0.0,0,0.0,1.0,0,0.0,1.0,0,0.0,1.0,0,0.0,1.0,0,0.0,1.0,0,0.0,1.0,0,0.0,1.0,0,0.0,1.0,0,0.0,1.0,0.0,0,0,0.0
1395.0,0,0.0,0.0,0.0,0,0.0,1.0,0,0.0,1.0,0,0.0,1.0,0,0.0,1.0,0,0.0,1.0,0,0.0,1.0,0,0.0,1.0,0,0.0,1.0,0,0.0,1.0,0.0,0,0,0.0
1400.0,0,0.0,0.0,0.0,0,0.0,1.0,0,0.0,1.0,0,0.0,1.0,0,0.0,1.0,0,0.0,1.0,0,0.0,1.0,0,0.0,1.0,0,0.0,1.0,0,0.0,1.0,0.0,0,0,0.0
1405.0,0,0.0,0.0,0.0,0,0.0,1.0,0,0.0,1.0,0,0.0,1.0,0,0.0,1.0,0,0.0,1.0,0,0.0,1.0,0,0.0,1.0,0,0.0,1.0,0,0.0,1.0,0.0,0,0,0.0
1410.0,0,0.0,0.0,0.0,0,0.0,1.0,0,0.0,1.0,0,0.0,1.0,0,0.0,1.0,0,0.0,1.0,0,0.0,1.0,0,0.0,1.0,0,0.0,1.0,0,0.0,1.0,0.0,0,0,0.0
1415.0,0,0.0,0.0,0.0,0,0.0,1.0,0,0.0,1.0,0,0.0,1.0,0,0.0,1.0,0,0.0,1.0,0,0.0,1.0,0,0.0,1.0,0,0.0,1.0,0,0.0,1.0,0.0,0,0,0.0
1420.0,0,0.0,0.0,0.0,0,0.0,1.0,0,0.0,1.0,0,0.0,1.0,0,0.0,1.0,0,0.0,1.0,0,0.0,1.0,0,0.0,1.0,0,0.0,1.0,0,0.0,1.0,0.0,0,0,0.0
1425.0,0,0.0,0.0,0.0,0,0.0,1.0,0,0.0,1.0,0,0.0,1.0,0,0.0,1.0,0,0.0,1.0,0,0.0,1.0,0,0.0,1.0,0,0.0,1.0,0,0.0,1.0,0.0,0,0,0.0
1430.0,0,0.0,0.0,0.0,0,0.0,1.0,0,0.0,1.0,0,0.0,1.0,0,0.0,1.0,0,0.0,1.0,0,0.0,1.0,0,0.0,1.0,0,0.0,1.0,0,0.0,1.0,0.0,0,0,0.0
1435.0,0,0.0,0.0,0.0,0,0.0,1.0,0,0.0,1.0,0,0.0,1.0,0,0.0,1.0,0,0.0,1.0,0,0.0,1.0,0,0.0,1.0,0,0.0,1.0,0,0.0,1.0,0.0,0,0,0.0
1440.0,0,0.0,0.0,0.0,0,0.0,1.0,0,0.0,1.0,0,0.0,1.0,0,0.0,1.0,0,0.0,1.0,0,0.0,1.0,0,0.0,1.0,0,0.0,1.0,0,0.0,1.0,0.0,0,0,0.0
1445.0,0,0.0,0.0,0.0,0,0.0,1.0,0,0.0,1.0,0,0.0,1.0,0,0.0,1.0,0,0.0,1.0,0,0.0,1.0,0,0.0,1.0,0,0.0,1.0,0,0.0,1.0,0.0,0,0,0.0
1450.0,0,0.0,0.0,0.0,0,0.0,1.0,0,0.0,1.0,0,0.0,1.0,0,0.0,1.0,0,0.0,1.0,0,0.0,1.0,0,0.0,1.0,0,0.0,1.0,0,0.0,1.0,0.0,0,0,0.0
1455.0,0,0.0,0.0,0.0,0,0.0,1.0,0,0.0,1.0,0,0.0,1.0,0,0.0,1.0,0,0.0,1.0,0,0.0,1.0,0,0.0,1.0,0,0.0,1.0,0,0.0,1.0,0.0,0,0,0.0
1460.0,0,0.0,0.0,0.0,0,0.0,1.0,0,0.0,1.0,0,0.0,1.0,0,0.0,1.0,0,0.0,1.0,0,0.0,1.0,0,0.0,1.0,0,0.0,1.0,0,0.0,1.0,0.0,0,0,0.0
1465.0,0,0.0,0.0,0.0,0,0.0,1.0,0,0.0,1.0,0,0.0,1.0,0,0.0,1.0,0,0.0,1.0,0,0.0,1.0,0,0.0,1.0,0,0.0,1.0,0,0.0,1.0,0.0,0,0,0.0
1470.0,0,0.0,0.0,0.0,0,0.0,1.0,0,0.0,1.0,0,0.0,1.0,0,0.0,1.0,0,0.0,1.0,0,0.0,1.0,0,0.0,1.0,0,0.0,1.0,0,0.0,1.0,0.0,0,0,0.0
1475.0,0,0.0,0.0,0.0,0,0.0,1.0,0,0.0,1.0,0,0.0,1.0,0,0.0,1.0,0,0.0,1.0,0,0.0,1.0,0,0.0,1.0,0,0.0,1.0,0,0.0,1.0,0.0,0,0,0.0
1480.0,0,0.0,0.0,0.0,0,0.0,1.0,0,0.0,1.0,0,0.0,1.0,0,0.0,1.0,0,0.0,1.0,0,0.0,1.0,0,0.0,1.0,0,0.0,1.0,0,0.0,1.0,0.0,0,0,0.0
1485.0,0,0.0,0.0,0.0,0,0.0,1.0,0,0.0,1.0,0,0.0,1.0,0,0.0,1.0,0,0.0,1.0,0,0.0,1.0,0,0.0,1.0,0,0.0,1.0,0,0.0,1.0,0.0,0,0,0.0
1490.0,0,0.0,0.0,0.0,0,0.0,1.0,0,0.0,1.0,0,0.0,1.0,0,0.0,1.0,0,0.0,1.0,0,0.0,1.0,0,0.0,1.0,0,0.0,1.0,0,0.0,1.0,0.0,0,0,0.0
1495.0,0,0.0,0.0,0.0,0,0.0,1.0,0,0.0,1.0,0,0.0,1.0,0,0.0,1.0,0,0.0,1.0,0,0.0,1.0,0,0.0,1.0,0,0.0,1.0,0,0.0,1.0,0.0,0,0,0.0
1500.0,0,0.0,0.0,0.0,0,0.0,1.0,0,0.0,1.0,0,0.0,1.0,0,0.0,1.0,0,0.0,1.0,0,0.0,1.0,0,0.0,1.0,0,0.0,1.0,0,0.0,1.0,0.0,0,0,0.0
1505.0,0,0.0,0.0,0.0,0,0.0,1.0,0,0.0,1.0,0,0.0,1.0,0,0.0,1.0,0,0.0,1.0,0,0.0,1.0,0,0.0,1.0,0,0.0,1.0,0,0.0,1.0,0.0,0,0,0.0
1510.0,0,0.0,0.0,0.0,0,0.0,1.0,0,0.0,1.0,0,0.0,1.0,0,0.0,1.0,0,0.0,1.0,0,0.0,1.0,0,0.0,1.0,0,0.0,1.0,0,0.0,1.0,0.0,0,0,0.0
1515.0,0,0.0,0.0,0.0,0,0.0,1.0,0,0.0,1.0,0,0.0,1.0,0,0.0,1.0,0,0.0,1.0,0,0.0,1.0,0,0.0,1.0,0,0.0,1.0,0,0.0,1.0,0.0,0,0,0.0
1520.0,0,0.0,0.0,0.0,0,0.0,1.0,0,0.0,1.0,0,0.0,1.0,0,0.0,1.0,0,0.0,1.0,0,0.0,1.0,0,0.0,1.0,0,0.0,1.0,0,0.0,1.0,0.0,0,0,0.0
1525.0,0,0.0,0.0,0.0,0,0.0,1.0,0,0.0,1.0,0,0.0,1.0,0,0.0,1.0,0,0.0,1.0,0,0.0,1.0,0,0.0,1.0,0,0.0,1.0,0,0.0,1.0,0.0,0,0,0.0
1530.0,0,0.0,0.0,0.0,0,0.0,1.0,0,0.0,1.0,0,0.0,1.0,0,0.0,1.0,0,0.0,1.0,0,0.0,1.0,0,0.0,1.0,0,0.0,1.0,0,0.0,1.0,0.0,0,0,0.0
1535.0,0,0.0,0.0,0.0,0,0.0,1.0,0,0.0,1.0,0,0.0,1.0,0,0.0,1.0,0,0.0,1.0,0,0.0,1.0,0,0.0,1.0,0,0.0,1.0,0,0.0,1.0,0.0,0,0,0.0
1540.0,0,0.0,0.0,0.0,0,0.0,1.0,0,0.0,1.0,0,0.0,1.0,0,0.0,1.0,0,0.0,1.0,0,0.0,1.0,0,0.0,1.0,0,0.0,1.0,0,0.0,1.0,0.0,0,0,0.0
1545.0,0,0.0,0.0,0.0,0,0.0,1.0,0,0.0,1.0,0,0.0,1.0,0,0.0,1.0,0,0.0,1.0,0,0.0,1.0,0,0.0,1.0,0,0.0,1.0,0,0.0,1.0,0.0,0,0,0.0
1550.0,0,0.0,0.0,0.0,0,0.0,1.0,0,0.0,1.0,0,0.0,1.0,0,0.0,1.0,0,0.0,1.0,0,0.0,1.0,0,0.0,1.0,0,0.0,1.0,0,0.0,1.0,0.0,0,0,0.0
1555.0,0,0.0,0.0,0.0,0,0.0,1.0,0,0.0,1.0,0,0.0,1.0,0,0.0,1.0,0,0.0,1.0,0,0.0,1.0,0,0.0,1.0,0,0.0,1.0,0,0.0,1.0,0.0,0,0,0.0
1560.0,0,0.0,0.0,0.0,0,0.0,1.0,0,0.0,1.0,0,0.0,1.0,0,0.0,1.0,0,0.0,1.0,0,0.0,1.0,0,0.0,1.0,0,0.0,1.0,0,0.0,1.0,0.0,0,0,0.0
1565.0,0,0.0,0.0,0.0,0,0.0,1.0,0,0.0,1.0,0,0.0,1.0,0,0.0,1.0,0,0.0,1.0,0,0.0,1.0,0,0.0,1.0,0,0.0,1.0,0,0.0,1.0,0.0,0,0,0.0
1570.0,0,0.0,0.0,0.0,0,0.0,1.0,0,0.0,1.0,0,0.0,1.0,0,0.0,1.0,0,0.0,1.0,0,0.0,1.0,0,0.0,1.0,0,0.0,1.0,0,0.0,1.0,0.0,0,0,0.0
1575.0,0,0.0,0.0,0.0,0,0.0,1.0,0,0.0,1.0,0,0.0,1.0,0,0.0,1.0,0,0.0,1.0,0,0.0,1.0,0,0.0,1.0,0,0.0,1.0,0,0.0,1.0,0.0,0,0,0.0
1580.0,0,0.0,0.0,0.0,0,0.0,1.0,0,0.0,1.0,0,0.0,1.0,0,0.0,1.0,0,0.0,1.0,0,0.0,1.0,0,0.0,1.0,0,0.0,1.0,0,0.0,1.0,0.0,0,0,0.0
1585.0,0,0.0,0.0,0.0,0,0.0,1.0,0,0.0,1.0,0,0.0,1.0,0,0.0,1.0,0,0.0,1.0,0,0.0,1.0,0,0.0,1.0,0,0.0,1.0,0,0.0,1.0,0.0,0,0,0.0
1590.0,0,0.0,0.0,0.0,0,0.0,1.0,0,0.0,1.0,0,0.0,1.0,0,0.0,1.0,0,0.0,1.0,0,0.0,1.0,0,0.0,1.0,0,0.0,1.0,0,0.0,1.0,0.0,0,0,0.0
1595.0,0,0.0,0.0,0.0,0,0.0,1.0,0,0.0,1.0,0,0.0,1.0,0,0.0,1.0,0,0.0,1.0,0,0.0,1.0,0,0.0,1.0,0,0.0,1.0,0,0.0,1.0,0.0,0,0,0.0
1600.0,0,0.0,0.0,0.0,0,0.0,1.0,0,0.0,1.0,0,0.0,1.0,0,0.0,1.0,0,0.0,1.0,0,0.0,1.0,0,0.0,1.0,0,0.0,1.0,0,0.0,1.0,0.0,0,0,0.0
1605.0,0,0.0,0.0,0.0,0,0.0,1.0,0,0.0,1.0,0,0.0,1.0,0,0.0,1.0,0,0.0,1.0,0,0.0,1.0,0,0.0,1.0,0,0.0,1.0,0,0.0,1.0,0.0,0,0,0.0
1610.0,0,0.0,0.0,0.0,0,0.0,1.0,0,0.0,1.0,0,0.0,1.0,0,0.0,1.0,0,0.0,1.0,0,0.0,1.0,0,0.0,1.0,0,0.0,1.0,0,0.0,1.0,0.0,0,0,0.0
1615.0,0,0.0,0.0,0.0,0,0.0,1.0,0,0.0,1.0,0,0.0,1.0,0,0.0,1.0,0,0.0,1.0,0,0.0,1.0,0,0.0,1.0,0,0.0,1.0,0,0.0,1.0,0.0,0,0,0.0
1620.0,0,0.0,0.0,0.0,0,0.0,1.0,0,0.0,1.0,0,0.0,1.0,0,0.0,1.0,0,0.0,1.0,0,0.0,1.0,0,0.0,1.0,0,0.0,1.0,0,0.0,1.0,0.0,0,0,0.0
1625.0,0,0.0,0.0,0.0,0,0.0,1.0,0,0.0,1.0,0,0.0,1.0,0,0.0,1.0,0,0.0,1.0,0,0.0,1.0,0,0.0,1.0,0,0.0,1.0,0,0.0,1.0,0.0,0,0,0.0
1630.0,0,0.0,0.0,0.0,0,0.0,1.0,0,0.0,1.0,0,0.0,1.0,0,0.0,1.0,0,0.0,1.0,0,0.0,1.0,0,0.0,1.0,0,0.0,1.0,0,0.0,1.0,0.0,0,0,0.0
1635.0,0,0.0,0.0,0.0,0,0.0,1.0,0,0.0,1.0,0,0.0,1.0,0,0.0,1.0,0,0.0,1.0,0,0.0,1.0,0,0.0,1.0,0,0.0,1.0,0,0.0,1.0,0.0,0,0,0.0
1640.0,0,0.0,0.0,0.0,0,0.0,1.0,0,0.0,1.0,0,0.0,1.0,0,0.0,1.0,0,0.0,1.0,0,0.0,1.0,0,0.0,1.0,0,0.0,1.0,0,0.0,1.0,0.0,0,0,0.0
1645.0,0,0.0,0.0,0.0,0,0.0,1.0,0,0.0,1.0,0,0.0,1.0,0,0.0,1.0,0,0.0,1.0,0,0.0,1.0,0,0.0,1.0,0,0.0,1.0,0,0.0,1.0,0.0,0,0,0.0
1650.0,0,0.0,0.0,0.0,0,0.0,1.0,0,0.0,1.0,0,0.0,1.0,0,0.0,1.0,0,0.0,1.0,0,0.0,1.0,0,0.0,1.0,0,0.0,1.0,0,0.0,1.0,0.0,0,0,0.0
1655.0,0,0.0,0.0,0.0,0,0.0,1.0,0,0.0,1.0,0,0.0,1.0,0,0.0,1.0,0,0.0,1.0,0,0.0,1.0,0,0.0,1.0,0,0.0,1.0,0,0.0,1.0,0.0,0,0,0.0
1660.0,0,0.0,0.0,0.0,0,0.0,1.0,0,0.0,1.0,0,0.0,1.0,0,0.0,1.0,0,0.0,1.0,0,0.0,1.0,0,0.0,1.0,0,0.0,1.0,0,0.0,1.0,0.0,0,0,0.0
1665.0,0,0.0,0.0,0.0,0,0.0,1.0,0,0.0,1.0,0,0.0,1.0,0,0.0,1.0,0,0.0,1.0,0,0.0,1.0,0,0.0,1.0,0,0.0,1.0,0,0.0,1.0,0.0,0,0,0.0
1670.0,0,0.0,0.0,0.0,0,0.0,1.0,0,0.0,1.0,0,0.0,1.0,0,0.0,1.0,0,0.0,1.0,0,0.0,1.0,0,0.0,1.0,0,0.0,1.0,0,0.0,1.0,0.0,0,0,0.0
1675.0,0,0.0,0.0,0.0,0,0.0,1.0,0,0.0,1.0,0,0.0,1.0,0,0.0,1.0,0,0.0,1.0,0,0.0,1.0,0,0.0,1.0,0,0.0,1.0,0,0.0,1.0,0.0,0,0,0.0
1680.0,0,0.0,0.0,0.0,0,0.0,1.0,0,0.0,1.0,0,0.0,1.0,0,0.0,1.0,0,0.0,1.0,0,0.0,1.0,0,0.0,1.0,0,0.0,1.0,0,0.0,1.0,0.0,0,0,0.0
1685.0,0,0.0,0.0,0.0,0,0.0,1.0,0,0.0,1.0,0,0.0,1.0,0,0.0,1.0,0,0.0,1.0,0,0.0,1.0,0,0.0,1.0,0,0.0,1.0,0,0.0,1.0,0.0,0,0,0.0
1690.0,0,0.0,0.0,0.0,0,0.0,1.0,0,0.0,1.0,0,0.0,1.0,0,0.0,1.0,0,0.0,1.0,0,0.0,1.0,0,0.0,1.0,0,0.0,1.0,0,0.0,1.0,0.0,0,0,0.0
1695.0,0,0.0,0.0,0.0,0,0.0,1.0,0,0.0,1.0,0,0.0,1.0,0,0.0,1.0,0,0.0,1.0,0,0.0,1.0,0,0.0,1.0,0,0.0,1.0,0,0.0,1.0,0.0,0,0,0.0
1700.0,0,0.0,0.0,0.0,0,0.0,1.0,0,0.0,1.0,0,0.0,1.0,0,0.0,1.0,0,0.0,1.0,0,0.0,1.0,0,0.0,1.0,0,0.0,1.0,0,0.0,1.0,0.0,0,0,0.0
1705.0,0,0.0,0.0,0.0,0,0.0,1.0,0,0.0,1.0,0,0.0,1.0,0,0.0,1.0,0,0.0,1.0,0,0.0,1.0,0,0.0,1.0,0,0.0,1.0,0,0.0,1.0,0.0,0,0,0.0
1710.0,0,0.0,0.0,0.0,0,0.0,1.0,0,0.0,1.0,0,0.0,1.0,0,0.0,1.0,0,0.0,1.0,0,0.0,1.0,0,0.0,1.0,0,0.0,1.0,0,0.0,1.0,0.0,0,0,0.0
1715.0,0,0.0,0.0,0.0,0,0.0,1.0,0,0.0,1.0,0,0.0,1.0,0,0.0,1.0,0,0.0,1.0,0,0.0,1.0,0,0.0,1.0,0,0.0,1.0,0,0.0,1.0,0.0,0,0,0.0
1720.0,0,0.0,0.0,0.0,0,0.0,1.0,0,0.0,1.0,0,0.0,1.0,0,0.0,1.0,0,0.0,1.0,0,0.0,1.0,0,0.0,1.0,0,0.0,1.0,0,0.0,1.0,0.0,0,0,0.0
1725.0,0,0.0,0.0,0.0,0,0.0,1.0,0,0.0,1.0,0,0.0,1.0,0,0.0,1.0,0,0.0,1.0,0,0.0,1.0,0,0.0,1.0,0,0.0,1.0,0,0.0,1.0,0.0,0,0,0.0
1730.0,0,0.0,0.0,0.0,0,0.0,1.0,0,0.0,1.0,0,0.0,1.0,0,0.0,1.0,0,0.0,1.0,0,0.0,1.0,0,0.0,1.0,0,0.0,1.0,0,0.0,1.0,0.0,0,0,0.0
1735.0,0,0.0,0.0,0.0,0,0.0,1.0,0,0.0,1.0,0,0.0,1.0,0,0.0,1.0,0,0.0,1.0,0,0.0,1.0,0,0.0,1.0,0,0.0,1.0,0,0.0,1.0,0.0,0,0,0.0
1740.0,0,0.0,0.0,0.0,0,0.0,1.0,0,0.0,1.0,0,0.0,1.0,0,0.0,1.0,0,0.0,1.0,0,0.0,1.0,0,0.0,1.0,0,0.0,1.0,0,0.0,1.0,0.0,0,0,0.0
1745.0,0,0.0,0.0,0.0,0,0.0,1.0,0,0.0,1.0,0,0.0,1.0,0,0.0,1.0,0,0.0,1.0,0,0.0,1.0,0,0.0,1.0,0,0.0,1.0,0,0.0,1.0,0.0,0,0,0.0
1750.0,0,0.0,0.0,0.0,0,0.0,1.0,0,0.0,1.0,0,0.0,1.0,0,0.0,1.0,0,0.0,1.0,0,0.0,1.0,0,0.0,1.0,0,0.0,1.0,0,0.0,1.0,0.0,0,0,0.0
1755.0,0,0.0,0.0,0.0,0,0.0,1.0,0,0.0,1.0,0,0.0,1.0,0,0.0,1.0,0,0.0,1.0,0,0.0,1.0,0,0.0,1.0,0,0.0,1.0,0,0.0,1.0,0.0,0,0,0.0
1760.0,0,0.0,0.0,0.0,0,0.0,1.0,0,0.0,1.0,0,0.0,1.0,0,0.0,1.0,0,0.0,1.0,0,0.0,1.0,0,0.0,1.0,0,0.0,1.0,0,0.0,1.0,0.0,0,0,0.0
1765.0,0,0.0,0.0,0.0,0,0.0,1.0,0,0.0,1.0,0,0.0,1.0,0,0.0,1.0,0,0.0,1.0,0,0.0,1.0,0,0.0,1.0,0,0.0,1.0,0,0.0,1.0,0.0,0,0,0.0
1770.0,0,0.0,0.0,0.0,0,0.0,1.0,0,0.0,1.0,0,0.0,1.0,0,0.0,1.0,0,0.0,1.0,0,0.0,1.0,0,0.0,1.0,0,0.0,1.0,0,0.0,1.0,0.0,0,0,0.0
1775.0,0,0.0,0.0,0.0,0,0.0,1.0,0,0.0,1.0,0,0.0,1.0,0,0.0,1.0,0,0.0,1.0,0,0.0,1.0,0,0.0,1.0,0,0.0,1.0,0,0.0,1.0,0.0,0,0,0.0
1780.0,0,0.0,0.0,0.0,0,0.0,1.0,0,0.0,1.0,0,0.0,1.0,0,0.0,1.0,0,0.0,1.0,0,0.0,1.0,0,0.0,1.0,0,0.0,1.0,0,0.0,1.0,0.0,0,0,0.0
1785.0,0,0.0,0.0,0.0,0,0.0,1.0,0,0.0,1.0,0,0.0,1.0,0,0.0,1.0,0,0.0,1.0,0,0.0,1.0,0,0.0,1.0,0,0.0,1.0,0,0.0,1.0,0.0,0,0,0.0
1790.0,0,0.0,0.0,0.0,0,0.0,1.0,0,0.0,1.0,0,0.0,1.0,0,0.0,1.0,0,0.0,1.0,0,0.0,1.0,0,0.0,1.0,0,0.0,1.0,0,0.0,1.0,0.0,0,0,0.0
1795.0,0,0.0,0.0,0.0,0,0.0,1.0,0,0.0,1.0,0,0.0,1.0,0,0.0,1.0,0,0.0,1.0,0,0.0,1.0,0,0.0,1.0,0,0.0,1.0,0,0.0,1.0,0.0,0,0,0.0
1800.0,0,0.0,0.0,0.0,0,0.0,1.0,0,0.0,1.0,0,0.0,1.0,0,0.0,1.0,0,0.0,1.0,0,0.0,1.0,0,0.0,1.0,0,0.0,1.0,0,0.0,1.0,0.0,0,0,0.0
1805.0,0,0.0,0.0,0.0,0,0.0,1.0,0,0.0,1.0,0,0.0,1.0,0,0.0,1.0,0,0.0,1.0,0,0.0,1.0,0,0.0,1.0,0,0.0,1.0,0,0.0,1.0,0.0,0,0,0.0
1810.0,0,0.0,0.0,0.0,0,0.0,1.0,0,0.0,1.0,0,0.0,1.0,0,0.0,1.0,0,0.0,1.0,0,0.0,1.0,0,0.0,1.0,0,0.0,1.0,0,0.0,1.0,0.0,0,0,0.0
1815.0,0,0.0,0.0,0.0,0,0.0,1.0,0,0.0,1.0,0,0.0,1.0,0,0.0,1.0,0,0.0,1.0,0,0.0,1.0,0,0.0,1.0,0,0.0,1.0,0,0.0,1.0,0.0,0,0,0.0
1820.0,0,0.0,0.0,0.0,0,0.0,1.0,0,0.0,1.0,0,0.0,1.0,0,0.0,1.0,0,0.0,1.0,0,0.0,1.0,0,0.0,1.0,0,0.0,1.0,0,0.0,1.0,0.0,0,0,0.0
1825.0,0,0.0,0.0,0.0,0,0.0,1.0,0,0.0,1.0,0,0.0,1.0,0,0.0,1.0,0,0.0,1.0,0,0.0,1.0,0,0.0,1.0,0,0.0,1.0,0,0.0,1.0,0.0,0,0,0.0
1830.0,0,0.0,0.0,0.0,0,0.0,1.0,0,0.0,1.0,0,0.0,1.0,0,0.0,1.0,0,0.0,1.0,0,0.0,1.0,0,0.0,1.0,0,0.0,1.0,0,0.0,1.0,0.0,0,0,0.0
1835.0,0,0.0,0.0,0.0,0,0.0,1.0,0,0.0,1.0,0,0.0,1.0,0,0.0,1.0,0,0.0,1.0,0,0.0,1.0,0,0.0,1.0,0,0.0,1.0,0,0.0,1.0,0.0,0,0,0.0
1840.0,0,0.0,0.0,0.0,0,0.0,1.0,0,0.0,1.0,0,0.0,1.0,0,0.0,1.0,0,0.0,1.0,0,0.0,1.0,0,0.0,1.0,0,0.0,1.0,0,0.0,1.0,0.0,0,0,0.0
1845.0,0,0.0,0.0,0.0,0,0.0,1.0,0,0.0,1.0,0,0.0,1.0,0,0.0,1.0,0,0.0,1.0,0,0.0,1.0,0,0.0,1.0,0,0.0,1.0,0,0.0,1.0,0.0,0,0,0.0
1850.0,0,0.0,0.0,0.0,0,0.0,1.0,0,0.0,1.0,0,0.0,1.0,0,0.0,1.0,0,0.0,1.0,0,0.0,1.0,0,0.0,1.0,0,0.0,1.0,0,0.0,1.0,0.0,0,0,0.0
1855.0,0,0.0,0.0,0.0,0,0.0,1.0,0,0.0,1.0,0,0.0,1.0,0,0.0,1.0,0,0.0,1.0,0,0.0,1.0,0,0.0,1.0,0,0.0,1.0,0,0.0,1.0,0.0,0,0,0.0
1860.0,0,0.0,0.0,0.0,0,0.0,1.0,0,0.0,1.0,0,0.0,1.0,0,0.0,1.0,0,0.0,1.0,0,0.0,1.0,0,0.0,1.0,0,0.0,1.0,0,0.0,1.0,0.0,0,0,0.0
1865.0,0,0.0,0.0,0.0,0,0.0,1.0,0,0.0,1.0,0,0.0,1.0,0,0.0,1.0,0,0.0,1.0,0,0.0,1.0,0,0.0,1.0,0,0.0,1.0,0,0.0,1.0,0.0,0,0,0.0
1870.0,0,0.0,0.0,0.0,0,0.0,1.0,0,0.0,1.0,0,0.0,1.0,0,0.0,1.0,0,0.0,1.0,0,0.0,1.0,0,0.0,1.0,0,0.0,1.0,0,0.0,1.0,0.0,0,0,0.0
1875.0,0,0.0,0.0,0.0,0,0.0,1.0,0,0.0,1.0,0,0.0,1.0,0,0.0,1.0,0,0.0,1.0,0,0.0,1.0,0,0.0,1.0,0,0.0,1.0,0,0.0,1.0,0.0,0,0,0.0
1880.0,0,0.0,0.0,0.0,0,0.0,1.0,0,0.0,1.0,0,0.0,1.0,0,0.0,1.0,0,0.0,1.0,0,0.0,1.0,0,0.0,1.0,0,0.0,1.0,0,0.0,1.0,0.0,0,0,0.0
1885.0,0,0.0,0.0,0.0,0,0.0,1.0,0,0.0,1.0,0,0.0,1.0,0,0.0,1.0,0,0.0,1.0,0,0.0,1.0,0,0.0,1.0,0,0.0,1.0,0,0.0,1.0,0.0,0,0,0.0
1890.0,0,0.0,0.0,0.0,0,0.0,1.0,0,0.0,1.0,0,0.0,1.0,0,0.0,1.0,0,0.0,1.0,0,0.0,1.0,0,0.0,1.0,0,0.0,1.0,0,0.0,1.0,0.0,0,0,0.0
1895.0,0,0.0,0.0,0.0,0,0.0,1.0,0,0.0,1.0,0,0.0,1.0,0,0.0,1.0,0,0.0,1.0,0,0.0,1.0,0,0.0,1.0,0,0.0,1.0,0,0.0,1.0,0.0,0,0,0.0
1900.0,0,0.0,0.0,0.0,0,0.0,1.0,0,0.0,1.0,0,0.0,1.0,0,0.0,1.0,0,0.0,1.0,0,0.0,1.0,0,0.0,1.0,0,0.0,1.0,0,0.0,1.0,0.0,0,0,0.0
1905.0,0,0.0,0.0,0.0,0,0.0,1.0,0,0.0,1.0,0,0.0,1.0,0,0.0,1.0,0,0.0,1.0,0,0.0,1.0,0,0.0,1.0,0,0.0,1.0,0,0.0,1.0,0.0,0,0,0.0
1910.0,0,0.0,0.0,0.0,0,0.0,1.0,0,0.0,1.0,0,0.0,1.0,0,0.0,1.0,0,0.0,1.0,0,0.0,1.0,0,0.0,1.0,0,0.0,1.0,0,0.0,1.0,0.0,0,0,0.0
1915.0,0,0.0,0.0,0.0,0,0.0,1.0,0,0.0,1.0,0,0.0,1.0,0,0.0,1.0,0,0.0,1.0,0,0.0,1.0,0,0.0,1.0,0,0.0,1.0,0,0.0,1.0,0.0,0,0,0.0
1920.0,0,0.0,0.0,0.0,0,0.0,1.0,0,0.0,1.0,0,0.0,1.0,0,0.0,1.0,0,0.0,1.0,0,0.0,1.0,0,0.0,1.0,0,0.0,1.0,0,0.0,1.0,0.0,0,0,0.0
1925.0,0,0.0,0.0,0.0,0,0.0,1.0,0,0.0,1.0,0,0.0,1.0,0,0.0,1.0,0,0.0,1.0,0,0.0,1.0,0,0.0,1.0,0,0.0,1.0,0,0.0,1.0,0.0,0,0,0.0
1930.0,0,0.0,0.0,0.0,0,0.0,1.0,0,0.0,1.0,0,0.0,1.0,0,0.0,1.0,0,0.0,1.0,0,0.0,1.0,0,0.0,1.0,0,0.0,1.0,0,0.0,1.0,0.0,0,0,0.0
1935.0,0,0.0,0.0,0.0,0,0.0,1.0,0,0.0,1.0,0,0.0,1.0,0,0.0,1.0,0,0.0,1.0,0,0.0,1.0,0,0.0,1.0,0,0.0,1.0,0,0.0,1.0,0.0,0,0,0.0
1940.0,0,0.0,0.0,0.0,0,0.0,1.0,0,0.0,1.0,0,0.0,1.0,0,0.0,1.0,0,0.0,1.0,0,0.0,1.0,0,0.0,1.0,0,0.0,1.0,0,0.0,1.0,0.0,0,0,0.0
1945.0,0,0.0,0.0,0.0,0,0.0,1.0,0,0.0,1.0,0,0.0,1.0,0,0.0,1.0,0,0.0,1.0,0,0.0,1.0,0,0.0,1.0,0,0.0,1.0,0,0.0,1.0,0.0,0,0,0.0
1950.0,0,0.0,0.0,0.0,0,0.0,1.0,0,0.0,1.0,0,0.0,1.0,0,0.0,1.0,0,0.0,1.0,0,0.0,1.0,0,0.0,1.0,0,0.0,1.0,0,0.0,1.0,0.0,0,0,0.0
1955.0,0,0.0,0.0,0.0,0,0.0,1.0,0,0.0,1.0,0,0.0,1.0,0,0.0,1.0,0,0.0,1.0,0,0.0,1.0,0,0.0,1.0,0,0.0,1.0,0,0.0,1.0,0.0,0,0,0.0
1960.0,0,0.0,0.0,0.0,0,0.0,1.0,0,0.0,1.0,0,0.0,1.0,0,0.0,1.0,0,0.0,1.0,0,0.0,1.0,0,0.0,1.0,0,0.0,1.0,0,0.0,1.0,0.0,0,0,0.0
1965.0,0,0.0,0.0,0.0,0,0.0,1.0,0,0.0,1.0,0,0.0,1.0,0,0.0,1.0,0,0.0,1.0,0,0.0,1.0,0,0.0,1.0,0,0.0,1.0,0,0.0,1.0,0.0,0,0,0.0
1970.0,0,0.0,0.0,0.0,0,0.0,1.0,0,0.0,1.0,0,0.0,1.0,0,0.0,1.0,0,0.0,1.0,0,0.0,1.0,0,0.0,1.0,0,0.0,1.0,0,0.0,1.0,0.0,0,0,0.0
1975.0,0,0.0,0.0,0.0,0,0.0,1.0,0,0.0,1.0,0,0.0,1.0,0,0.0,1.0,0,0.0,1.0,0,0.0,1.0,0,0.0,1.0,0,0.0,1.0,0,0.0,1.0,0.0,0,0,0.0
1980.0,0,0.0,0.0,0.0,0,0.0,1.0,0,0.0,1.0,0,0.0,1.0,0,0.0,1.0,0,0.0,1.0,0,0.0,1.0,0,0.0,1.0,0,0.0,1.0,0,0.0,1.0,0.0,0,0,0.0
1985.0,0,0.0,0.0,0.0,0,0.0,1.0,0,0.0,1.0,0,0.0,1.0,0,0.0,1.0,0,0.0,1.0,0,0.0,1.0,0,0.0,1.0,0,0.0,1.0,0,0.0,1.0,0.0,0,0,0.0
1990.0,0,0.0,0.0,0.0,0,0.0,1.0,0,0.0,1.0,0,0.0,1.0,0,0.0,1.0,0,0.0,1.0,0,0.0,1.0,0,0.0,1.0,0,0.0,1.0,0,0.0,1.0,0.0,0,0,0.0
1995.0,0,0.0,0.0,0.0,0,0.0,1.0,0,0.0,1.0,0,0.0,1.0,0,0.0,1.0,0,0.0,1.0,0,0.0,1.0,0,0.0,1.0,0,0.0,1.0,0,0.0,1.0,0.0,0,0,0.0
2000.0,0,0.0,0.0,0.0,0,0.0,1.0,0,0.0,1.0,0,0.0,1.0,0,0.0,1.0,0,0.0,1.0,0,0.0,1.0,0,0.0,1.0,0,0.0,1.0,0,0.0,1.0,0.0,0,0,0.0
