step,system_total_stopped,system_total_waiting_time,system_mean_waiting_time,system_mean_speed,A0_stopped,A0_accumulated_waiting_time,A0_average_speed,A1_stopped,A1_accumulated_waiting_time,A1_average_speed,B0_stopped,B0_accumulated_waiting_time,B0_average_speed,B1_stopped,B1_accumulated_waiting_time,B1_average_speed,agents_total_stopped,agents_total_accumulated_waiting_time,average_rewards
0.0,0,0.0,0.0,0.0,0,0.0,1.0,0,0.0,1.0,0,0.0,1.0,0,0.0,1.0,0,0.0,0.0
5.0,2,0.0,0.0,2.0827241847873665,1,0.0,0.06911478175454029,1,0.0,0.06825415707752015,0,0.0,0.17272428898060063,0,0.0,0.2683617165617137,2,0.0,-0.25
10.0,1,0.0,0.0,7.00775329538118,0,0.0,0.4541122486592453,0,0.0,0.557893747766119,0,0.0,0.4501906996347749,1,0.0,0.5776181479626998,1,0.0,-0.125
15.0,1,0.0,0.0,8.881128201114507,0,0.0,0.6786739658528851,0,0.0,0.6430078102385118,0,0.0,0.7844935417218782,1,0.0,0.4741176121534344,1,0.0,-0.125
20.0,7,8.0,0.16666666666666666,8.851625495756542,2,0.0,0.6901328257173526,1,0.0,0.6384340239114866,1,2.0,0.7424653376738016,3,6.0,0.5157922496263267,7,8.0,-0.875
25.0,8,33.0,0.5892857142857143,9.392320725267691,1,0.0,0.7527494447735731,1,4.0,0.7317728925675843,3,8.0,0.5959524883389195,3,21.0,0.6435874119248044,8,33.0,-1.0
30.0,18,71.0,1.1833333333333333,6.979071624305178,4,7.0,0.589829265772118,6,19.0,0.38772760325379113,4,11.0,0.39151293617416094,4,40.0,0.5909375542944854,18,77.0,-2.25
35.0,25,162.0,2.219178082191781,5.700416064381498,3,18.0,0.5204683272265724,9,52.0,0.326681599537021,4,27.0,0.44089485940836454,9,67.0,0.2944910295971741,25,164.0,-3.125
40.0,30,283.0,3.451219512195122,5.899199764373349,8,44.0,0.43241081134856196,9,94.0,0.39549125759942166,3,39.0,0.4373268340285608,10,113.0,0.33776524621483717,30,290.0,-3.75
45.0,41,447.0,5.022471910112359,5.625673521430396,9,80.0,0.3725236753129002,12,146.0,0.37872583641332724,7,61.0,0.39525823668532784,13,168.0,0.38422768301935767,41,455.0,-5.125
50.0,46,648.0,6.415841584158416,5.2940701196958955,11,125.0,0.3700835584829538,13,206.0,0.2561173884746528,9,98.0,0.4124554948194709,13,225.0,0.3815340618100114,46,654.0,-5.75
55.0,55,885.0,8.045454545454545,5.044423444919693,14,177.0,0.4042411620511364,18,286.0,0.2265316301250063,8,136.0,0.47445014454770584,15,292.0,0.27426416865262115,55,891.0,-6.875
60.0,69,1183.0,9.69672131147541,4.321613819437215,16,248.0,0.33092172345047444,22,383.0,0.2276340424025027,12,184.0,0.34673543959966746,19,376.0,0.2772742986591584,69,1191.0,-8.625
65.0,78,1538.0,12.304,3.416003220235895,15,321.0,0.19542206806180512,25,495.0,0.23663337490137967,18,259.0,0.26779517339579484,20,471.0,0.2433841571389611,78,1546.0,-9.75
70.0,91,1964.0,14.548148148148147,2.741341714681616,19,409.0,0.0888159175483711,28,625.0,0.1489905124844647,20,358.0,0.285503792858455,24,582.0,0.2008793396865875,91,1974.0,-11.375
75.0,103,2441.0,16.83448275862069,2.5375287350883666,18,495.0,0.17756463769560543,32,775.0,0.050895741557322134,25,468.0,0.25158910933669737,28,713.0,0.20156206643245486,103,2451.0,-12.875
80.0,109,2754.0,17.54140127388535,2.5903264300855593,18,585.0,0.22722371217582868,36,943.0,0.043335952210487,24,499.0,0.2372467393242497,31,864.0,0.21232982405073506,109,2891.0,-13.625
85.0,118,3201.0,18.502890173410403,2.522003488787203,19,677.0,0.16342218223027205,37,1119.0,0.10754148508161115,24,492.0,0.2556939011152394,38,1034.0,0.14724634370125064,118,3322.0,-14.75
90.0,124,3768.0,20.81767955801105,2.4993349304442853,21,774.0,0.21333861943886837,36,1298.0,0.14032981384797785,27,530.0,0.1961392879400837,40,1228.0,0.17260856852292544,124,3830.0,-15.5
95.0,132,4403.0,23.05235602094241,2.473865951284959,20,874.0,0.17268623680392994,41,1494.0,0.14144647207597705,29,647.0,0.20794442205182928,42,1430.0,0.15400579422641944,132,4445.0,-16.5
100.0,148,5107.0,25.282178217821784,2.370936560946344,25,986.0,0.21668426331842652,42,1700.0,0.11745758258910655,35,797.0,0.2151415051034909,46,1653.0,0.12097597471881874,148,5136.0,-18.5
105.0,159,5877.0,28.808823529411764,1.864564084728694,26,1113.0,0.13888011461357888,47,1924.0,0.10034644168875452,37,970.0,0.1436385726238363,49,1893.0,0.12303827144558087,159,5900.0,-19.875
110.0,175,6726.0,32.970588235294116,1.2845380044359347,31,1259.0,0.11622794362738974,50,2170.0,0.07321258662793598,44,1176.0,0.07764321158819926,50,2141.0,0.08154561720979196,175,6746.0,-21.875
115.0,187,7633.0,37.416666666666664,0.7087882136046441,31,1410.0,0.05952428391605957,53,2431.0,0.051215876935088674,48,1407.0,0.02015794819012924,55,2405.0,0.040336474063989464,187,7653.0,-23.375
120.0,194,8588.0,42.30541871921182,0.3116769522127949,33,1570.0,5.6713258922345414e-05,54,2701.0,0.020130382774723843,49,1650.0,0.002918152829556388,58,2689.0,0.01278575210698576,194,8610.0,-24.25
125.0,192,9224.0,45.4384236453202,0.35092521391366494,33,1735.0,0.0067091040915233935,56,2980.0,0.014384982683486529,44,1764.0,0.033471432751768046,59,2983.0,0.016384568541750102,192,9462.0,-24.0
130.0,184,9776.0,48.88,0.41347888280334416,34,1903.0,8.5623306216082e-06,56,3260.0,0.016425692942899854,35,1737.0,0.054455972650840685,59,3280.0,0.021567893779251984,184,10180.0,-23.0
135.0,180,10355.0,51.775,0.4054412132628572,34,2073.0,0.0,57,3541.0,4.157324929128472e-06,27,1764.0,0.06690021145883987,62,3581.0,0.0070472227017903556,180,10959.0,-22.5
140.0,173,10539.0,52.695,0.6590941784458583,34,2245.0,0.006372265909552747,57,3826.0,0.0,26,1790.0,0.06482851116921874,56,3691.0,0.05126630973226753,173,11552.0,-21.625
145.0,171,10968.0,55.11557788944724,0.6051689187445158,35,2418.0,0.05272091318138119,57,4113.0,0.00013432280833125664,29,1889.0,0.026906062984520113,50,3824.0,0.035472719502488585,171,12244.0,-21.375
150.0,177,11662.0,59.19796954314721,0.4307712220485821,35,2593.0,0.017818060147048353,58,4403.0,0.0,35,2050.0,0.002378445516045196,49,3999.0,0.03444064954665428,177,13045.0,-22.125
155.0,186,12492.0,63.734693877551024,0.1907952923367746,37,2776.0,3.478231731885361e-06,58,4693.0,0.0,38,2234.0,0.00013515707692983957,53,4256.0,0.008607761533200092,186,13959.0,-23.25
160.0,188,13389.0,68.31122448979592,0.17780961676295906,37,2961.0,0.0,58,4983.0,1.22111889730261e-07,38,2424.0,6.04810049746367e-06,55,4524.0,0.005158283625953192,188,14892.0,-23.5
165.0,192,14340.0,73.16326530612245,0.16057896224543536,37,3146.0,0.0,58,5273.0,0.0,38,2614.0,0.0,59,4811.0,0.0003979521187332721,192,15844.0,-24.0
170.0,193,15305.0,79.30051813471502,0.0001132820496761746,37,3331.0,0.0,58,5563.0,0.0,38,2804.0,2.0055288334972803e-07,60,5111.0,2.5584298679191132e-05,193,16809.0,-24.125
175.0,187,15619.0,80.92746113989638,0.11014878354577028,37,3518.0,0.009935318465224788,58,5853.0,0.0,32,2741.0,0.020336295816077495,60,5411.0,7.713656884974569e-07,187,17523.0,-23.375
180.0,179,15789.0,82.234375,0.37964089916561855,37,3701.0,0.027407507681935988,58,6143.0,0.0,24,2476.0,0.06493598574549928,60,5711.0,0.0,179,18031.0,-22.375
185.0,177,16296.0,84.875,0.3738879871601963,38,3888.0,0.03419062571570487,58,6433.0,0.0,21,2514.0,0.04976861852704012,60,6011.0,0.0,177,18846.0,-22.125
190.0,183,17200.0,89.58333333333333,0.36526775245236937,39,4083.0,0.0501395608655682,58,6723.0,0.0,26,2509.0,0.009566200770325176,60,6311.0,0.0,183,19626.0,-22.875
195.0,187,18127.0,94.90575916230367,0.12853093085704562,40,4281.0,0.017959084540015255,58,7013.0,0.0,29,2648.0,0.00015951973864242387,60,6611.0,0.0,187,20553.0,-23.375
200.0,190,19070.0,99.84293193717278,0.06642664906056732,43,4490.0,8.440896987482045e-05,58,7303.0,0.0,29,2793.0,1.7562571403810735e-06,60,6911.0,1.24465081773964e-07,190,21497.0,-23.75
205.0,190,20020.0,105.36842105263158,0.0,43,4705.0,0.0,58,7593.0,0.0,29,2938.0,0.0,60,7211.0,0.0,190,22447.0,-23.75
210.0,190,20970.0,110.36842105263158,0.0,43,4920.0,0.0,58,7883.0,0.0,29,3083.0,0.0,60,7511.0,0.0,190,23397.0,-23.75
215.0,190,21920.0,115.36842105263158,0.0,43,5135.0,0.0,58,8173.0,0.0,29,3228.0,0.0,60,7811.0,0.0,190,24347.0,-23.75
220.0,190,22870.0,120.36842105263158,0.0,43,5350.0,0.0,58,8463.0,0.0,29,3373.0,0.0,60,8111.0,0.0,190,25297.0,-23.75
225.0,190,23820.0,125.36842105263158,0.0,43,5565.0,0.0,58,8753.0,0.0,29,3518.0,0.0,60,8411.0,0.0,190,26247.0,-23.75
230.0,190,24770.0,130.3684210526316,0.0,43,5780.0,0.0,58,9043.0,0.0,29,3663.0,0.0,60,8711.0,0.0,190,27197.0,-23.75
235.0,190,25720.0,135.3684210526316,0.0,43,5995.0,0.0,58,9333.0,0.0,29,3808.0,0.0,60,9011.0,0.0,190,28147.0,-23.75
240.0,190,26670.0,140.3684210526316,0.0,43,6210.0,0.0,58,9623.0,0.0,29,3953.0,0.0,60,9311.0,0.0,190,29097.0,-23.75
245.0,187,27056.0,142.4,0.053546077899397776,43,6425.0,0.0,55,9691.0,0.0059946827685707586,29,4098.0,0.0,60,9611.0,0.0,187,29825.0,-23.375
250.0,188,27996.0,147.34736842105264,0.12740369564778153,43,6640.0,0.0,56,9779.0,0.0,29,4243.0,0.0,60,9911.0,0.0,188,30573.0,-23.5
255.0,188,28936.0,152.29473684210527,0.13857645252189993,43,6855.0,0.0,56,10059.0,0.0,29,4388.0,0.0,60,10211.0,0.0,188,31513.0,-23.5
260.0,188,29876.0,157.2421052631579,0.13709211977049074,43,7070.0,0.0,56,10339.0,0.0,29,4533.0,0.0,60,10511.0,0.0,188,32453.0,-23.5
265.0,188,30816.0,163.04761904761904,0.06757126967124996,43,7285.0,0.0,56,10619.0,0.0,29,4678.0,0.0,60,10811.0,0.0,188,33393.0,-23.5
270.0,188,31756.0,168.91489361702128,0.0,43,7500.0,0.0,56,10899.0,0.0,29,4823.0,0.0,60,11111.0,0.0,188,34333.0,-23.5
275.0,188,32696.0,173.91489361702128,0.0,43,7715.0,0.0,56,11179.0,0.0,29,4968.0,0.0,60,11411.0,0.0,188,35273.0,-23.5
280.0,188,33636.0,178.91489361702128,0.0,43,7930.0,0.0,56,11459.0,0.0,29,5113.0,0.0,60,11711.0,0.0,188,36213.0,-23.5
285.0,182,33280.0,177.0212765957447,0.11624000260709547,37,7692.0,0.020036424409929567,56,11741.0,0.007334751293465403,29,5258.0,0.0,60,12011.0,0.0,182,36702.0,-22.75
290.0,173,32576.0,173.27659574468086,0.4524361894595475,27,7004.0,0.06522094224677608,57,12022.0,0.014708207805264235,29,5403.0,0.0,60,12311.0,0.0,173,36740.0,-21.625
295.0,173,32880.0,175.8288770053476,0.44959946755397656,26,6902.0,0.061676323491385805,58,12308.0,0.01402985510749454,29,5548.0,0.0,60,12611.0,0.0,173,37369.0,-21.625
300.0,175,33054.0,176.75935828877004,0.30441035055202276,27,7034.0,0.02845425131914778,59,12600.0,0.0,29,5693.0,0.0,60,12911.0,0.0,175,38238.0,-21.875
305.0,178,33821.0,182.81621621621622,0.09517867751374604,30,7178.0,0.014433596564862863,59,12895.0,0.0,29,5838.0,0.0,60,13211.0,0.0,178,39122.0,-22.25
310.0,181,34721.0,187.6810810810811,0.0557360476635582,33,7338.0,0.001541964990114481,59,13190.0,0.0,29,5983.0,0.0,60,13511.0,0.0,181,40022.0,-22.625
315.0,184,35638.0,193.68478260869566,5.64044419449645e-05,36,7516.0,2.001759329226473e-05,59,13485.0,0.0,29,6128.0,0.0,60,13811.0,0.0,184,40940.0,-23.0
320.0,184,36558.0,198.68478260869566,2.0959788891173034e-06,36,7696.0,7.100584149114239e-07,59,13780.0,0.0,29,6273.0,0.0,60,14111.0,0.0,184,41860.0,-23.0
325.0,171,34626.0,188.18478260869566,0.25173060282924525,33,7709.0,0.010334599225097094,55,13571.0,0.005562921077393968,29,6420.0,0.011324289046378522,54,13822.0,0.010213135043060716,171,41522.0,-21.375
330.0,156,31936.0,174.5136612021858,1.0199007573908294,31,7618.0,0.05023103350539582,50,13255.0,0.025553315571020176,29,6565.0,0.050999497992981035,46,12970.0,0.07128033360156268,156,40408.0,-19.5
335.0,149,29586.0,161.672131147541,1.1234863613556971,29,7362.0,0.03642086887206789,47,13223.0,0.029834399523701635,30,6713.0,0.031160384910601496,43,12983.0,0.08585140127608852,149,40281.0,-18.625
340.0,151,28922.0,159.79005524861878,0.932811848243219,30,7245.0,0.0003483733270241979,49,13466.0,0.04686513795860438,31,6867.0,0.026726420775737413,41,12651.0,0.02838835179025518,151,40229.0,-18.875
345.0,145,26232.0,145.73333333333332,0.8282446524389756,31,7400.0,8.542962703356935e-07,45,13068.0,0.0307932925740043,31,7022.0,0.00030870621195101,38,12237.0,0.03154582097786436,145,39727.0,-18.125
350.0,138,21880.0,122.92134831460675,1.0988984534707094,31,7555.0,0.0,38,12420.0,0.062297444467377824,32,7184.0,0.053066580939536416,37,11272.0,0.06427907363508575,138,38431.0,-17.25
355.0,126,17770.0,101.54285714285714,1.146048999196776,29,7458.0,0.05193881025048258,30,11388.0,0.06528711919510753,32,7344.0,0.029990589480404627,35,10942.0,0.045184783666994084,126,37132.0,-15.75
360.0,119,16734.0,97.29069767441861,1.3656082233372993,29,7603.0,0.10465200390729995,26,10195.0,0.10799144731533453,34,7516.0,0.013647675989010039,30,10525.0,0.02538738354343667,119,35839.0,-14.875
365.0,123,15256.0,89.21637426900585,1.7171316799020642,27,7408.0,0.09088162342932676,25,9537.0,0.13334573576081665,36,7692.0,0.04347508839148693,35,9558.0,0.013340635490563175,123,34195.0,-15.375
370.0,118,13908.0,82.78571428571429,1.7617906898668592,24,7199.0,0.1311131571367392,27,8862.0,0.09513845349431423,37,7873.0,0.05213957549427158,30,9154.0,0.02981899306006667,118,33088.0,-14.75
375.0,119,13197.0,79.98181818181818,1.597102937996749,25,7322.0,0.12010883700168608,31,8489.0,0.10845892666161411,39,8063.0,0.021111874665255766,24,8696.0,0.04921032699265631,119,32570.0,-14.875
380.0,124,12964.0,79.53374233128834,1.4138530655930661,26,7453.0,0.10005721280340077,31,8130.0,0.12067479494412785,40,8261.0,0.026230105744568258,27,8044.0,0.037013216102762564,124,31888.0,-15.5
385.0,135,13622.0,85.1375,0.9349367249342044,32,7607.0,0.07417301517520475,31,7551.0,0.08265149262838574,42,8466.0,0.021592371622991217,30,7695.0,0.006366587439469635,135,31319.0,-16.875
390.0,139,14256.0,90.22784810126582,0.555377213669206,38,7787.0,0.03308285035690395,31,7704.0,0.0459969668515322,42,8676.0,0.010618281242295009,28,7834.0,0.02654131018580799,139,32001.0,-17.375
395.0,147,14958.0,94.67088607594937,0.3523317973812857,42,7992.0,0.04909753011618427,31,7859.0,2.3002993313141179e-07,44,8894.0,1.888860933004561e-06,30,7984.0,0.002354889035613285,147,32729.0,-18.375
400.0,154,15713.0,99.4493670886076,0.18338405590056858,45,8211.0,0.02031906903369506,31,8014.0,3.121892086054262e-07,44,9114.0,2.3363545070555505e-07,34,8145.0,0.00023589247184904865,154,33484.0,-19.25
405.0,150,16288.0,103.7452229299363,0.18857940035745988,41,8359.0,0.027061631885303538,31,8169.0,0.0,44,9334.0,0.0,34,8315.0,8.06999829652161e-06,150,34177.0,-18.75
410.0,138,15219.0,98.18709677419355,0.4432358426981455,34,8483.0,0.05205813195497445,31,8324.0,0.0,39,8900.0,0.014432457297546237,34,8485.0,0.0,138,34192.0,-17.25
415.0,128,14015.0,92.20394736842105,0.6778515189983929,32,8611.0,0.03460928683354439,31,8479.0,0.0,34,8489.0,0.03527642274175442,31,8240.0,0.01161370666958495,128,33819.0,-16.0
420.0,121,13298.0,87.48684210526316,0.9836866194024424,33,8737.0,0.013156127112493038,31,8634.0,0.0,33,8385.0,0.034404696696749545,24,8265.0,0.04031623746101876,121,34021.0,-15.125
425.0,118,13093.0,86.70860927152317,1.1133495809443368,33,8893.0,0.013696609318558081,31,8789.0,0.0,34,8552.0,0.03967795653922362,20,7952.0,0.056611257976125824,118,34186.0,-14.75
430.0,117,13528.0,90.18666666666667,0.9704190409372749,29,8990.0,0.020240196104424815,31,8944.0,0.0,39,8733.0,0.005104621250217533,18,8041.0,0.05505470003956901,117,34708.0,-14.625
435.0,125,14129.0,96.1156462585034,0.6158635128423746,30,9133.0,0.015690416413955955,31,9099.0,0.0,43,8943.0,0.002083446687322801,21,8140.0,0.04603507952113217,125,35315.0,-15.625
440.0,132,13793.0,96.45454545454545,0.21387704139512917,33,9291.0,0.008801950641399764,28,8916.0,0.011699611141580017,46,9168.0,0.00016950263933543117,25,8256.0,0.0059668359125722515,132,35631.0,-16.5
445.0,138,14471.0,101.90845070422536,0.16577651852509587,36,9466.0,0.031120841552672952,28,8404.0,0.0,46,9398.0,2.8786239017371245e-06,28,8391.0,0.018274432429410726,138,35659.0,-17.25
450.0,140,15167.0,106.80985915492958,0.03470953456318921,37,9650.0,0.008810404180257829,28,8544.0,0.0,46,9628.0,0.0,29,8533.0,4.07627015117137e-05,140,36355.0,-17.5
455.0,142,15874.0,111.78873239436619,3.2068577779186865e-05,39,9842.0,8.163865216044824e-06,28,8684.0,0.0,46,9858.0,0.0,29,8678.0,2.963774752607093e-07,142,37062.0,-17.75
460.0,142,16584.0,116.78873239436619,0.0,39,10037.0,0.0,28,8824.0,0.0,46,10088.0,0.0,29,8823.0,0.0,142,37772.0,-17.75
465.0,142,17294.0,121.78873239436619,0.0,39,10232.0,0.0,28,8964.0,0.0,46,10318.0,0.0,29,8968.0,0.0,142,38482.0,-17.75
470.0,142,18004.0,126.78873239436619,0.0,39,10427.0,0.0,28,9104.0,0.0,46,10548.0,0.0,29,9113.0,0.0,142,39192.0,-17.75
475.0,142,18714.0,131.7887323943662,0.0,39,10622.0,0.0,28,9244.0,0.0,46,10778.0,0.0,29,9258.0,0.0,142,39902.0,-17.75
480.0,139,19275.0,135.7394366197183,0.07804887412182547,39,10817.0,0.0,28,9384.0,0.0,46,11010.0,0.00911814331219458,26,9020.0,0.012580391916615233,139,40231.0,-17.375
485.0,134,19728.0,138.92957746478874,0.1756018030474393,39,11012.0,0.0,28,9524.0,0.0,46,11240.0,0.014834835011199537,21,8392.0,0.042768031255813826,134,40168.0,-16.75
490.0,134,20225.0,142.42957746478874,0.1214467842067449,39,11207.0,0.0,28,9664.0,0.0,49,11481.0,2.1911147539025865e-05,18,8485.0,0.04743886875257049,134,40837.0,-16.75
495.0,137,20905.0,147.21830985915494,0.05645598299224694,39,11402.0,0.0,28,9804.0,0.0,49,11726.0,0.0,21,8585.0,0.022061893302087607,137,41517.0,-17.125
500.0,140,21598.0,152.09859154929578,0.0029907826780648733,39,11597.0,0.0,28,9944.0,0.0,49,11971.0,0.0,24,8698.0,0.0011944286932287682,140,42210.0,-17.5
505.0,142,22307.0,157.09154929577466,2.9982387883747117e-05,39,11792.0,0.0,28,10084.0,0.0,49,12216.0,0.0,26,8827.0,1.1729943319268024e-05,142,42919.0,-17.75
510.0,136,21063.0,148.33098591549296,0.1405164635821708,39,11989.0,0.01000905039045045,28,10224.0,0.0,43,11616.0,0.012778426761865821,26,8957.0,0.0,136,42786.0,-17.0
515.0,126,19372.0,137.39007092198582,0.5099911375862801,39,12184.0,0.019336972920014874,28,10364.0,0.0,33,10150.0,0.05523950915572516,26,9087.0,0.0,126,41785.0,-15.75
520.0,117,17651.0,126.07857142857142,0.9851582820287872,41,12386.0,0.041784702117341616,28,10504.0,0.0,25,8995.0,0.10692651951206274,23,8756.0,0.011697022824101424,117,40641.0,-14.625
525.0,106,15795.0,112.82142857142857,1.7615306249543825,42,12594.0,0.06472597856683668,28,10646.0,0.05673952579988746,18,7998.0,0.17737926453836456,18,7967.0,0.0526236575407802,106,39205.0,-13.25
530.0,105,14801.0,108.03649635036497,1.8487399743802035,44,12807.0,0.01993236258213324,28,10786.0,0.12831848573446603,19,7691.0,0.17181883799975822,14,6749.0,0.09505600863890792,105,38033.0,-13.125
535.0,106,13856.0,102.63703703703703,1.6902222351387435,46,13034.0,1.6580524488510034e-05,28,10924.0,0.11803570292334237,21,7475.0,0.10376487890115586,11,6807.0,0.1300840337267103,106,38240.0,-13.25
540.0,111,14277.0,108.1590909090909,1.2197178784180311,46,13264.0,0.026220732773830423,28,11064.0,0.04190427504346488,24,7460.0,0.03941855856681588,13,6864.0,0.11119499655125484,111,38652.0,-13.875
545.0,118,14855.0,113.3969465648855,0.6824498232063925,48,13499.0,0.016846664183472894,28,11204.0,0.0,26,7589.0,2.9604959440443465e-05,16,6938.0,0.012252068162865294,118,39230.0,-14.75
550.0,122,15458.0,120.765625,0.36354791978155576,49,13743.0,0.012272572950816239,28,11344.0,0.0,26,7719.0,0.0,19,7027.0,0.0009537262229483629,122,39833.0,-15.25
555.0,124,16078.0,127.60317460317461,0.211798194397523,50,13993.0,0.01907056965789257,28,11484.0,0.0,26,7849.0,0.0,20,7127.0,9.884868710129946e-06,124,40453.0,-15.5
560.0,124,16690.0,133.52,0.07973369056568676,50,14240.0,0.0133311880500971,28,11624.0,0.0,26,7979.0,0.0,20,7227.0,3.3687687589924996e-07,124,41070.0,-15.5
565.0,124,17310.0,138.48,0.09030823159967152,50,14490.0,0.015098987980983516,28,11764.0,0.0,26,8109.0,0.0,20,7327.0,0.0,124,41690.0,-15.5
570.0,125,17932.0,143.456,2.7355225769821507e-05,51,14742.0,4.573627650539973e-06,28,11904.0,0.0,26,8239.0,0.0,20,7427.0,0.0,125,42312.0,-15.625
575.0,125,18557.0,148.456,0.0,51,14997.0,0.0,28,12044.0,0.0,26,8369.0,0.0,20,7527.0,0.0,125,42937.0,-15.625
580.0,125,19182.0,153.456,0.0,51,15252.0,0.0,28,12184.0,0.0,26,8499.0,0.0,20,7627.0,0.0,125,43562.0,-15.625
585.0,125,19807.0,158.456,0.0,51,15507.0,0.0,28,12324.0,0.0,26,8629.0,0.0,20,7727.0,0.0,125,44187.0,-15.625
590.0,125,20432.0,163.456,0.0,51,15762.0,0.0,28,12464.0,0.0,26,8759.0,0.0,20,7827.0,0.0,125,44812.0,-15.625
595.0,122,20879.0,167.032,0.09424684433030012,51,16017.0,0.0,28,12604.0,0.0,26,8889.0,0.0,17,7439.0,0.022774971479363033,122,44949.0,-15.25
600.0,117,21199.0,169.592,0.385846920410975,51,16272.0,0.0,28,12746.0,0.05674217040816709,26,9019.0,0.0,12,6558.0,0.07963408769823127,117,44595.0,-14.625
605.0,113,21533.0,172.264,0.6453600784587393,49,16478.0,0.0038697042679908243,28,12886.0,0.1140649838271956,26,9149.0,0.0,10,6137.0,0.10983535120107298,113,44650.0,-14.125
610.0,116,22106.0,178.2741935483871,0.47097896034086006,49,16683.0,0.0,28,13024.0,0.05426081849535252,26,9279.0,0.0,13,6195.0,0.03185595362582606,116,45181.0,-14.5
615.0,119,22693.0,183.00806451612902,0.23580747778557634,49,16928.0,0.012401961392896683,28,13164.0,0.005951568314487138,26,9409.0,0.0,16,6267.0,0.0002719126364880013,119,45768.0,-14.875
620.0,121,23293.0,187.84677419354838,0.20196313014259223,50,17177.0,0.0183333072749055,29,13305.0,6.203520375392675e-05,26,9539.0,0.0,16,6347.0,2.5750921882137964e-06,121,46368.0,-15.125
625.0,122,23903.0,195.9262295081967,9.740220036114667e-07,51,17432.0,1.7499222456224038e-07,29,13450.0,0.0,26,9669.0,0.0,16,6427.0,0.0,122,46978.0,-15.25
630.0,122,24513.0,200.9262295081967,8.215025359608432e-07,51,17687.0,0.0,29,13595.0,0.0,26,9799.0,0.0,16,6507.0,4.3660452583727754e-07,122,47588.0,-15.25
635.0,122,25123.0,205.9262295081967,0.0,51,17942.0,0.0,29,13740.0,0.0,26,9929.0,0.0,16,6587.0,0.0,122,48198.0,-15.25
640.0,122,25733.0,210.9262295081967,1.0589442544214094e-06,51,18197.0,0.0,29,13885.0,0.0,26,10059.0,0.0,16,6667.0,6.313825247812627e-07,122,48808.0,-15.25
645.0,122,26343.0,215.9262295081967,8.5869321339225e-07,51,18452.0,0.0,29,14030.0,0.0,26,10189.0,0.0,16,6747.0,4.585009856660599e-07,122,49418.0,-15.25
650.0,116,26114.0,214.04918032786884,0.15155011729266474,51,18707.0,0.0,29,14175.0,0.0,23,9746.0,0.011528356695968196,13,6318.0,0.017804432280541824,116,48946.0,-14.5
655.0,107,25354.0,207.81967213114754,0.7734114734721113,51,18962.0,0.0,29,14322.0,0.053585457679682695,18,8747.0,0.05012202175887534,9,5379.0,0.1802207375734443,107,47410.0,-13.375
660.0,104,24966.0,204.63934426229508,1.0689625748061855,51,19217.0,0.0,29,14467.0,0.08734988824783986,14,7739.0,0.11430073153714407,10,5426.0,0.20820368553546478,104,46849.0,-13.0
665.0,104,24347.0,199.5655737704918,0.6150577208602346,51,19472.0,0.0,30,14613.0,0.015165291668350452,10,7258.0,0.12308182904503344,13,5485.0,0.13024467469433104,104,46828.0,-13.0
670.0,111,24891.0,204.02459016393442,0.3773358326833019,51,19727.0,0.0,32,14768.0,7.480936801794704e-05,12,7313.0,0.11079400307351461,16,5564.0,0.05764223190037775,111,47372.0,-13.875
675.0,117,25468.0,208.75409836065575,0.057444568551877226,51,19982.0,0.0,32,14928.0,0.0,15,7384.0,0.025468140984875442,19,5655.0,6.32388632469677e-05,117,47949.0,-14.625
680.0,121,26064.0,213.63934426229508,0.002761378390050329,51,20237.0,0.0,32,15088.0,0.0,19,7470.0,0.0012299357552665237,19,5750.0,5.080248422840662e-07,121,48545.0,-15.125
685.0,122,26674.0,218.63934426229508,2.9824526526233845e-05,51,20492.0,0.0,32,15248.0,0.0,20,7570.0,1.3395413801267313e-05,19,5845.0,0.0,122,49155.0,-15.25
690.0,122,27284.0,223.63934426229508,0.0,51,20747.0,0.0,32,15408.0,0.0,20,7670.0,0.0,19,5940.0,0.0,122,49765.0,-15.25
695.0,122,27894.0,228.63934426229508,0.0,51,21002.0,0.0,32,15568.0,0.0,20,7770.0,0.0,19,6035.0,0.0,122,50375.0,-15.25
700.0,122,28504.0,233.63934426229508,0.0,51,21257.0,0.0,32,15728.0,0.0,20,7870.0,0.0,19,6130.0,0.0,122,50985.0,-15.25
705.0,119,28006.0,229.55737704918033,0.06779463911568633,51,21512.0,0.0,29,15244.0,0.0069365490762632685,20,7970.0,0.0,19,6225.0,0.0,119,50951.0,-14.875
710.0,111,25939.0,212.61475409836066,0.45663807615667346,48,21448.0,0.004362177200568669,24,14109.0,0.03511245027061334,20,8070.0,4.785724385731285e-07,19,6322.0,0.08085623207474085,111,49949.0,-13.875
715.0,109,25391.0,208.12295081967213,0.6173119103910357,44,21057.0,0.021869093074364215,26,14234.0,0.02606909915750604,20,8172.0,0.0740669249372012,19,6417.0,0.06984796349190825,109,49880.0,-13.625
720.0,109,24585.0,203.1818181818182,0.44633784009854677,39,20660.0,0.04826265542939089,28,14370.0,0.0008858208422190796,21,8274.0,0.04848205933513174,21,6519.0,1.0472009816064727e-05,109,49823.0,-13.625
725.0,105,24312.0,200.92561983471074,0.4773365201812325,35,20247.0,0.05741165952033898,29,14515.0,6.232010237350622e-07,20,7787.0,0.040746389469545126,21,6624.0,0.0,105,49173.0,-13.125
730.0,98,24151.0,199.59504132231405,0.9607230291450383,35,20419.0,0.060114578172441785,25,14478.0,0.008222013141488068,17,6713.0,0.09534349794562758,21,6731.0,0.0749826982824058,98,48341.0,-12.25
735.0,95,24453.0,202.0909090909091,1.147205380307672,36,20303.0,0.05586413807704796,25,14481.0,0.0,13,5055.0,0.14601307176938885,21,6834.0,0.10877153422806861,95,46673.0,-11.875
740.0,94,24859.0,207.15833333333333,0.8455467938868103,36,20479.0,0.05698310441031147,25,14606.0,0.0,10,5110.0,0.17029694827182973,23,6943.0,0.04158649515541729,94,47138.0,-11.75
745.0,100,25337.0,212.91596638655463,0.6408171651997127,39,20664.0,0.026363702387962117,25,14731.0,0.0,13,5170.0,0.13772011801510012,23,7053.0,0.0566353843094611,100,47618.0,-12.5
750.0,110,25868.0,217.3781512605042,0.1719744272657882,42,20871.0,0.0237057249528815,25,14856.0,0.0,17,5245.0,0.019521666990774986,26,7177.0,0.0004858387415360068,110,48149.0,-13.75
755.0,117,26441.0,224.07627118644066,0.0021843041049319383,45,21092.0,9.935727236750665e-05,25,14981.0,0.0,20,5338.0,0.0006687195963705051,27,7312.0,2.0632630380260024e-06,117,48723.0,-14.625
760.0,109,26390.0,223.64406779661016,0.2756875189082869,45,21317.0,6.032180407073145e-06,22,14430.0,0.015766846895023983,21,5442.0,1.2343504260475172e-06,21,6757.0,0.02660984880852202,109,47946.0,-13.625
765.0,97,25421.0,215.4322033898305,1.270811243188053,42,20993.0,0.006080860509095328,20,13211.0,0.11468225383960834,21,5547.0,0.0,14,5586.0,0.15353368392694303,97,45337.0,-12.125
770.0,96,25600.0,218.8034188034188,1.4418283771080254,41,20729.0,0.013306124526818622,21,12679.0,0.14807460258523494,21,5652.0,0.0,13,5324.0,0.0981182075926202,96,44384.0,-12.0
775.0,103,26102.0,225.01724137931035,1.1006131825339078,42,20938.0,0.0,21,12782.0,0.07736183593645507,21,5757.0,1.0156509249242166e-06,19,5407.0,0.019953865729668334,103,44884.0,-12.875
780.0,107,26628.0,233.57894736842104,0.7698788213067268,42,21148.0,0.0,21,12887.0,0.0,21,5862.0,0.0,23,5513.0,0.00038316509136192566,107,45410.0,-13.375
785.0,104,27025.0,245.6818181818182,0.4407133266423593,39,21010.0,0.008723909587325076,21,12992.0,0.0,21,5967.0,3.98297776841756e-07,23,5628.0,1.5185970460708846e-05,104,45597.0,-13.0
790.0,99,27320.0,250.6422018348624,0.7027449340947064,34,20538.0,0.030162268993131958,21,13097.0,0.0,21,6074.0,0.07436049073941767,23,5743.0,0.0,99,45452.0,-12.375
795.0,96,27685.0,253.9908256880734,0.8477471010620318,31,19946.0,0.05331709298467044,21,13202.0,0.0,21,6179.0,0.08828513718811769,23,5858.0,0.0,96,45185.0,-12.0
800.0,95,28058.0,262.22429906542055,0.6615372955025319,31,19733.0,0.06068824228233436,21,13307.0,0.0,24,6292.0,0.055663881288001996,19,5800.0,0.012531837809139277,95,45132.0,-11.875
805.0,93,28426.0,265.66355140186914,0.7873395924934319,31,19743.0,0.009004379387388342,21,13414.0,0.07340622601194363,26,6416.0,0.052884533048796374,15,5641.0,0.05931744650475155,93,45214.0,-11.625
810.0,95,28893.0,270.02803738317755,0.8027203299349841,31,19819.0,0.0,21,13519.0,0.11384169106508955,26,6543.0,0.042968017187248846,17,5722.0,0.01544838266659489,95,45603.0,-11.875
815.0,97,29364.0,274.4299065420561,0.7316062760428299,31,19974.0,0.023694075061531227,21,13622.0,0.07362764992732802,26,6670.0,0.0716615177244902,19,5813.0,0.0002119488366138251,97,46079.0,-12.125
820.0,100,29857.0,279.0373831775701,0.6139421357010488,31,20129.0,0.05664271292080339,21,13727.0,0.0016624772307731045,29,6807.0,0.059633455256150616,19,5908.0,0.0,100,46571.0,-12.5
825.0,102,30357.0,289.1142857142857,0.1837647399966588,31,20284.0,0.03036569906070137,22,13837.0,0.0,30,6947.0,0.0162634913716917,19,6003.0,0.0,102,47071.0,-12.75
830.0,102,30861.0,293.9142857142857,0.08794507509226514,31,20439.0,0.00666845151671714,21,13937.0,0.0,31,7101.0,0.0008824569598562527,19,6098.0,0.0,102,47575.0,-12.75
835.0,104,31379.0,298.84761904761905,0.13056056079076744,32,20600.0,0.02928814535590108,21,14042.0,0.0,32,7260.0,4.970115119755617e-06,19,6193.0,0.0,104,48095.0,-13.0
840.0,104,31899.0,303.8,0.13474142848072804,32,20760.0,0.030230721936816748,21,14147.0,0.0,32,7420.0,0.0,19,6288.0,0.0,104,48615.0,-13.0
845.0,104,32419.0,311.72115384615387,0.0,32,20918.0,0.0,21,14252.0,0.0,32,7580.0,0.0,19,6383.0,0.0,104,49133.0,-13.0
850.0,104,32939.0,316.72115384615387,0.0,32,21078.0,0.0,21,14357.0,0.0,32,7740.0,0.0,19,6478.0,0.0,104,49653.0,-13.0
855.0,101,33319.0,320.375,0.1274351731522811,32,21238.0,0.0,21,14462.0,0.0,32,7900.0,0.0,16,6404.0,0.02556186944978181,101,50004.0,-12.625
860.0,100,33777.0,324.77884615384613,0.4115607020396608,32,21398.0,0.0,21,14569.0,0.10550408558165068,32,8060.0,0.0,15,6212.0,0.0,100,50239.0,-12.5
865.0,100,34277.0,329.58653846153845,0.45762159065581953,32,21558.0,0.0,21,13954.0,0.13759196883432867,32,8220.0,0.0,15,6287.0,0.0,100,50019.0,-12.5
870.0,100,34777.0,337.6407766990291,0.3195440191434694,32,21718.0,0.019153956378555714,21,14057.0,0.07443232187450317,32,8380.0,0.0,15,6362.0,0.0,100,50517.0,-12.5
875.0,100,35277.0,342.49514563106794,0.3458315756979013,32,21878.0,0.0738878468723674,21,14162.0,0.0,32,8540.0,0.0,15,6437.0,0.0,100,51017.0,-12.5
880.0,100,35777.0,347.3495145631068,0.36401038794339563,32,22038.0,0.07604034482282619,21,14267.0,0.0,32,8700.0,0.0,15,6512.0,0.0,100,51517.0,-12.5
885.0,99,36223.0,355.12745098039215,0.20990987663608496,31,22144.0,0.007162462604884192,21,14372.0,0.0,32,8860.0,0.0,15,6587.0,0.0,99,51963.0,-12.375
890.0,99,36718.0,359.98039215686276,0.3511832783463232,31,22299.0,0.0,21,14477.0,0.0,32,9020.0,0.0,15,6662.0,0.0,99,52458.0,-12.375
895.0,99,37213.0,364.8333333333333,0.36800793136878623,31,22454.0,0.0,21,14582.0,0.0,32,9180.0,0.0,15,6737.0,0.0,99,52953.0,-12.375
900.0,99,37708.0,369.6862745098039,0.36432257066674856,31,22609.0,0.0,21,14687.0,0.0,32,9340.0,0.0,15,6812.0,0.0,99,53448.0,-12.375
905.0,99,38203.0,378.2475247524753,0.2390096747154253,31,22764.0,0.0,21,14792.0,0.0,32,9500.0,0.0,15,6887.0,0.0,99,53943.0,-12.375
910.0,99,38698.0,390.8888888888889,0.0,31,22919.0,0.0,21,14897.0,0.0,32,9660.0,0.0,15,6962.0,0.0,99,54438.0,-12.375
915.0,99,39193.0,395.8888888888889,0.0,31,23074.0,0.0,21,15002.0,0.0,32,9820.0,0.0,15,7037.0,0.0,99,54933.0,-12.375
920.0,99,39688.0,400.8888888888889,0.0,31,23229.0,0.0,21,15107.0,0.0,32,9980.0,0.0,15,7112.0,0.0,99,55428.0,-12.375
925.0,99,40183.0,405.8888888888889,0.0,31,23384.0,0.0,21,15212.0,0.0,32,10140.0,0.0,15,7187.0,0.0,99,55923.0,-12.375
930.0,99,40678.0,410.8888888888889,0.0,31,23539.0,0.0,21,15317.0,0.0,32,10300.0,0.0,15,7262.0,0.0,99,56418.0,-12.375
935.0,99,41173.0,415.8888888888889,0.0,31,23694.0,0.0,21,15422.0,0.0,32,10460.0,0.0,15,7337.0,0.0,99,56913.0,-12.375
940.0,99,41668.0,420.8888888888889,0.0,31,23849.0,0.0,21,15527.0,0.0,32,10620.0,0.0,15,7412.0,0.0,99,57408.0,-12.375
945.0,99,42163.0,425.8888888888889,0.0,31,24004.0,0.0,21,15632.0,0.0,32,10780.0,0.0,15,7487.0,0.0,99,57903.0,-12.375
950.0,99,42658.0,430.8888888888889,0.0,31,24159.0,0.0,21,15737.0,0.0,32,10940.0,0.0,15,7562.0,0.0,99,58398.0,-12.375
955.0,96,41759.0,421.80808080808083,0.06560626167465086,31,24314.0,0.0,21,15842.0,0.0,32,11100.0,0.0,12,6810.0,0.012631081512023894,96,58066.0,-12.0
960.0,92,40384.0,407.9191919191919,0.38490492285782923,31,24469.0,0.0,21,15947.0,0.0,32,11262.0,0.046295437832076604,8,5234.0,0.06895628500487445,92,56912.0,-11.5
965.0,89,39223.0,396.19191919191917,0.27106693612568866,31,24624.0,0.0,21,16052.0,0.0,33,11423.0,0.018571899353214086,4,5261.0,0.10254973792792398,89,57360.0,-11.125
970.0,90,39085.0,394.7979797979798,0.33113592259254754,31,24779.0,0.0,21,16157.0,0.0,34,11591.0,0.02714796453296048,4,5277.0,0.09937938071835319,90,57804.0,-11.25
975.0,93,39543.0,403.5,0.06173745047002429,31,24934.0,0.0,21,16262.0,0.0,34,11761.0,0.0,7,5305.0,0.036357553833910886,93,58262.0,-11.625
980.0,96,40017.0,408.33673469387753,0.0034370032189039593,31,25089.0,0.0,21,16367.0,0.0,34,11931.0,0.0,10,5349.0,0.002038609167638756,96,58736.0,-12.0
985.0,98,40503.0,413.2959183673469,0.00013424688725895733,31,25244.0,0.0,21,16472.0,0.0,34,12101.0,0.0,12,5405.0,8.495507273622339e-05,98,59222.0,-12.25
990.0,98,40993.0,418.2959183673469,1.1251596248432231e-06,31,25399.0,0.0,21,16577.0,0.0,34,12271.0,0.0,12,5465.0,6.815091543555418e-07,98,59712.0,-12.25
995.0,98,41483.0,423.2959183673469,0.0,31,25554.0,0.0,21,16682.0,0.0,34,12441.0,0.0,12,5525.0,0.0,98,60202.0,-12.25
1000.0,98,41973.0,428.2959183673469,0.0,31,25709.0,0.0,21,16787.0,0.0,34,12611.0,0.0,12,5585.0,0.0,98,60692.0,-12.25
1005.0,98,42463.0,433.2959183673469,0.0,31,25864.0,0.0,21,16892.0,0.0,34,12781.0,0.0,12,5645.0,0.0,98,61182.0,-12.25
1010.0,98,42953.0,438.2959183673469,0.0,31,26019.0,0.0,21,16997.0,0.0,34,12951.0,0.0,12,5705.0,0.0,98,61672.0,-12.25
1015.0,98,43443.0,443.2959183673469,0.0,31,26174.0,0.0,21,17102.0,0.0,34,13121.0,0.0,12,5765.0,0.0,98,62162.0,-12.25
1020.0,98,43933.0,448.2959183673469,0.0,31,26329.0,0.0,21,17207.0,0.0,34,13285.0,0.0,12,5825.0,0.0,98,62646.0,-12.25
1025.0,98,44423.0,453.2959183673469,0.0,31,26484.0,0.0,21,17311.0,0.0,34,13445.0,0.0,12,5881.0,0.0,98,63121.0,-12.25
1030.0,95,44719.0,456.31632653061223,0.09546057381016804,31,26636.0,0.0,21,17409.0,0.0,34,13604.0,0.011221208877811611,9,5058.0,0.023075547866510913,95,62707.0,-11.875
1035.0,91,44940.0,458.57142857142856,0.3510826693751224,31,26779.0,0.0,21,17507.0,0.0,34,13746.0,0.029435261163646594,5,3378.0,0.10631166861319669,91,61410.0,-11.375
1040.0,89,45096.0,460.16326530612247,0.4555653529387028,31,26918.0,0.0,21,17602.0,0.0,35,13882.0,0.05117434765707521,2,3386.0,0.1424740224727743,89,61788.0,-11.125
1045.0,92,45549.0,464.7857142857143,0.298412144302843,31,27049.0,0.0,21,17692.0,0.0,35,14012.0,0.026206952552532584,5,3399.0,0.06614143608640782,92,62152.0,-11.5
1050.0,95,46017.0,469.5612244897959,0.22566430258774994,31,27174.0,0.0,21,17768.0,0.0,35,14135.0,0.0,8,3427.0,0.00251784437994995,95,62504.0,-11.875
1055.0,96,46497.0,474.4591836734694,0.2624986995171042,31,27285.0,0.0,21,17830.0,0.0,35,14255.0,0.0,9,3467.0,6.320849535413485e-05,96,62837.0,-12.0
1060.0,96,46977.0,479.35714285714283,0.26305106305821424,31,27386.0,0.0,21,17889.0,0.0,35,14375.0,0.0,9,3504.0,0.0,96,63154.0,-12.0
1065.0,96,47457.0,484.2551020408163,0.25880503680656863,31,27475.0,0.0,21,17943.0,0.0,35,14495.0,0.0,9,3538.0,0.0,96,63451.0,-12.0
1070.0,96,47937.0,499.34375,0.0,31,27555.0,0.0,21,17982.0,0.0,35,14604.0,0.0,9,3568.0,0.0,96,63709.0,-12.0
1075.0,95,48111.0,501.15625,0.049021908406333144,31,27628.0,0.0,20,17797.0,0.0,35,14698.0,0.0,9,3593.0,0.0,95,63716.0,-11.875
1080.0,95,48586.0,506.1041666666667,0.13575714169492273,31,27698.0,0.030060689881433744,20,17820.0,0.0,35,14777.0,0.0,9,3610.0,0.0,95,63905.0,-11.875
1085.0,95,49061.0,511.0520833333333,0.13551356428652211,31,27768.0,0.03000675456101791,20,17840.0,0.0,35,14852.0,0.0,9,3625.0,0.0,95,64085.0,-11.875
1090.0,95,49536.0,516.0,0.09147757071696198,31,27835.0,0.0,20,17856.0,0.0,35,14922.0,0.018005216931073542,9,3640.0,0.0,95,64253.0,-11.875
1095.0,95,50011.0,520.9479166666666,0.0020228683369829937,31,27896.0,0.0,20,17863.0,0.0,35,14989.0,0.0003981542463897688,9,3655.0,0.0,95,64403.0,-11.875
1100.0,96,50490.0,525.9375,7.5027811896012645e-06,31,27947.0,0.0,20,17868.0,0.0,36,15044.0,1.4767467243213557e-06,9,3670.0,0.0,96,64529.0,-12.0
1105.0,96,50970.0,530.9375,0.0,31,27990.0,0.0,20,17869.0,0.0,36,15090.0,0.0,9,3684.0,0.0,96,64633.0,-12.0
1110.0,96,51450.0,535.9375,0.0,31,28015.0,0.0,20,17869.0,0.0,36,15124.0,0.0,9,3689.0,0.0,96,64697.0,-12.0
1115.0,96,51930.0,540.9375,0.0,31,28027.0,0.0,20,17869.0,0.0,36,15149.0,0.0,9,3694.0,0.0,96,64739.0,-12.0
1120.0,96,52410.0,545.9375,0.0,31,28034.0,0.0,20,17869.0,0.0,36,15166.0,0.0,9,3699.0,0.0,96,64768.0,-12.0
1125.0,96,52890.0,550.9375,0.0,31,28039.0,0.0,20,17869.0,0.0,36,15168.0,0.0,9,3704.0,0.0,96,64780.0,-12.0
1130.0,93,53098.0,553.1041666666666,0.09462143259945065,31,28041.0,0.0,20,17869.0,0.0,36,15168.0,0.0,6,3113.0,0.035978668412637735,93,64191.0,-11.625
1135.0,89,53202.0,554.1875,0.47658037478047,31,28044.0,0.0,20,17869.0,0.0,36,15155.0,0.0535483554379986,2,1779.0,0.1830074205507798,89,62847.0,-11.125
1140.0,89,53470.0,556.9791666666666,0.25274505833609795,31,28052.0,0.0,20,17869.0,0.0,36,15149.0,0.02253274669588407,2,1754.0,0.13295909644468915,89,62824.0,-11.125
1145.0,94,53930.0,561.7708333333334,0.09461185212741137,31,28059.0,0.0,20,17869.0,0.0,38,15189.0,5.683920641030772e-06,5,1741.0,0.008723246699644015,94,62858.0,-11.75
1150.0,95,54404.0,566.7083333333334,0.14469235078358128,31,28060.0,0.0,20,17869.0,0.0,38,15211.0,0.0,6,1740.0,7.279103899641374e-05,95,62880.0,-11.875
1155.0,95,54879.0,571.65625,0.1527050260814665,31,28060.0,0.0,20,17869.0,0.0,38,15238.0,0.0,6,1740.0,0.0,95,62907.0,-11.875
1160.0,92,55292.0,575.9583333333334,0.2721562375437906,31,28060.0,0.0,20,17869.0,0.0,38,15250.0,0.010104077245103796,3,1421.0,0.07781976872669197,92,62600.0,-11.5
1165.0,89,55689.0,586.2,0.24644968037359524,31,28060.0,0.0,20,17869.0,0.0,38,15242.0,0.011927086751409296,0,823.0,0.37492184092813435,89,61994.0,-11.125
1170.0,93,56147.0,591.021052631579,0.1578945743273309,31,28060.0,0.0,20,17869.0,0.0,40,15240.0,0.0223951519116825,2,813.0,0.012789906851425751,93,61982.0,-11.625
1175.0,94,56617.0,602.3085106382979,0.0,31,28062.0,0.0,20,17869.0,0.0,40,15255.0,0.0,3,813.0,0.0,94,61999.0,-11.75
1180.0,94,57087.0,607.3085106382979,0.0,31,28077.0,0.0,20,17869.0,0.0,40,15260.0,0.0,3,813.0,0.0,94,62019.0,-11.75
1185.0,94,57557.0,612.3085106382979,0.0,31,28103.0,0.0,20,17869.0,0.0,40,15268.0,0.0,3,813.0,0.0,94,62053.0,-11.75
1190.0,94,58027.0,617.3085106382979,0.0,31,28122.0,0.0,20,17869.0,0.0,40,15278.0,0.0,3,813.0,0.0,94,62082.0,-11.75
1195.0,94,58497.0,622.3085106382979,0.0,31,28130.0,0.0,20,17869.0,0.0,40,15286.0,0.0,3,813.0,0.0,94,62098.0,-11.75
1200.0,94,58967.0,627.3085106382979,0.0,31,28132.0,0.0,20,17869.0,0.0,40,15291.0,0.0,3,813.0,0.0,94,62105.0,-11.75
1205.0,94,59437.0,632.3085106382979,0.0,31,28132.0,0.0,20,17869.0,0.0,40,15296.0,0.0,3,813.0,0.0,94,62110.0,-11.75
1210.0,94,59907.0,637.3085106382979,0.0,31,28132.0,0.0,20,17869.0,0.0,40,15301.0,0.0,3,813.0,0.0,94,62115.0,-11.75
1215.0,94,60377.0,642.3085106382979,0.0,31,28132.0,0.0,20,17869.0,0.0,40,15306.0,0.0,3,813.0,0.0,94,62120.0,-11.75
1220.0,94,60847.0,647.3085106382979,0.0,31,28132.0,0.0,20,17869.0,0.0,40,15311.0,0.0,3,813.0,0.0,94,62125.0,-11.75
1225.0,94,61317.0,652.3085106382979,0.0,31,28132.0,0.0,20,17869.0,0.0,40,15316.0,0.0,3,813.0,0.0,94,62130.0,-11.75
1230.0,91,61602.0,655.3404255319149,0.10818555685903151,31,28132.0,0.0,20,17869.0,0.0,40,15318.0,0.011241531391939627,0,547.0,0.1258943629413198,91,61866.0,-11.375
1235.0,94,62064.0,660.2553191489362,0.0008204523186515554,31,28132.0,0.0,20,17869.0,0.0,41,15321.0,5.254863354436214e-06,2,541.0,0.0030655661883622143,94,61863.0,-11.75
1240.0,94,62534.0,665.2553191489362,0.0,31,28132.0,0.0,20,17869.0,0.0,41,15326.0,0.0,2,541.0,0.0,94,61868.0,-11.75
1245.0,93,62530.0,665.2127659574468,0.0628527085700548,30,27571.0,0.0,20,17870.0,0.0,41,15331.0,0.0,2,541.0,0.0,93,61313.0,-11.625
1250.0,93,62995.0,670.1595744680851,0.13975745309584106,30,27571.0,0.0,20,17870.0,0.0,41,15336.0,0.0,2,541.0,0.0,93,61318.0,-11.625
1255.0,93,63460.0,675.1063829787234,0.1458417439941668,30,27571.0,0.0,20,17870.0,0.0,41,15341.0,0.0,2,541.0,0.0,93,61323.0,-11.625
1260.0,93,63925.0,680.0531914893617,0.1390579074395201,30,27571.0,0.0,20,17870.0,0.0,41,15346.0,0.0,2,541.0,0.0,93,61328.0,-11.625
1265.0,93,64390.0,692.3655913978495,0.0,30,27571.0,0.0,20,17870.0,0.0,41,15351.0,0.0,2,541.0,0.0,93,61333.0,-11.625
1270.0,93,64855.0,697.3655913978495,0.0,30,27571.0,0.0,20,17870.0,0.0,41,15356.0,0.0,2,541.0,0.0,93,61338.0,-11.625
1275.0,93,65320.0,702.3655913978495,0.0,30,27571.0,0.0,20,17870.0,0.0,41,15361.0,0.0,2,541.0,0.0,93,61343.0,-11.625
1280.0,93,65785.0,707.3655913978495,0.0,30,27571.0,0.0,20,17870.0,0.0,41,15366.0,0.0,2,541.0,0.0,93,61348.0,-11.625
1285.0,93,66250.0,712.3655913978495,0.0,30,27571.0,0.0,20,17876.0,0.0,41,15371.0,0.0,2,541.0,0.0,93,61359.0,-11.625
1290.0,93,66715.0,717.3655913978495,0.0,30,27586.0,0.0,20,17890.0,0.0,41,15376.0,0.0,2,541.0,0.0,93,61393.0,-11.625
1295.0,93,67180.0,722.3655913978495,0.0,30,27616.0,0.0,20,17899.0,0.0,41,15381.0,0.0,2,541.0,0.0,93,61437.0,-11.625
1300.0,93,67645.0,727.3655913978495,0.0,30,27650.0,0.0,20,17902.0,0.0,41,15386.0,0.0,2,541.0,0.0,93,61479.0,-11.625
1305.0,93,68110.0,732.3655913978495,0.0,30,27684.0,0.0,20,17902.0,0.0,41,15391.0,0.0,2,541.0,0.0,93,61518.0,-11.625
1310.0,93,68575.0,737.3655913978495,0.0,30,27704.0,0.0,20,17902.0,0.0,41,15396.0,0.0,2,541.0,0.0,93,61543.0,-11.625
1315.0,93,69040.0,742.3655913978495,0.0,30,27706.0,0.0,20,17902.0,0.0,41,15401.0,0.0,2,541.0,0.0,93,61550.0,-11.625
1320.0,93,69505.0,747.3655913978495,0.0,30,27706.0,0.0,20,17902.0,0.0,41,15406.0,0.0,2,541.0,0.0,93,61555.0,-11.625
1325.0,93,69970.0,752.3655913978495,0.0,30,27706.0,0.0,20,17902.0,0.0,41,15418.0,0.0,2,541.0,0.0,93,61567.0,-11.625
1330.0,93,70435.0,757.3655913978495,0.0,30,27706.0,0.0,20,17902.0,0.0,41,15446.0,0.0,2,541.0,0.0,93,61595.0,-11.625
1335.0,93,70900.0,762.3655913978495,0.0,30,27706.0,0.0,20,17907.0,0.0,41,15489.0,0.0,2,548.0,0.0,93,61650.0,-11.625
1340.0,93,71365.0,767.3655913978495,0.0,30,27706.0,0.0,20,17917.0,0.0,41,15538.0,0.0,2,558.0,0.0,93,61719.0,-11.625
1345.0,93,71830.0,772.3655913978495,0.0,30,27706.0,0.0,20,17937.0,0.0,41,15581.0,0.0,2,567.0,0.0,93,61791.0,-11.625
1350.0,93,72295.0,777.3655913978495,0.0,30,27706.0,0.0,20,17978.0,0.0,41,15615.0,0.0,2,567.0,0.0,93,61866.0,-11.625
1355.0,93,72760.0,782.3655913978495,0.0,30,27706.0,0.0,20,18025.0,0.0,41,15658.0,0.0,2,567.0,0.0,93,61956.0,-11.625
1360.0,93,73225.0,787.3655913978495,0.0,30,27706.0,0.0,20,18064.0,0.0,41,15710.0,0.0,2,567.0,0.0,93,62047.0,-11.625
1365.0,93,73690.0,792.3655913978495,0.0,30,27707.0,0.0,20,18102.0,0.0,41,15774.0,0.0,2,567.0,0.0,93,62150.0,-11.625
1370.0,93,74155.0,797.3655913978495,0.0,30,27727.0,0.0,20,18127.0,0.0,41,15837.0,0.0,2,567.0,0.0,93,62258.0,-11.625
1375.0,93,74620.0,802.3655913978495,0.0,30,27755.0,0.0,20,18136.0,0.0,41,15905.0,0.0,2,567.0,0.0,93,62363.0,-11.625
1380.0,93,75085.0,807.3655913978495,0.0,30,27786.0,0.0,20,18136.0,0.0,41,15967.0,0.0,2,567.0,0.0,93,62456.0,-11.625
1385.0,93,75550.0,812.3655913978495,0.0,30,27807.0,0.0,20,18136.0,0.0,41,16011.0,0.0,2,567.0,0.0,93,62521.0,-11.625
1390.0,93,76015.0,817.3655913978495,0.0,30,27812.0,0.0,20,18136.0,0.0,41,16056.0,0.0,2,567.0,0.0,93,62571.0,-11.625
1395.0,93,76480.0,822.3655913978495,0.0,30,27812.0,0.0,20,18136.0,0.0,41,16077.0,0.0,2,567.0,0.0,93,62592.0,-11.625
1400.0,93,76945.0,827.3655913978495,0.0,30,27812.0,0.0,20,18136.0,0.0,41,16084.0,0.0,2,567.0,0.0,93,62599.0,-11.625
1405.0,93,77410.0,832.3655913978495,0.0,30,27812.0,0.0,20,18136.0,0.0,41,16089.0,0.0,2,567.0,0.0,93,62604.0,-11.625
1410.0,93,77875.0,837.3655913978495,0.0,30,27812.0,0.0,20,18136.0,0.0,41,16109.0,0.0,2,567.0,0.0,93,62624.0,-11.625
1415.0,93,78340.0,842.3655913978495,0.0,30,27812.0,0.0,20,18136.0,0.0,41,16141.0,0.0,2,567.0,0.0,93,62656.0,-11.625
1420.0,93,78805.0,847.3655913978495,0.0,30,27812.0,0.0,20,18136.0,0.0,41,16183.0,0.0,2,567.0,0.0,93,62698.0,-11.625
1425.0,93,79270.0,852.3655913978495,0.0,30,27812.0,0.0,20,18136.0,0.0,41,16247.0,0.0,2,567.0,0.0,93,62762.0,-11.625
1430.0,93,79735.0,857.3655913978495,0.0,30,27812.0,0.0,20,18136.0,0.0,41,16332.0,0.0,2,567.0,0.0,93,62847.0,-11.625
1435.0,93,80200.0,862.3655913978495,0.0,30,27812.0,0.0,20,18136.0,0.0,41,16411.0,0.0,2,567.0,0.0,93,62926.0,-11.625
1440.0,93,80665.0,867.3655913978495,0.0,30,27812.0,0.0,20,18136.0,0.0,41,16454.0,0.0,2,567.0,0.0,93,62969.0,-11.625
1445.0,93,81130.0,872.3655913978495,0.0,30,27812.0,0.0,20,18136.0,0.0,41,16483.0,0.0,2,567.0,0.0,93,62998.0,-11.625
1450.0,93,81595.0,877.3655913978495,0.0,30,27812.0,0.0,20,18136.0,0.0,41,16497.0,0.0,2,567.0,0.0,93,63012.0,-11.625
1455.0,93,82060.0,882.3655913978495,0.0,30,27812.0,0.0,20,18136.0,0.0,41,16500.0,0.0,2,567.0,0.0,93,63015.0,-11.625
1460.0,93,82525.0,887.3655913978495,0.0,30,27812.0,0.0,20,18136.0,0.0,41,16500.0,0.0,2,567.0,0.0,93,63015.0,-11.625
1465.0,93,82990.0,892.3655913978495,0.0,30,27812.0,0.0,20,18136.0,0.0,41,16500.0,0.0,2,567.0,0.0,93,63015.0,-11.625
1470.0,93,83455.0,897.3655913978495,0.0,30,27812.0,0.0,20,18136.0,0.0,41,16500.0,0.0,2,567.0,0.0,93,63015.0,-11.625
1475.0,93,83920.0,902.3655913978495,0.0,30,27812.0,0.0,20,18136.0,0.0,41,16500.0,0.0,2,567.0,0.0,93,63015.0,-11.625
1480.0,93,84385.0,907.3655913978495,0.0,30,27812.0,0.0,20,18136.0,0.0,41,16503.0,0.0,2,567.0,0.0,93,63018.0,-11.625
1485.0,93,84850.0,912.3655913978495,0.0,30,27812.0,0.0,20,18136.0,0.0,41,16524.0,0.0,2,567.0,0.0,93,63039.0,-11.625
1490.0,93,85315.0,917.3655913978495,0.0,30,27812.0,0.0,20,18136.0,0.0,41,16546.0,0.0,2,567.0,0.0,93,63061.0,-11.625
1495.0,93,85780.0,922.3655913978495,0.0,30,27812.0,0.0,20,18136.0,0.0,41,16559.0,0.0,2,567.0,0.0,93,63074.0,-11.625
1500.0,93,86245.0,927.3655913978495,0.0,30,27812.0,0.0,20,18136.0,0.0,41,16569.0,0.0,2,567.0,0.0,93,63084.0,-11.625
1505.0,93,86710.0,932.3655913978495,0.0,30,27812.0,0.0,20,18136.0,0.0,41,16570.0,0.0,2,567.0,0.0,93,63085.0,-11.625
1510.0,93,87175.0,937.3655913978495,0.0,30,27817.0,0.0,20,18136.0,0.0,41,16570.0,0.0,2,567.0,0.0,93,63090.0,-11.625
1515.0,93,87640.0,942.3655913978495,0.0,30,27833.0,0.0,20,18136.0,0.0,41,16571.0,0.0,2,567.0,0.0,93,63107.0,-11.625
1520.0,93,88105.0,947.3655913978495,0.0,30,27846.0,0.0,20,18136.0,0.0,41,16590.0,0.0,2,567.0,0.0,93,63139.0,-11.625
1525.0,93,88570.0,952.3655913978495,0.0,30,27853.0,0.0,20,18136.0,0.0,41,16639.0,0.0,2,567.0,0.0,93,63195.0,-11.625
1530.0,93,89035.0,957.3655913978495,0.0,30,27857.0,0.0,20,18136.0,0.0,41,16707.0,0.0,2,567.0,0.0,93,63267.0,-11.625
1535.0,93,89500.0,962.3655913978495,0.0,30,27857.0,0.0,20,18136.0,0.0,41,16770.0,0.0,2,567.0,0.0,93,63330.0,-11.625
1540.0,93,89965.0,967.3655913978495,0.0,30,27857.0,0.0,20,18136.0,0.0,41,16813.0,0.0,2,567.0,0.0,93,63373.0,-11.625
1545.0,93,90430.0,972.3655913978495,0.0,30,27857.0,0.0,20,18136.0,0.0,41,16829.0,0.0,2,567.0,0.0,93,63389.0,-11.625
1550.0,93,90895.0,977.3655913978495,0.0,30,27857.0,0.0,20,18136.0,0.0,41,16830.0,0.0,2,567.0,0.0,93,63390.0,-11.625
1555.0,93,91360.0,982.3655913978495,0.0,30,27857.0,0.0,20,18136.0,0.0,41,16830.0,0.0,2,567.0,0.0,93,63390.0,-11.625
1560.0,93,91825.0,987.3655913978495,0.0,30,27857.0,0.0,20,18136.0,0.0,41,16830.0,0.0,2,567.0,0.0,93,63390.0,-11.625
1565.0,93,92290.0,992.3655913978495,0.0,30,27857.0,0.0,20,18136.0,0.0,41,16830.0,0.0,2,567.0,0.0,93,63390.0,-11.625
1570.0,87,87909.0,945.258064516129,0.21388809059104097,30,27857.0,0.0,20,18136.0,0.0,35,15438.0,0.014261564631859867,2,567.0,0.0,87,61998.0,-10.875
1575.0,77,80424.0,874.1739130434783,0.9995603269946022,30,27857.0,0.0,20,18136.0,0.0,25,13401.0,0.06646662467162073,2,554.0,0.44146727154630583,77,59948.0,-9.625
1580.0,71,76044.0,854.4269662921348,1.6700646801510426,30,27857.0,0.0,20,18136.0,0.0,19,10944.0,0.13283640350391188,2,537.0,0.5631261519269244,71,57474.0,-8.875
1585.0,69,75124.0,873.5348837209302,1.929400264803627,30,27857.0,0.0,20,18136.0,0.0,17,9236.0,0.16223060097003528,2,517.0,0.6291872834079024,69,55746.0,-8.625
1590.0,69,75469.0,887.8705882352941,1.955191086939413,30,27857.0,0.0,20,18131.0,0.03229087133689304,17,8138.0,0.10831140130828895,2,512.0,0.628139468722758,69,54638.0,-8.625
1595.0,69,75814.0,924.560975609756,1.7156451317162342,30,27857.0,0.0,20,18126.0,0.044584487078539556,17,7405.0,0.061040977996081006,2,527.0,0.5915255117012602,69,53915.0,-8.625
1600.0,69,76159.0,940.2345679012345,1.8749924259329769,30,27857.0,0.0,20,18136.0,0.0,17,7079.0,0.0,2,507.0,0.666292672433763,69,53579.0,-8.625
1605.0,69,76504.0,980.8205128205128,1.4031913414126016,30,27857.0,0.0,20,18136.0,0.0,17,7079.0,0.0,2,532.0,0.5818121085136865,69,53604.0,-8.625
1610.0,69,76849.0,1038.5,0.8703441861837126,30,27857.0,0.0,20,18136.0,0.0,17,7079.0,0.0,2,567.0,0.0,69,53639.0,-8.625
1615.0,69,77194.0,1087.2394366197184,0.3551003849210174,30,27857.0,0.0,20,18136.0,0.0,17,7079.0,0.0,2,567.0,0.0,69,53639.0,-8.625
1620.0,69,77539.0,1107.7,0.19300399250962744,30,27857.0,0.0,20,18136.0,0.0,17,7079.0,0.0,2,567.0,0.0,69,53639.0,-8.625
1625.0,69,77884.0,1128.7536231884058,0.0,30,27857.0,0.0,20,18136.0,0.0,17,7079.0,0.0,2,567.0,0.0,69,53639.0,-8.625
1630.0,69,78229.0,1133.7536231884058,0.0,30,27857.0,0.0,20,18136.0,0.0,17,7079.0,0.0,2,567.0,0.0,69,53639.0,-8.625
1635.0,69,78574.0,1138.7536231884058,0.0,30,27857.0,0.0,20,18136.0,0.0,17,7079.0,0.0,2,567.0,0.0,69,53639.0,-8.625
1640.0,69,78919.0,1143.7536231884058,0.0,30,27857.0,0.0,20,18136.0,0.0,17,7079.0,0.0,2,567.0,0.0,69,53639.0,-8.625
1645.0,69,79264.0,1148.7536231884058,0.0,30,27857.0,0.0,20,18136.0,0.0,17,7079.0,0.0,2,567.0,0.0,69,53639.0,-8.625
1650.0,69,79609.0,1153.7536231884058,0.0,30,27857.0,0.0,20,18136.0,0.0,17,7079.0,0.0,2,567.0,0.0,69,53639.0,-8.625
1655.0,69,79954.0,1158.7536231884058,0.0,30,27857.0,0.0,20,18136.0,0.0,17,7079.0,0.0,2,567.0,0.0,69,53639.0,-8.625
1660.0,69,80299.0,1163.7536231884058,0.0,30,27857.0,0.0,20,18136.0,0.0,17,7079.0,0.0,2,567.0,0.0,69,53639.0,-8.625
1665.0,69,80644.0,1168.7536231884058,0.0,30,27857.0,0.0,20,18136.0,0.0,17,7079.0,0.0,2,567.0,0.0,69,53639.0,-8.625
1670.0,69,80989.0,1173.7536231884058,0.0,30,27857.0,0.0,20,18136.0,0.0,17,7079.0,0.0,2,567.0,0.0,69,53639.0,-8.625
1675.0,69,81334.0,1178.7536231884058,0.0,30,27857.0,0.0,20,18136.0,0.0,17,7079.0,0.0,2,567.0,0.0,69,53639.0,-8.625
1680.0,69,81679.0,1183.7536231884058,0.0,30,27857.0,0.0,20,18136.0,0.0,17,7079.0,0.0,2,567.0,0.0,69,53639.0,-8.625
1685.0,69,82024.0,1188.7536231884058,0.0,30,27857.0,0.0,20,18136.0,0.0,17,7079.0,0.0,2,567.0,0.0,69,53639.0,-8.625
1690.0,69,82369.0,1193.7536231884058,0.0,30,27857.0,0.0,20,18136.0,0.0,17,7079.0,0.0,2,567.0,0.0,69,53639.0,-8.625
1695.0,69,82714.0,1198.7536231884058,0.0,30,27857.0,0.0,20,18136.0,0.0,17,7079.0,0.0,2,567.0,0.0,69,53639.0,-8.625
1700.0,69,83059.0,1203.7536231884058,0.0,30,27857.0,0.0,20,18136.0,0.0,17,7079.0,0.0,2,567.0,0.0,69,53639.0,-8.625
1705.0,69,83404.0,1208.7536231884058,0.0,30,27857.0,0.0,20,18136.0,0.0,17,7083.0,0.0,2,567.0,0.0,69,53643.0,-8.625
1710.0,69,83749.0,1213.7536231884058,0.0,30,27857.0,0.0,20,18136.0,0.0,17,7097.0,0.0,2,572.0,0.0,69,53662.0,-8.625
1715.0,69,84094.0,1218.7536231884058,0.0,30,27857.0,0.0,20,18136.0,0.0,17,7111.0,0.0,2,582.0,0.0,69,53686.0,-8.625
1720.0,69,84439.0,1223.7536231884058,0.0,30,27857.0,0.0,20,18136.0,0.0,17,7114.0,0.0,2,586.0,0.0,69,53693.0,-8.625
1725.0,69,84784.0,1228.7536231884058,0.0,30,27857.0,0.0,20,18136.0,0.0,17,7114.0,0.0,2,586.0,0.0,69,53693.0,-8.625
1730.0,69,85129.0,1233.7536231884058,0.0,30,27857.0,0.0,20,18136.0,0.0,17,7114.0,0.0,2,586.0,0.0,69,53693.0,-8.625
1735.0,69,85474.0,1238.7536231884058,0.0,30,27857.0,0.0,20,18136.0,0.0,17,7114.0,0.0,2,586.0,0.0,69,53693.0,-8.625
1740.0,69,85819.0,1243.7536231884058,0.0,30,27857.0,0.0,20,18136.0,0.0,17,7114.0,0.0,2,586.0,0.0,69,53693.0,-8.625
1745.0,69,86164.0,1248.7536231884058,0.0,30,27857.0,0.0,20,18136.0,0.0,17,7114.0,0.0,2,586.0,0.0,69,53693.0,-8.625
1750.0,69,86509.0,1253.7536231884058,0.0,30,27857.0,0.0,20,18136.0,0.0,17,7114.0,0.0,2,586.0,0.0,69,53693.0,-8.625
1755.0,69,86854.0,1258.7536231884058,0.0,30,27857.0,0.0,20,18136.0,0.0,17,7114.0,0.0,2,586.0,0.0,69,53693.0,-8.625
1760.0,69,87199.0,1263.7536231884058,0.0,30,27857.0,0.0,20,18136.0,0.0,17,7116.0,0.0,2,587.0,0.0,69,53696.0,-8.625
1765.0,69,87544.0,1268.7536231884058,0.0,30,27857.0,0.0,20,18136.0,0.0,17,7121.0,0.0,2,597.0,0.0,69,53711.0,-8.625
1770.0,69,87889.0,1273.7536231884058,0.0,30,27857.0,0.0,20,18136.0,0.0,17,7126.0,0.0,2,607.0,0.0,69,53726.0,-8.625
1775.0,69,88234.0,1278.7536231884058,0.0,30,27857.0,0.0,20,18136.0,0.0,17,7127.0,0.0,2,612.0,0.0,69,53732.0,-8.625
1780.0,69,88579.0,1283.7536231884058,0.0,30,27857.0,0.0,20,18136.0,0.0,17,7127.0,0.0,2,612.0,0.0,69,53732.0,-8.625
1785.0,69,88924.0,1288.7536231884058,0.0,30,27857.0,0.0,20,18136.0,0.0,17,7127.0,0.0,2,612.0,0.0,69,53732.0,-8.625
1790.0,69,89269.0,1293.7536231884058,0.0,30,27857.0,0.0,20,18136.0,0.0,17,7127.0,0.0,2,612.0,0.0,69,53732.0,-8.625
1795.0,69,89614.0,1298.7536231884058,0.0,30,27857.0,0.0,20,18136.0,0.0,17,7127.0,0.0,2,612.0,0.0,69,53732.0,-8.625
1800.0,69,89959.0,1303.7536231884058,0.0,30,27857.0,0.0,20,18136.0,0.0,17,7127.0,0.0,2,612.0,0.0,69,53732.0,-8.625
1805.0,69,90304.0,1308.7536231884058,0.0,30,27857.0,0.0,20,18136.0,0.0,17,7127.0,0.0,2,612.0,0.0,69,53732.0,-8.625
1810.0,69,90649.0,1313.7536231884058,0.0,30,27857.0,0.0,20,18136.0,0.0,17,7127.0,0.0,2,612.0,0.0,69,53732.0,-8.625
1815.0,69,90994.0,1318.7536231884058,0.0,30,27857.0,0.0,20,18136.0,0.0,17,7127.0,0.0,2,612.0,0.0,69,53732.0,-8.625
1820.0,69,91339.0,1323.7536231884058,0.0,30,27857.0,0.0,20,18136.0,0.0,17,7127.0,0.0,2,612.0,0.0,69,53732.0,-8.625
1825.0,69,91684.0,1328.7536231884058,0.0,30,27857.0,0.0,20,18136.0,0.0,17,7127.0,0.0,2,612.0,0.0,69,53732.0,-8.625
1830.0,69,92029.0,1333.7536231884058,0.0,30,27857.0,0.0,20,18136.0,0.0,17,7127.0,0.0,2,612.0,0.0,69,53732.0,-8.625
1835.0,69,92374.0,1338.7536231884058,0.0,30,27857.0,0.0,20,18136.0,0.0,17,7127.0,0.0,2,612.0,0.0,69,53732.0,-8.625
1840.0,69,92719.0,1343.7536231884058,0.0,30,27857.0,0.0,20,18136.0,0.0,17,7127.0,0.0,2,612.0,0.0,69,53732.0,-8.625
1845.0,69,93064.0,1348.7536231884058,0.0,30,27857.0,0.0,20,18136.0,0.0,17,7127.0,0.0,2,612.0,0.0,69,53732.0,-8.625
1850.0,69,93409.0,1353.7536231884058,0.0,30,27857.0,0.0,20,18136.0,0.0,17,7127.0,0.0,2,612.0,0.0,69,53732.0,-8.625
1855.0,69,93754.0,1358.7536231884058,0.0,30,27857.0,0.0,20,18136.0,0.0,17,7127.0,0.0,2,612.0,0.0,69,53732.0,-8.625
1860.0,69,94099.0,1363.7536231884058,0.0,30,27857.0,0.0,20,18136.0,0.0,17,7127.0,0.0,2,612.0,0.0,69,53732.0,-8.625
1865.0,69,94444.0,1368.7536231884058,0.0,30,27857.0,0.0,20,18136.0,0.0,17,7127.0,0.0,2,612.0,0.0,69,53732.0,-8.625
1870.0,69,94789.0,1373.7536231884058,0.0,30,27857.0,0.0,20,18136.0,0.0,17,7127.0,0.0,2,612.0,0.0,69,53732.0,-8.625
1875.0,69,95134.0,1378.7536231884058,0.0,30,27857.0,0.0,20,18136.0,0.0,17,7127.0,0.0,2,612.0,0.0,69,53732.0,-8.625
1880.0,69,95479.0,1383.7536231884058,0.0,30,27857.0,0.0,20,18136.0,0.0,17,7127.0,0.0,2,612.0,0.0,69,53732.0,-8.625
1885.0,69,95824.0,1388.7536231884058,0.0,30,27857.0,0.0,20,18136.0,0.0,17,7127.0,0.0,2,612.0,0.0,69,53732.0,-8.625
1890.0,69,96169.0,1393.7536231884058,0.0,30,27857.0,0.0,20,18136.0,0.0,17,7127.0,0.0,2,612.0,0.0,69,53732.0,-8.625
1895.0,69,96514.0,1398.7536231884058,0.0,30,27857.0,0.0,20,18136.0,0.0,17,7127.0,0.0,2,612.0,0.0,69,53732.0,-8.625
1900.0,69,96859.0,1403.7536231884058,0.0,30,27857.0,0.0,20,18136.0,0.0,17,7127.0,0.0,2,612.0,0.0,69,53732.0,-8.625
1905.0,69,97204.0,1408.7536231884058,0.0,30,27857.0,0.0,20,18136.0,0.0,17,7127.0,0.0,2,612.0,0.0,69,53732.0,-8.625
1910.0,69,97549.0,1413.7536231884058,0.0,30,27857.0,0.0,20,18136.0,0.0,17,7127.0,0.0,2,612.0,0.0,69,53732.0,-8.625
1915.0,69,97894.0,1418.7536231884058,0.0,30,27857.0,0.0,20,18136.0,0.0,17,7127.0,0.0,2,612.0,0.0,69,53732.0,-8.625
1920.0,69,98239.0,1423.7536231884058,0.0,30,27857.0,0.0,20,18136.0,0.0,17,7127.0,0.0,2,612.0,0.0,69,53732.0,-8.625
1925.0,69,98584.0,1428.7536231884058,0.0,30,27857.0,0.0,20,18136.0,0.0,17,7127.0,0.0,2,612.0,0.0,69,53732.0,-8.625
1930.0,69,98929.0,1433.7536231884058,0.0,30,27857.0,0.0,20,18136.0,0.0,17,7127.0,0.0,2,612.0,0.0,69,53732.0,-8.625
1935.0,69,99274.0,1438.7536231884058,0.0,30,27857.0,0.0,20,18136.0,0.0,17,7127.0,0.0,2,612.0,0.0,69,53732.0,-8.625
1940.0,69,99619.0,1443.7536231884058,0.0,30,27857.0,0.0,20,18136.0,0.0,17,7127.0,0.0,2,612.0,0.0,69,53732.0,-8.625
1945.0,69,99964.0,1448.7536231884058,0.0,30,27857.0,0.0,20,18136.0,0.0,17,7127.0,0.0,2,612.0,0.0,69,53732.0,-8.625
1950.0,69,100309.0,1453.7536231884058,0.0,30,27857.0,0.0,20,18136.0,0.0,17,7127.0,0.0,2,612.0,0.0,69,53732.0,-8.625
1955.0,69,100654.0,1458.7536231884058,0.0,30,27857.0,0.0,20,18136.0,0.0,17,7132.0,0.0,2,612.0,0.0,69,53737.0,-8.625
1960.0,69,100999.0,1463.7536231884058,0.0,30,27857.0,0.0,20,18136.0,0.0,17,7147.0,0.0,2,612.0,0.0,69,53752.0,-8.625
1965.0,69,101344.0,1468.7536231884058,0.0,30,27857.0,0.0,20,18136.0,0.0,17,7173.0,0.0,2,612.0,0.0,69,53778.0,-8.625
1970.0,69,101689.0,1473.7536231884058,0.0,30,27857.0,0.0,20,18136.0,0.0,17,7200.0,0.0,2,619.0,0.0,69,53812.0,-8.625
1975.0,69,102034.0,1478.7536231884058,0.0,30,27857.0,0.0,20,18136.0,0.0,17,7217.0,0.0,2,629.0,0.0,69,53839.0,-8.625
1980.0,69,102379.0,1483.7536231884058,0.0,30,27857.0,0.0,20,18136.0,0.0,17,7221.0,0.0,2,639.0,0.0,69,53853.0,-8.625
1985.0,69,102724.0,1488.7536231884058,0.0,30,27857.0,0.0,20,18136.0,0.0,17,7221.0,0.0,2,643.0,0.0,69,53857.0,-8.625
1990.0,69,103069.0,1493.7536231884058,0.0,30,27857.0,0.0,20,18136.0,0.0,17,7221.0,0.0,2,643.0,0.0,69,53857.0,-8.625
1995.0,69,103414.0,1498.7536231884058,0.0,30,27857.0,0.0,20,18136.0,0.0,17,7221.0,0.0,2,643.0,0.0,69,53857.0,-8.625
2000.0,69,103759.0,1503.7536231884058,0.0,30,27857.0,0.0,20,18136.0,0.0,17,7221.0,0.0,2,643.0,0.0,69,53857.0,-8.625
